# This file uses meters as units for non-parametric coordinates.

mtllib AlienJangler_blockedMap.mtl
g default
v -991.623466 -1.966325 765.311469
v -1035.563872 -21.210110 774.373685
v -1032.596599 9.926990 746.726413
v -1016.946257 -9.316793 753.825276
v -1062.720532 -9.316793 779.974445
v -1065.687807 -1.966325 807.621717
v -1024.250726 37.133070 772.079576
v -1060.886663 9.926990 762.887491
v -1016.946257 29.170775 753.825276
v -1062.720532 29.170775 779.974445
v -992.241253 8.179354 768.957153
v -1021.747400 -21.210110 798.559501
v -996.424610 9.926990 810.045695
v -994.590740 -9.316793 792.958741
v -1040.365016 -9.316793 819.107910
v -1063.674247 10.527830 806.471444
v -1010.434254 37.133070 796.265392
v -1024.714673 9.926990 826.206774
v -993.972954 28.423962 789.313056
v -1042.378576 24.078697 820.258183
vt 1.000000 0.431743
vt 0.250000 0.136446
vt 0.191930 0.548443
vt 0.125000 0.347549
vt 0.375000 0.347549
vt 0.500000 0.431743
vt 0.250000 0.899086
vt 0.308070 0.548443
vt 0.125000 0.732372
vt 0.375000 0.732372
vt 1.000000 0.659117
vt 0.750000 0.136446
vt 0.808070 0.548443
vt 0.875000 0.347549
vt 0.625000 0.347549
vt 0.500000 0.659117
vt 0.750000 0.899086
vt 0.691930 0.548443
vt 0.875000 0.732372
vt 0.625000 0.732372
vt 1.250000 0.899086
vt 1.125000 0.732372
vt 1.250000 0.136446
vt 1.125000 0.347549
vt 1.191930 0.548443
vn 0.553919 0.759948 -0.340078
vn 0.553918 0.759948 -0.340078
vn 0.553918 0.759948 -0.340078
vn 0.553919 0.759948 -0.340078
vn 0.553919 0.759948 -0.340078
vn 0.393443 0.605052 0.692181
vn 0.393443 0.605052 0.692181
vn 0.393443 0.605052 0.692181
vn 0.393443 0.605052 0.692181
vn 0.393443 0.605052 0.692181
vn -0.326063 0.912224 0.248055
vn -0.326063 0.912224 0.248055
vn -0.326063 0.912224 0.248055
vn -0.326063 0.912224 0.248055
vn -0.326063 0.912224 0.248055
vn -0.370708 0.664433 -0.648926
vn -0.370708 0.664433 -0.648926
vn -0.370708 0.664433 -0.648926
vn -0.370708 0.664433 -0.648926
vn -0.370708 0.664433 -0.648926
vn 0.357121 -0.911507 -0.204010
vn 0.357121 -0.911507 -0.204010
vn 0.357121 -0.911507 -0.204010
vn 0.357121 -0.911507 -0.204010
vn 0.357121 -0.911507 -0.204010
vn -0.357121 -0.911507 0.204010
vn -0.357121 -0.911507 0.204010
vn -0.357121 -0.911507 0.204010
vn -0.357121 -0.911507 0.204010
vn -0.357121 -0.911507 0.204010
vn 0.994649 -0.002065 0.103290
vn 0.994649 -0.002065 0.103290
vn 0.994649 -0.002065 0.103290
vn 0.994649 -0.002065 0.103290
vn 0.994649 -0.002065 0.103290
vn 0.461475 0.048530 -0.885825
vn 0.461475 0.048530 -0.885825
vn 0.461475 0.048530 -0.885825
vn 0.461475 0.048530 -0.885825
vn 0.461475 0.048530 -0.885825
vn -0.401837 -0.586285 -0.703418
vn -0.401837 -0.586285 -0.703418
vn -0.401837 -0.586285 -0.703418
vn -0.401837 -0.586285 -0.703418
vn -0.401837 -0.586285 -0.703418
vn -0.996617 0.025638 -0.078088
vn -0.996617 0.025638 -0.078089
vn -0.996617 0.025638 -0.078088
vn -0.996617 0.025638 -0.078089
vn -0.996617 0.025638 -0.078088
vn 0.401837 -0.586285 0.703418
vn 0.401837 -0.586285 0.703418
vn 0.401837 -0.586285 0.703418
vn 0.401837 -0.586285 0.703418
vn 0.401837 -0.586285 0.703418
vn -0.437990 -0.017797 0.898804
vn -0.437990 -0.017797 0.898804
vn -0.437990 -0.017797 0.898804
vn -0.437990 -0.017797 0.898804
vn -0.437990 -0.017797 0.898804
s off
g pPlatonic10
usemtl lambert7SG
f 7/21/1 17/17/2 19/19/3 11/11/4 9/22/5
f 18/18/6 13/13/7 19/19/8 17/17/9 20/20/10
f 16/16/11 20/20/12 17/17/13 7/7/14 10/10/15
f 3/3/16 8/8/17 10/10/18 7/7/19 9/9/20
f 12/12/21 2/23/22 4/24/23 1/1/24 14/14/25
f 2/2/26 12/12/27 15/15/28 6/6/29 5/5/30
f 14/14/31 1/1/32 11/11/33 19/19/34 13/13/35
f 1/1/36 4/24/37 3/25/38 9/22/39 11/11/40
f 2/2/41 5/5/42 8/8/43 3/3/44 4/4/45
f 5/5/46 6/6/47 16/16/48 10/10/49 8/8/50
f 12/12/51 14/14/52 13/13/53 18/18/54 15/15/55
f 6/6/56 15/15/57 18/18/58 20/20/59 16/16/60
g default
v 672.658314 2.744699 988.801044
v 659.244270 -3.130007 991.567541
v 660.150113 6.375468 983.127433
v 664.927820 0.500762 985.294561
v 650.953936 0.500762 993.277330
v 650.048092 2.744699 1001.717437
v 662.697926 14.680889 990.867199
v 651.513776 6.375468 988.061057
v 664.927820 12.250174 985.294561
v 650.953936 12.250174 993.277330
v 672.469717 5.841953 989.913992
v 663.462136 -3.130007 998.950941
v 671.192630 6.375468 1002.457424
v 671.752470 0.500762 997.241151
v 657.778586 0.500762 1005.223920
v 650.662788 6.558891 1001.366284
v 666.915792 14.680889 998.250599
v 662.556293 6.375468 1007.391048
v 671.941067 12.022189 996.128204
v 657.163890 10.695674 1005.575074
vt 1.000000 0.431743
vt 0.250000 0.136446
vt 0.191930 0.548443
vt 0.125000 0.347549
vt 0.375000 0.347549
vt 0.500000 0.431743
vt 0.250000 0.899086
vt 0.308070 0.548443
vt 0.125000 0.732372
vt 0.375000 0.732372
vt 1.000000 0.659117
vt 0.750000 0.136446
vt 0.808070 0.548443
vt 0.875000 0.347549
vt 0.625000 0.347549
vt 0.500000 0.659117
vt 0.750000 0.899086
vt 0.691930 0.548443
vt 0.875000 0.732372
vt 0.625000 0.732372
vt 1.250000 0.899086
vt 1.125000 0.732372
vt 1.250000 0.136446
vt 1.125000 0.347549
vt 1.191930 0.548443
vn 0.553919 0.759948 -0.340078
vn 0.553919 0.759948 -0.340078
vn 0.553919 0.759948 -0.340078
vn 0.553919 0.759948 -0.340078
vn 0.553919 0.759948 -0.340078
vn 0.393443 0.605052 0.692181
vn 0.393443 0.605052 0.692181
vn 0.393443 0.605052 0.692181
vn 0.393443 0.605052 0.692181
vn 0.393443 0.605052 0.692181
vn -0.326063 0.912224 0.248055
vn -0.326063 0.912224 0.248055
vn -0.326063 0.912224 0.248055
vn -0.326063 0.912224 0.248055
vn -0.326063 0.912224 0.248055
vn -0.370708 0.664433 -0.648926
vn -0.370708 0.664433 -0.648926
vn -0.370708 0.664433 -0.648926
vn -0.370708 0.664433 -0.648926
vn -0.370708 0.664433 -0.648926
vn 0.357121 -0.911507 -0.204010
vn 0.357121 -0.911507 -0.204010
vn 0.357121 -0.911507 -0.204010
vn 0.357121 -0.911507 -0.204010
vn 0.357121 -0.911507 -0.204010
vn -0.357121 -0.911507 0.204010
vn -0.357121 -0.911507 0.204010
vn -0.357121 -0.911507 0.204010
vn -0.357121 -0.911507 0.204010
vn -0.357121 -0.911507 0.204010
vn 0.994649 -0.002065 0.103290
vn 0.994649 -0.002065 0.103290
vn 0.994649 -0.002065 0.103290
vn 0.994649 -0.002065 0.103290
vn 0.994649 -0.002065 0.103290
vn 0.461475 0.048530 -0.885825
vn 0.461475 0.048530 -0.885825
vn 0.461475 0.048530 -0.885825
vn 0.461475 0.048530 -0.885825
vn 0.461475 0.048530 -0.885825
vn -0.401837 -0.586285 -0.703418
vn -0.401837 -0.586285 -0.703418
vn -0.401837 -0.586285 -0.703418
vn -0.401837 -0.586285 -0.703418
vn -0.401837 -0.586285 -0.703418
vn -0.996617 0.025638 -0.078088
vn -0.996617 0.025638 -0.078089
vn -0.996617 0.025638 -0.078088
vn -0.996617 0.025638 -0.078089
vn -0.996617 0.025638 -0.078088
vn 0.401837 -0.586285 0.703418
vn 0.401837 -0.586285 0.703418
vn 0.401837 -0.586285 0.703418
vn 0.401837 -0.586285 0.703418
vn 0.401837 -0.586285 0.703418
vn -0.437990 -0.017797 0.898804
vn -0.437990 -0.017797 0.898804
vn -0.437990 -0.017797 0.898804
vn -0.437990 -0.017797 0.898804
vn -0.437990 -0.017797 0.898804
s off
g pPlatonic4
usemtl lambert7SG
f 27/46/61 37/42/62 39/44/63 31/36/64 29/47/65
f 38/43/66 33/38/67 39/44/68 37/42/69 40/45/70
f 36/41/71 40/45/72 37/42/73 27/32/74 30/35/75
f 23/28/76 28/33/77 30/35/78 27/32/79 29/34/80
f 32/37/81 22/48/82 24/49/83 21/26/84 34/39/85
f 22/27/86 32/37/87 35/40/88 26/31/89 25/30/90
f 34/39/91 21/26/92 31/36/93 39/44/94 33/38/95
f 21/26/96 24/49/97 23/50/98 29/47/99 31/36/100
f 22/27/101 25/30/102 28/33/103 23/28/104 24/29/105
f 25/30/106 26/31/107 36/41/108 30/35/109 28/33/110
f 32/37/111 34/39/112 33/38/113 38/43/114 35/40/115
f 26/31/116 35/40/117 38/43/118 40/45/119 36/41/120
g default
v 2199.857242 -1.927458 -366.794723
v 2190.009890 -6.240125 -364.763818
v 2190.674877 0.737916 -370.959764
v 2194.182228 -3.574750 -369.368859
v 2183.923893 -3.574750 -363.508648
v 2183.258906 -1.927458 -357.312702
v 2192.545245 6.834989 -365.277943
v 2184.334876 0.737916 -367.337954
v 2194.182228 5.050583 -369.368859
v 2183.923893 5.050583 -363.508648
v 2199.718791 0.346259 -365.977700
v 2193.106258 -6.240125 -359.343607
v 2198.781272 0.737916 -356.769471
v 2199.192255 -3.574750 -360.598777
v 2188.933921 -3.574750 -354.738566
v 2183.710159 0.872569 -357.570486
v 2195.641613 6.834989 -359.857733
v 2192.441271 0.737916 -353.147661
v 2199.330705 4.883217 -361.415800
v 2188.482668 3.909413 -354.480782
vt 1.000000 0.431743
vt 0.250000 0.136446
vt 0.191930 0.548443
vt 0.125000 0.347549
vt 0.375000 0.347549
vt 0.500000 0.431743
vt 0.250000 0.899086
vt 0.308070 0.548443
vt 0.125000 0.732372
vt 0.375000 0.732372
vt 1.000000 0.659117
vt 0.750000 0.136446
vt 0.808070 0.548443
vt 0.875000 0.347549
vt 0.625000 0.347549
vt 0.500000 0.659117
vt 0.750000 0.899086
vt 0.691930 0.548443
vt 0.875000 0.732372
vt 0.625000 0.732372
vt 1.250000 0.899086
vt 1.125000 0.732372
vt 1.250000 0.136446
vt 1.125000 0.347549
vt 1.191930 0.548443
vn 0.553919 0.759948 -0.340078
vn 0.553918 0.759948 -0.340078
vn 0.553919 0.759948 -0.340078
vn 0.553919 0.759948 -0.340078
vn 0.553919 0.759948 -0.340078
vn 0.393443 0.605052 0.692181
vn 0.393443 0.605052 0.692181
vn 0.393443 0.605052 0.692181
vn 0.393443 0.605052 0.692181
vn 0.393443 0.605052 0.692181
vn -0.326063 0.912224 0.248055
vn -0.326063 0.912224 0.248055
vn -0.326063 0.912224 0.248055
vn -0.326063 0.912224 0.248055
vn -0.326063 0.912224 0.248055
vn -0.370708 0.664433 -0.648926
vn -0.370708 0.664433 -0.648926
vn -0.370708 0.664433 -0.648926
vn -0.370708 0.664433 -0.648926
vn -0.370708 0.664433 -0.648926
vn 0.357121 -0.911507 -0.204010
vn 0.357121 -0.911507 -0.204010
vn 0.357121 -0.911507 -0.204010
vn 0.357121 -0.911507 -0.204010
vn 0.357121 -0.911507 -0.204010
vn -0.357121 -0.911507 0.204010
vn -0.357121 -0.911507 0.204010
vn -0.357121 -0.911507 0.204010
vn -0.357121 -0.911507 0.204010
vn -0.357121 -0.911507 0.204010
vn 0.994649 -0.002065 0.103290
vn 0.994649 -0.002065 0.103290
vn 0.994649 -0.002065 0.103290
vn 0.994649 -0.002065 0.103290
vn 0.994649 -0.002065 0.103290
vn 0.461475 0.048530 -0.885825
vn 0.461475 0.048530 -0.885825
vn 0.461475 0.048530 -0.885825
vn 0.461475 0.048530 -0.885825
vn 0.461475 0.048530 -0.885825
vn -0.401837 -0.586285 -0.703418
vn -0.401837 -0.586285 -0.703418
vn -0.401837 -0.586285 -0.703418
vn -0.401837 -0.586285 -0.703418
vn -0.401837 -0.586285 -0.703418
vn -0.996617 0.025638 -0.078088
vn -0.996617 0.025638 -0.078089
vn -0.996617 0.025638 -0.078088
vn -0.996617 0.025638 -0.078089
vn -0.996617 0.025638 -0.078088
vn 0.401837 -0.586285 0.703418
vn 0.401837 -0.586285 0.703418
vn 0.401837 -0.586285 0.703418
vn 0.401837 -0.586285 0.703418
vn 0.401837 -0.586285 0.703418
vn -0.437990 -0.017797 0.898803
vn -0.437990 -0.017797 0.898803
vn -0.437990 -0.017797 0.898803
vn -0.437990 -0.017797 0.898803
vn -0.437990 -0.017797 0.898803
s off
g pPlatonic7
usemtl lambert7SG
f 47/71/121 57/67/122 59/69/123 51/61/124 49/72/125
f 58/68/126 53/63/127 59/69/128 57/67/129 60/70/130
f 56/66/131 60/70/132 57/67/133 47/57/134 50/60/135
f 43/53/136 48/58/137 50/60/138 47/57/139 49/59/140
f 52/62/141 42/73/142 44/74/143 41/51/144 54/64/145
f 42/52/146 52/62/147 55/65/148 46/56/149 45/55/150
f 54/64/151 41/51/152 51/61/153 59/69/154 53/63/155
f 41/51/156 44/74/157 43/75/158 49/72/159 51/61/160
f 42/52/161 45/55/162 48/58/163 43/53/164 44/54/165
f 45/55/166 46/56/167 56/66/168 50/60/169 48/58/170
f 52/62/171 54/64/172 53/63/173 58/68/174 55/65/175
f 46/56/176 55/65/177 58/68/178 60/70/179 56/66/180
g default
v 2599.348755 2.744699 -644.470396
v 2585.934711 -3.130007 -641.703900
v 2586.840554 6.375468 -650.144007
v 2591.618261 0.500762 -647.976880
v 2577.644377 0.500762 -639.994111
v 2576.738533 2.744699 -631.554004
v 2589.388367 14.680889 -642.404242
v 2578.204217 6.375468 -645.210384
v 2591.618261 12.250174 -647.976880
v 2577.644377 12.250174 -639.994111
v 2599.160158 5.841953 -643.357449
v 2590.152577 -3.130007 -634.320500
v 2597.883071 6.375468 -630.814016
v 2598.442911 0.500762 -636.030289
v 2584.469027 0.500762 -628.047520
v 2577.353229 6.558891 -631.905157
v 2593.606233 14.680889 -635.020841
v 2589.246734 6.375468 -625.880393
v 2598.631508 12.022189 -637.143237
v 2583.854331 10.695674 -627.696367
vt 1.000000 0.431743
vt 0.250000 0.136446
vt 0.191930 0.548443
vt 0.125000 0.347549
vt 0.375000 0.347549
vt 0.500000 0.431743
vt 0.250000 0.899086
vt 0.308070 0.548443
vt 0.125000 0.732372
vt 0.375000 0.732372
vt 1.000000 0.659117
vt 0.750000 0.136446
vt 0.808070 0.548443
vt 0.875000 0.347549
vt 0.625000 0.347549
vt 0.500000 0.659117
vt 0.750000 0.899086
vt 0.691930 0.548443
vt 0.875000 0.732372
vt 0.625000 0.732372
vt 1.250000 0.899086
vt 1.125000 0.732372
vt 1.250000 0.136446
vt 1.125000 0.347549
vt 1.191930 0.548443
vn 0.553919 0.759948 -0.340078
vn 0.553919 0.759948 -0.340078
vn 0.553919 0.759948 -0.340078
vn 0.553919 0.759948 -0.340078
vn 0.553919 0.759948 -0.340078
vn 0.393443 0.605052 0.692181
vn 0.393443 0.605052 0.692181
vn 0.393443 0.605052 0.692181
vn 0.393443 0.605052 0.692181
vn 0.393443 0.605052 0.692181
vn -0.326063 0.912224 0.248055
vn -0.326063 0.912224 0.248055
vn -0.326063 0.912224 0.248055
vn -0.326063 0.912224 0.248055
vn -0.326063 0.912224 0.248055
vn -0.370708 0.664433 -0.648926
vn -0.370708 0.664433 -0.648926
vn -0.370708 0.664433 -0.648926
vn -0.370708 0.664433 -0.648926
vn -0.370708 0.664433 -0.648926
vn 0.357121 -0.911507 -0.204010
vn 0.357121 -0.911507 -0.204010
vn 0.357121 -0.911507 -0.204010
vn 0.357121 -0.911507 -0.204010
vn 0.357121 -0.911507 -0.204010
vn -0.357121 -0.911507 0.204010
vn -0.357121 -0.911507 0.204010
vn -0.357121 -0.911507 0.204010
vn -0.357121 -0.911507 0.204010
vn -0.357121 -0.911507 0.204010
vn 0.994649 -0.002065 0.103290
vn 0.994649 -0.002065 0.103290
vn 0.994649 -0.002065 0.103290
vn 0.994649 -0.002065 0.103290
vn 0.994649 -0.002065 0.103290
vn 0.461475 0.048530 -0.885825
vn 0.461475 0.048530 -0.885825
vn 0.461475 0.048530 -0.885825
vn 0.461475 0.048530 -0.885825
vn 0.461475 0.048530 -0.885825
vn -0.401837 -0.586285 -0.703418
vn -0.401837 -0.586285 -0.703418
vn -0.401837 -0.586285 -0.703418
vn -0.401837 -0.586285 -0.703418
vn -0.401837 -0.586285 -0.703418
vn -0.996617 0.025638 -0.078088
vn -0.996617 0.025638 -0.078089
vn -0.996617 0.025638 -0.078088
vn -0.996617 0.025638 -0.078089
vn -0.996617 0.025638 -0.078088
vn 0.401837 -0.586285 0.703418
vn 0.401837 -0.586285 0.703418
vn 0.401837 -0.586285 0.703418
vn 0.401837 -0.586285 0.703418
vn 0.401837 -0.586285 0.703418
vn -0.437990 -0.017797 0.898804
vn -0.437990 -0.017797 0.898804
vn -0.437990 -0.017797 0.898804
vn -0.437990 -0.017797 0.898804
vn -0.437990 -0.017797 0.898804
s off
g pPlatonic5
usemtl lambert7SG
f 67/96/181 77/92/182 79/94/183 71/86/184 69/97/185
f 78/93/186 73/88/187 79/94/188 77/92/189 80/95/190
f 76/91/191 80/95/192 77/92/193 67/82/194 70/85/195
f 63/78/196 68/83/197 70/85/198 67/82/199 69/84/200
f 72/87/201 62/98/202 64/99/203 61/76/204 74/89/205
f 62/77/206 72/87/207 75/90/208 66/81/209 65/80/210
f 74/89/211 61/76/212 71/86/213 79/94/214 73/88/215
f 61/76/216 64/99/217 63/100/218 69/97/219 71/86/220
f 62/77/221 65/80/222 68/83/223 63/78/224 64/79/225
f 65/80/226 66/81/227 76/91/228 70/85/229 68/83/230
f 72/87/231 74/89/232 73/88/233 78/93/234 75/90/235
f 66/81/236 75/90/237 78/93/238 80/95/239 76/91/240
g default
v 2571.825139 -0.473785 -625.227814
v 2566.247014 -0.473785 -625.194428
v 2561.753850 -0.473785 -621.888642
v 2560.062078 -0.473785 -616.573273
v 2561.817571 -0.473785 -611.278595
v 2566.349920 -0.473785 -608.026886
v 2571.927923 -0.473785 -608.060150
v 2576.421209 -0.473785 -611.365998
v 2578.113103 -0.473785 -616.681427
v 2576.357488 -0.473785 -621.976166
v 2572.662908 36.383545 -627.859650
v 2565.377874 36.383545 -627.816010
v 2559.509710 36.383545 -623.498627
v 2557.300115 36.383545 -616.556671
v 2559.592718 36.383545 -609.641693
v 2565.512151 36.383545 -605.394989
v 2572.797063 36.383545 -605.438629
v 2578.665227 36.383545 -609.756012
v 2580.875066 36.383545 -616.698029
v 2578.582220 36.383545 -623.612946
v 2572.815374 73.240883 -628.338837
v 2565.219549 73.240883 -628.293305
v 2559.101140 73.240883 -623.791779
v 2556.797185 73.240883 -616.553681
v 2559.187688 73.240883 -609.343720
v 2565.359685 73.240883 -604.915741
v 2572.955388 73.240883 -604.961335
v 2579.073797 73.240883 -609.462860
v 2581.377874 73.240883 -616.700898
v 2578.987249 73.240883 -623.910981
v 2572.167547 105.695534 -626.303498
v 2565.891790 105.695534 -626.265961
v 2560.836736 105.695534 -622.546784
v 2558.933172 105.695534 -616.566498
v 2560.908269 105.695534 -610.609589
v 2566.007513 105.695534 -606.951203
v 2572.283391 105.695534 -606.988739
v 2577.338445 105.695534 -610.707917
v 2579.241888 105.695534 -616.688202
v 2577.266790 105.695534 -622.645172
v 2569.087469 -0.473785 -616.627350
v 2571.182805 112.597672 -623.209931
v 2566.913518 112.597672 -623.184357
v 2563.474554 112.597672 -620.654206
v 2562.179632 112.597672 -616.585907
v 2563.523260 112.597672 -612.533478
v 2566.992254 112.597672 -610.044709
v 2571.261541 112.597672 -610.070282
v 2574.700506 112.597672 -612.600434
v 2575.995428 112.597672 -616.668732
v 2574.651800 112.597672 -620.721222
v 2569.988103 114.171967 -619.456696
v 2568.153142 114.171967 -619.445710
v 2569.087469 114.171967 -616.627350
v 2566.674993 114.171967 -618.358185
v 2566.118352 114.171967 -616.609528
v 2566.695867 114.171967 -614.867707
v 2568.186956 114.171967 -613.797943
v 2570.022039 114.171967 -613.808930
v 2571.500188 114.171967 -614.896454
v 2572.056707 114.171967 -616.645111
v 2571.479192 114.171967 -618.386994
v 2572.159612 67.942490 -613.426545
v 2574.071477 63.475231 -610.803742
v 2574.057073 57.953396 -610.793122
v 2572.122014 53.486141 -613.398835
v 2569.005315 51.779797 -617.625641
v 2565.897649 53.486141 -621.859040
v 2563.985784 57.953396 -624.481842
v 2564.000188 63.475231 -624.492462
v 2565.935247 67.942490 -621.886628
v 2569.051824 69.648834 -617.659882
v 2598.282049 66.920532 -632.645783
v 2603.834051 63.013004 -632.701203
v 2607.609930 58.062069 -637.052399
v 2608.092962 55.578335 -639.864045
v 2605.377752 55.069714 -644.386139
v 2601.868596 55.424519 -648.324250
v 2598.291692 58.341000 -648.033966
v 2591.878240 62.727322 -645.003449
v 2592.057683 66.920532 -641.105988
v 2594.503728 68.413071 -636.385773
v 2597.920843 90.642395 -634.255707
v 2602.575994 90.642395 -634.283600
v 2606.325506 90.642395 -637.042267
v 2607.737615 90.642395 -641.478241
v 2606.272527 90.642395 -645.896759
v 2602.490179 90.642395 -648.610443
v 2597.835027 90.642395 -648.582550
v 2594.085515 90.642395 -645.823883
v 2592.673406 90.642395 -641.387909
v 2594.138494 90.642395 -636.969269
v 2598.651311 95.464233 -636.550446
v 2601.818181 95.464233 -636.569367
v 2604.368963 95.464233 -638.446076
v 2605.329412 95.464233 -641.463776
v 2604.332830 95.464233 -644.469635
v 2601.759588 95.464233 -646.315705
v 2598.592962 95.464233 -646.296784
v 2596.042180 95.464233 -644.419953
v 2595.081487 95.464233 -641.402375
v 2596.078191 95.464233 -638.396393
v 2599.537542 96.564026 -639.334381
v 2600.898626 96.564026 -639.342438
v 2600.205511 96.564026 -641.433014
v 2601.995061 96.564026 -640.149201
v 2602.407903 96.564026 -641.446320
v 2601.979558 96.564026 -642.738312
v 2600.873479 96.564026 -643.531769
v 2599.512395 96.564026 -643.523590
v 2598.415960 96.564026 -642.716950
v 2598.003118 96.564026 -641.419953
v 2598.431463 96.564026 -640.127838
v 2601.998357 62.437428 -648.383820
v 2606.355047 62.780903 -645.321564
v 2608.011053 62.667873 -640.236603
v 2608.044256 59.264622 -640.085602
v 2606.365789 59.188831 -645.247345
v 2601.940740 59.135342 -648.357331
v 2596.415105 54.791920 -645.080597
v 2599.972478 53.046810 -640.409333
v 2602.570745 54.154331 -635.801056
v 2605.688665 54.222759 -638.095124
v 2602.982488 53.359112 -642.623871
v 2598.822698 54.891926 -646.763337
v 2564.501165 74.542000 -620.008515
v 2562.708684 70.353806 -622.467499
v 2562.722356 65.176918 -622.477448
v 2564.536443 60.988724 -620.034455
v 2567.458562 59.388969 -616.071747
v 2570.372014 60.988724 -612.102814
v 2572.164495 65.176918 -609.643830
v 2572.150945 70.353806 -609.633820
v 2570.336736 74.542000 -612.076874
v 2567.414861 76.141754 -616.039643
v 2540.010564 73.583878 -601.989838
v 2534.805364 69.920456 -601.937958
v 2531.265325 65.278801 -597.858551
v 2530.812566 62.950218 -595.222504
v 2533.358221 62.473373 -590.982941
v 2536.648138 62.806007 -587.290863
v 2540.001531 65.540306 -587.563019
v 2546.014348 69.652618 -590.404206
v 2545.846136 73.583878 -594.058197
v 2543.552923 74.983185 -598.483490
v 2540.349309 95.823883 -600.480500
v 2535.984807 95.823883 -600.454377
v 2532.469671 95.823883 -597.867951
v 2531.145696 95.823883 -593.709198
v 2532.519231 95.823883 -589.566681
v 2536.065374 95.823883 -587.022553
v 2540.429754 95.823883 -587.048676
v 2543.945013 95.823883 -589.635041
v 2545.268865 95.823883 -593.793854
v 2543.895330 95.823883 -597.936432
v 2539.664373 100.344505 -598.329132
v 2536.695501 100.344505 -598.311371
v 2534.304021 100.344505 -596.551911
v 2533.403509 100.344505 -593.722748
v 2534.337835 100.344505 -590.904572
v 2536.750310 100.344505 -589.173859
v 2539.719182 100.344505 -589.191681
v 2542.110662 100.344505 -590.951142
v 2543.011175 100.344505 -593.780243
v 2542.076726 100.344505 -596.598542
v 2538.833562 101.375595 -595.719147
v 2537.557561 101.375595 -595.711457
v 2538.207220 101.375595 -593.751496
v 2536.529485 101.375595 -594.955231
v 2536.142400 101.375595 -593.739167
v 2536.544012 101.375595 -592.527863
v 2537.580999 101.375595 -591.783844
v 2538.857122 101.375595 -591.791535
v 2539.885076 101.375595 -592.547882
v 2540.272161 101.375595 -593.763825
v 2539.870550 101.375595 -594.975251
v 2536.526555 69.380836 -587.234955
v 2532.441839 69.702850 -590.105988
v 2530.889348 69.596878 -594.873322
v 2530.858343 66.406227 -595.014862
v 2532.431951 66.335175 -590.175507
v 2536.580511 66.285027 -587.259796
v 2541.760930 62.212929 -590.331879
v 2538.425847 60.576836 -594.711335
v 2535.989812 61.615166 -599.031647
v 2533.066595 61.679321 -596.880951
v 2535.603948 60.869621 -592.635102
v 2539.503728 62.306686 -588.754181
vt 0.626409 0.064409
vt 0.548284 0.007647
vt 0.451716 0.007647
vt 0.373591 0.064409
vt 0.343750 0.156250
vt 0.373591 0.248091
vt 0.451716 0.304853
vt 0.548284 0.304853
vt 0.626409 0.248091
vt 0.656250 0.156250
vt 0.375000 0.312500
vt 0.400000 0.312500
vt 0.425000 0.312500
vt 0.450000 0.312500
vt 0.475000 0.312500
vt 0.500000 0.312500
vt 0.525000 0.312500
vt 0.550000 0.312500
vt 0.575000 0.312500
vt 0.600000 0.312500
vt 0.625000 0.312500
vt 0.375000 0.437500
vt 0.400000 0.437500
vt 0.425000 0.437500
vt 0.450000 0.437500
vt 0.475000 0.437500
vt 0.500000 0.437500
vt 0.525000 0.437500
vt 0.550000 0.437500
vt 0.575000 0.437500
vt 0.600000 0.437500
vt 0.625000 0.437500
vt 0.375000 0.562500
vt 0.400000 0.562500
vt 0.425000 0.562500
vt 0.450000 0.562500
vt 0.475000 0.562500
vt 0.500000 0.562500
vt 0.525000 0.562500
vt 0.550000 0.562500
vt 0.575000 0.562500
vt 0.600000 0.562500
vt 0.625000 0.562500
vt 0.375000 0.687500
vt 0.400000 0.687500
vt 0.425000 0.687500
vt 0.450000 0.687500
vt 0.475000 0.687500
vt 0.500000 0.687500
vt 0.525000 0.687500
vt 0.550000 0.687500
vt 0.575000 0.687500
vt 0.600000 0.687500
vt 0.625000 0.687500
vt 0.626409 0.751909
vt 0.548284 0.695147
vt 0.451716 0.695147
vt 0.373591 0.751909
vt 0.343750 0.843750
vt 0.373591 0.935591
vt 0.451716 0.992353
vt 0.548284 0.992353
vt 0.626409 0.935591
vt 0.656250 0.843750
vt 0.500000 0.156250
vt 0.500000 0.843750
vt 0.626409 0.935591
vt 0.548284 0.992353
vt 0.451716 0.992353
vt 0.373591 0.935591
vt 0.343750 0.843750
vt 0.373591 0.751909
vt 0.451716 0.695147
vt 0.548284 0.695147
vt 0.626409 0.751909
vt 0.656250 0.843750
vt 0.626409 0.935591
vt 0.548284 0.992353
vt 0.451716 0.992353
vt 0.373591 0.935591
vt 0.343750 0.843750
vt 0.373591 0.751909
vt 0.451716 0.695147
vt 0.548284 0.695147
vt 0.626409 0.751909
vt 0.656250 0.843750
vt 0.375000 0.312500
vt 0.400000 0.312500
vt 0.400000 0.687500
vt 0.375000 0.687500
vt 0.425000 0.312500
vt 0.425000 0.687500
vt 0.450000 0.312500
vt 0.450000 0.629930
vt 0.475000 0.312500
vt 0.475000 0.623183
vt 0.500000 0.312500
vt 0.500000 0.634472
vt 0.525000 0.312500
vt 0.525000 0.687500
vt 0.550000 0.312500
vt 0.550000 0.687500
vt 0.575000 0.312500
vt 0.575000 0.687500
vt 0.600000 0.312500
vt 0.600000 0.687500
vt 0.625000 0.312500
vt 0.625000 0.687500
vt 0.375000 0.562500
vt 0.400000 0.562500
vt 0.400000 0.687500
vt 0.375000 0.687500
vt 0.425000 0.562500
vt 0.425000 0.687500
vt 0.450000 0.575218
vt 0.450000 0.591346
vt 0.475000 0.577631
vt 0.475000 0.594214
vt 0.500000 0.572594
vt 0.500000 0.588564
vt 0.525000 0.562500
vt 0.550000 0.562500
vt 0.550000 0.687500
vt 0.525000 0.687500
vt 0.575000 0.562500
vt 0.575000 0.687500
vt 0.600000 0.562500
vt 0.600000 0.687500
vt 0.625000 0.562500
vt 0.625000 0.687500
vt 0.626409 0.935591
vt 0.548284 0.992353
vt 0.500000 0.843750
vt 0.451716 0.992353
vt 0.373591 0.935591
vt 0.343750 0.843750
vt 0.373591 0.751909
vt 0.451716 0.695147
vt 0.548284 0.695147
vt 0.626409 0.751909
vt 0.656250 0.843750
vt 0.626409 0.935591
vt 0.548284 0.992353
vt 0.548284 0.992353
vt 0.626409 0.935591
vt 0.451716 0.992353
vt 0.451716 0.992353
vt 0.373591 0.935591
vt 0.373591 0.935591
vt 0.343750 0.843750
vt 0.343750 0.843750
vt 0.373591 0.751909
vt 0.373591 0.751909
vt 0.451716 0.695147
vt 0.451716 0.695147
vt 0.548284 0.695147
vt 0.548284 0.695147
vt 0.626409 0.751909
vt 0.626409 0.751909
vt 0.656250 0.843750
vt 0.656250 0.843750
vt 0.500000 0.687500
vt 0.475000 0.687500
vt 0.450000 0.687500
vt 0.450000 0.562500
vt 0.475000 0.562500
vt 0.500000 0.562500
vt 0.500000 0.659131
vt 0.500000 0.687500
vt 0.475000 0.653382
vt 0.475000 0.687500
vt 0.450000 0.662436
vt 0.450000 0.687500
vt 0.375000 0.312500
vt 0.400000 0.312500
vt 0.400000 0.687500
vt 0.375000 0.687500
vt 0.425000 0.312500
vt 0.425000 0.687500
vt 0.450000 0.312500
vt 0.450000 0.629930
vt 0.475000 0.312500
vt 0.475000 0.623183
vt 0.500000 0.312500
vt 0.500000 0.634472
vt 0.525000 0.312500
vt 0.525000 0.687500
vt 0.550000 0.312500
vt 0.550000 0.687500
vt 0.575000 0.312500
vt 0.575000 0.687500
vt 0.600000 0.312500
vt 0.600000 0.687500
vt 0.625000 0.312500
vt 0.625000 0.687500
vt 0.375000 0.562500
vt 0.400000 0.562500
vt 0.400000 0.687500
vt 0.375000 0.687500
vt 0.425000 0.562500
vt 0.425000 0.687500
vt 0.450000 0.575218
vt 0.450000 0.591346
vt 0.475000 0.577631
vt 0.475000 0.594214
vt 0.500000 0.572594
vt 0.500000 0.588564
vt 0.525000 0.562500
vt 0.550000 0.562500
vt 0.550000 0.687500
vt 0.525000 0.687500
vt 0.575000 0.562500
vt 0.575000 0.687500
vt 0.600000 0.562500
vt 0.600000 0.687500
vt 0.625000 0.562500
vt 0.625000 0.687500
vt 0.626409 0.935591
vt 0.548284 0.992353
vt 0.500000 0.843750
vt 0.451716 0.992353
vt 0.373591 0.935591
vt 0.343750 0.843750
vt 0.373591 0.751909
vt 0.451716 0.695147
vt 0.548284 0.695147
vt 0.626409 0.751909
vt 0.656250 0.843750
vt 0.626409 0.935591
vt 0.548284 0.992353
vt 0.548284 0.992353
vt 0.626409 0.935591
vt 0.451716 0.992353
vt 0.451716 0.992353
vt 0.373591 0.935591
vt 0.373591 0.935591
vt 0.343750 0.843750
vt 0.343750 0.843750
vt 0.373591 0.751909
vt 0.373591 0.751909
vt 0.451716 0.695147
vt 0.451716 0.695147
vt 0.548284 0.695147
vt 0.548284 0.695147
vt 0.626409 0.751909
vt 0.626409 0.751909
vt 0.656250 0.843750
vt 0.656250 0.843750
vt 0.500000 0.687500
vt 0.475000 0.687500
vt 0.450000 0.687500
vt 0.450000 0.562500
vt 0.475000 0.562500
vt 0.500000 0.562500
vt 0.500000 0.659131
vt 0.500000 0.687500
vt 0.475000 0.653382
vt 0.475000 0.687500
vt 0.450000 0.662436
vt 0.450000 0.687500
vn -0.005975 -0.071088 -0.997452
vn -0.005975 -0.071088 -0.997452
vn -0.005989 -0.039718 -0.999193
vn -0.005989 -0.039718 -0.999193
vn -0.591119 -0.071085 -0.803446
vn -0.591119 -0.071085 -0.803446
vn -0.592152 -0.039716 -0.804847
vn -0.592152 -0.039716 -0.804847
vn -0.950486 -0.071092 -0.302528
vn -0.950486 -0.071092 -0.302528
vn -0.952142 -0.039720 -0.303064
vn -0.952142 -0.039720 -0.303064
vn -0.946789 -0.071093 0.313906
vn -0.946789 -0.071093 0.313906
vn -0.948442 -0.039719 0.314454
vn -0.948441 -0.039719 0.314454
vn -0.581447 -0.071096 0.810472
vn -0.581447 -0.071096 0.810472
vn -0.582464 -0.039720 0.811885
vn -0.582464 -0.039720 0.811885
vn 0.005958 -0.071087 0.997452
vn 0.005958 -0.071087 0.997452
vn 0.005981 -0.039718 0.999193
vn 0.005981 -0.039718 0.999193
vn 0.591120 -0.071085 0.803445
vn 0.591120 -0.071085 0.803445
vn 0.592150 -0.039716 0.804848
vn 0.592150 -0.039716 0.804848
vn 0.950478 -0.071086 0.302554
vn 0.950478 -0.071086 0.302554
vn 0.952135 -0.039718 0.303085
vn 0.952135 -0.039718 0.303085
vn 0.946781 -0.071091 -0.313929
vn 0.946781 -0.071091 -0.313929
vn 0.948434 -0.039719 -0.314476
vn 0.948434 -0.039719 -0.314476
vn 0.581452 -0.071089 -0.810469
vn 0.581452 -0.071089 -0.810469
vn 0.582468 -0.039718 -0.811883
vn 0.582468 -0.039718 -0.811883
vn -0.005995 0.020892 -0.999764
vn -0.005995 0.020892 -0.999764
vn -0.592490 0.020892 -0.805307
vn -0.592490 0.020892 -0.805307
vn -0.952684 0.020893 -0.303244
vn -0.952684 0.020893 -0.303244
vn -0.948982 0.020893 0.314638
vn -0.948982 0.020893 0.314638
vn -0.582802 0.020893 0.812346
vn -0.582802 0.020893 0.812346
vn 0.005991 0.020893 0.999764
vn 0.005991 0.020893 0.999764
vn 0.592490 0.020892 0.805307
vn 0.592490 0.020891 0.805307
vn 0.952680 0.020892 0.303255
vn 0.952680 0.020892 0.303255
vn 0.948978 0.020894 -0.314651
vn 0.948978 0.020894 -0.314651
vn 0.582800 0.020893 -0.812347
vn 0.582800 0.020893 -0.812347
vn -0.005984 0.062469 -0.998029
vn -0.005984 0.062469 -0.998029
vn -0.591459 0.062469 -0.803912
vn -0.591459 0.062469 -0.803912
vn -0.951030 0.062471 -0.302719
vn -0.951030 0.062471 -0.302719
vn -0.947333 0.062468 0.314099
vn -0.947333 0.062468 0.314099
vn -0.581794 0.062470 0.810934
vn -0.581794 0.062470 0.810934
vn 0.005975 0.062472 0.998029
vn 0.005975 0.062472 0.998029
vn 0.591465 0.062467 0.803908
vn 0.591465 0.062467 0.803908
vn 0.951029 0.062473 0.302722
vn 0.951029 0.062473 0.302722
vn 0.947333 0.062474 -0.314099
vn 0.947333 0.062474 -0.314099
vn 0.581787 0.062470 -0.810939
vn 0.581786 0.062470 -0.810939
vn 0.000000 -1.000000 0.000000
vn 0.000000 -1.000000 -0.000000
vn 0.000000 -1.000000 0.000000
vn 0.000000 -1.000000 0.000000
vn 0.000000 -1.000000 0.000000
vn 0.000000 -1.000000 0.000000
vn 0.000000 -1.000000 0.000000
vn 0.000000 -1.000000 0.000000
vn 0.000000 -1.000000 0.000000
vn 0.000000 -1.000000 -0.000000
vn 0.000000 -1.000000 -0.000000
vn 0.000000 1.000000 0.000006
vn 0.000000 1.000000 0.000003
vn 0.000000 1.000000 0.000001
vn 0.000000 1.000000 0.000003
vn 0.000000 1.000000 0.000000
vn 0.000000 1.000000 0.000000
vn 0.000000 1.000000 0.000001
vn 0.000000 1.000000 0.000003
vn 0.000000 1.000000 0.000001
vn 0.000000 1.000000 -0.000006
vn 0.000000 1.000000 -0.000000
vn -0.005475 0.408345 -0.912811
vn -0.005475 0.408345 -0.912811
vn -0.005475 0.408345 -0.912811
vn -0.005475 0.408345 -0.912811
vn -0.540952 0.408347 -0.735272
vn -0.540952 0.408347 -0.735272
vn -0.540952 0.408347 -0.735272
vn -0.540952 0.408347 -0.735272
vn -0.869828 0.408344 -0.276866
vn -0.869828 0.408344 -0.276866
vn -0.869828 0.408344 -0.276866
vn -0.869828 0.408344 -0.276866
vn -0.866434 0.408364 0.287282
vn -0.866434 0.408364 0.287282
vn -0.866434 0.408364 0.287282
vn -0.866434 0.408364 0.287282
vn -0.532119 0.408339 0.741693
vn -0.532119 0.408339 0.741693
vn -0.532119 0.408339 0.741693
vn -0.532119 0.408339 0.741693
vn 0.005462 0.408352 0.912808
vn 0.005462 0.408352 0.912808
vn 0.005462 0.408352 0.912808
vn 0.005462 0.408352 0.912808
vn 0.540957 0.408354 0.735263
vn 0.540957 0.408354 0.735263
vn 0.540957 0.408354 0.735263
vn 0.540957 0.408354 0.735263
vn 0.869826 0.408354 0.276857
vn 0.869826 0.408354 0.276857
vn 0.869826 0.408354 0.276857
vn 0.869826 0.408354 0.276857
vn 0.866446 0.408342 -0.287278
vn 0.866446 0.408342 -0.287278
vn 0.866446 0.408342 -0.287278
vn 0.866446 0.408342 -0.287278
vn 0.532107 0.408352 -0.741694
vn 0.532107 0.408352 -0.741694
vn 0.532107 0.408352 -0.741694
vn 0.532107 0.408352 -0.741694
vn -0.002313 0.921903 -0.387413
vn -0.002313 0.921903 -0.387413
vn -0.002313 0.921903 -0.387413
vn -0.002313 0.921903 -0.387413
vn -0.229615 0.921887 -0.312092
vn -0.229615 0.921887 -0.312092
vn -0.229615 0.921887 -0.312092
vn -0.229615 0.921887 -0.312092
vn -0.369194 0.921893 -0.117515
vn -0.369194 0.921893 -0.117515
vn -0.369194 0.921893 -0.117515
vn -0.369194 0.921893 -0.117515
vn -0.367746 0.921898 0.121929
vn -0.367746 0.921898 0.121929
vn -0.367746 0.921898 0.121929
vn -0.367746 0.921898 0.121929
vn -0.225853 0.921896 0.314799
vn -0.225853 0.921896 0.314799
vn -0.225853 0.921896 0.314799
vn -0.225853 0.921896 0.314799
vn 0.002323 0.921895 0.387432
vn 0.002323 0.921895 0.387432
vn 0.002323 0.921895 0.387432
vn 0.002323 0.921895 0.387432
vn 0.229607 0.921893 0.312079
vn 0.229607 0.921893 0.312079
vn 0.229607 0.921893 0.312079
vn 0.229607 0.921893 0.312079
vn 0.369179 0.921900 0.117506
vn 0.369179 0.921900 0.117506
vn 0.369179 0.921900 0.117506
vn 0.369179 0.921900 0.117506
vn 0.367751 0.921897 -0.121924
vn 0.367751 0.921897 -0.121924
vn 0.367751 0.921897 -0.121924
vn 0.367751 0.921897 -0.121924
vn 0.225843 0.921894 -0.314811
vn 0.225843 0.921894 -0.314811
vn 0.225843 0.921894 -0.314811
vn 0.225843 0.921894 -0.314811
vn 0.476952 0.616968 0.625993
vn 0.476952 0.616968 0.625993
vn 0.476952 0.616968 0.625993
vn 0.476952 0.616968 0.625993
vn 0.601174 -0.111980 0.791233
vn 0.601174 -0.111980 0.791233
vn 0.601174 -0.111980 0.791233
vn 0.601174 -0.111980 0.791233
vn 0.514768 -0.536799 0.668476
vn 0.514768 -0.536799 0.668476
vn 0.515018 -0.535867 0.669031
vn 0.520797 -0.533228 0.666662
vn 0.173862 -0.965277 0.194969
vn 0.173862 -0.965277 0.194969
vn 0.171673 -0.967090 0.187788
vn 0.172170 -0.966685 0.189416
vn -0.151857 -0.954585 -0.256335
vn -0.151857 -0.954585 -0.256335
vn -0.148653 -0.955043 -0.256505
vn -0.148617 -0.955048 -0.256507
vn -0.499463 -0.496182 -0.710169
vn -0.499463 -0.496182 -0.710169
vn -0.496389 -0.490003 -0.716586
vn -0.499770 -0.494849 -0.710882
vn -0.574166 -0.124137 -0.809273
vn -0.574166 -0.124137 -0.809273
vn -0.574166 -0.124137 -0.809273
vn -0.574166 -0.124137 -0.809273
vn -0.460220 0.602197 -0.652347
vn -0.460220 0.602197 -0.652347
vn -0.460220 0.602197 -0.652347
vn -0.460220 0.602197 -0.652347
vn -0.143956 0.956805 -0.252590
vn -0.143956 0.956805 -0.252590
vn -0.143956 0.956805 -0.252590
vn -0.143956 0.956805 -0.252590
vn 0.198307 0.956804 0.212605
vn 0.198307 0.956804 0.212605
vn 0.198307 0.956804 0.212605
vn 0.198307 0.956804 0.212605
vn 0.032273 0.063030 0.997490
vn 0.032273 0.063030 0.997490
vn 0.032273 0.063030 0.997490
vn 0.032273 0.063030 0.997490
vn 0.702530 0.048206 0.710020
vn 0.702530 0.048206 0.710020
vn 0.702530 0.048206 0.710020
vn 0.702530 0.048206 0.710020
vn 0.970929 0.028882 0.237617
vn 0.988682 0.018473 0.148888
vn 0.968417 0.029834 0.247543
vn 0.928629 -0.090894 -0.359704
vn 0.930167 -0.085951 -0.356934
vn 0.950150 -0.004087 -0.311767
vn 0.950162 -0.004085 -0.311729
vn 0.617278 -0.097821 -0.780640
vn 0.618699 -0.100813 -0.779133
vn 0.578642 -0.015884 -0.815427
vn 0.578702 -0.015884 -0.815384
vn -0.086810 -0.006802 -0.996202
vn -0.043360 -0.012233 -0.998985
vn -0.039546 -0.012691 -0.999137
vn -0.496681 -0.005293 -0.867917
vn -0.496681 -0.005293 -0.867917
vn -0.496681 -0.005293 -0.867917
vn -0.496681 -0.005293 -0.867917
vn -0.984030 0.050155 -0.170793
vn -0.984030 0.050155 -0.170793
vn -0.984030 0.050155 -0.170793
vn -0.984030 0.050155 -0.170793
vn -0.920006 0.012393 0.391708
vn -0.920006 0.012393 0.391708
vn -0.920006 0.012393 0.391707
vn -0.920006 0.012393 0.391708
vn -0.646006 0.026199 0.762882
vn -0.646006 0.026199 0.762882
vn -0.646006 0.026199 0.762882
vn -0.646006 0.026199 0.762882
vn 0.000000 1.000000 0.000003
vn 0.000000 1.000000 0.000003
vn 0.000000 1.000000 0.000000
vn 0.000000 1.000000 0.000000
vn 0.000000 1.000000 0.000000
vn 0.000000 1.000000 0.000000
vn 0.000000 1.000000 -0.000003
vn 0.000000 1.000000 -0.000003
vn 0.000000 1.000000 0.000000
vn 0.000000 1.000000 0.000000
vn 0.000000 1.000000 0.000000
vn 0.005391 0.429045 0.903267
vn 0.005391 0.429045 0.903267
vn 0.005391 0.429045 0.903267
vn 0.005391 0.429045 0.903267
vn 0.535308 0.429042 0.727577
vn 0.535308 0.429042 0.727577
vn 0.535308 0.429042 0.727577
vn 0.535308 0.429042 0.727577
vn 0.860731 0.429044 0.273976
vn 0.860731 0.429044 0.273976
vn 0.860731 0.429044 0.273976
vn 0.860731 0.429044 0.273976
vn 0.857375 0.429063 -0.284276
vn 0.857375 0.429063 -0.284276
vn 0.857375 0.429063 -0.284276
vn 0.857375 0.429063 -0.284276
vn 0.526538 0.429070 -0.733932
vn 0.526538 0.429070 -0.733932
vn 0.526538 0.429070 -0.733932
vn 0.526538 0.429070 -0.733932
vn -0.005391 0.429046 -0.903267
vn -0.005391 0.429046 -0.903267
vn -0.005391 0.429046 -0.903267
vn -0.005391 0.429046 -0.903267
vn -0.535316 0.429039 -0.727573
vn -0.535316 0.429039 -0.727573
vn -0.535316 0.429039 -0.727573
vn -0.535316 0.429039 -0.727573
vn -0.860726 0.429036 -0.274007
vn -0.860726 0.429036 -0.274007
vn -0.860726 0.429036 -0.274007
vn -0.860726 0.429036 -0.274007
vn -0.857383 0.429040 0.284286
vn -0.857383 0.429040 0.284286
vn -0.857383 0.429040 0.284285
vn -0.857383 0.429040 0.284285
vn -0.526532 0.429061 0.733942
vn -0.526532 0.429061 0.733942
vn -0.526532 0.429061 0.733942
vn -0.526532 0.429061 0.733942
vn 0.002192 0.929808 0.368037
vn 0.002192 0.929808 0.368037
vn 0.002192 0.929808 0.368038
vn 0.002192 0.929808 0.368037
vn 0.218117 0.929809 0.296447
vn 0.218117 0.929809 0.296447
vn 0.218117 0.929809 0.296447
vn 0.218117 0.929809 0.296447
vn 0.350708 0.929808 0.111625
vn 0.350708 0.929808 0.111625
vn 0.350708 0.929808 0.111625
vn 0.350708 0.929808 0.111625
vn 0.349338 0.929811 -0.115820
vn 0.349338 0.929811 -0.115820
vn 0.349338 0.929811 -0.115820
vn 0.349338 0.929811 -0.115820
vn 0.214522 0.929819 -0.299028
vn 0.214522 0.929819 -0.299028
vn 0.214522 0.929819 -0.299028
vn 0.214522 0.929819 -0.299028
vn -0.002210 0.929816 -0.368018
vn -0.002210 0.929816 -0.368018
vn -0.002210 0.929816 -0.368018
vn -0.002210 0.929816 -0.368018
vn -0.218123 0.929801 -0.296468
vn -0.218123 0.929801 -0.296468
vn -0.218123 0.929801 -0.296468
vn -0.218123 0.929801 -0.296468
vn -0.350703 0.929808 -0.111647
vn -0.350703 0.929808 -0.111647
vn -0.350703 0.929808 -0.111647
vn -0.350703 0.929808 -0.111647
vn -0.349327 0.929815 0.115824
vn -0.349327 0.929815 0.115824
vn -0.349327 0.929815 0.115824
vn -0.349327 0.929815 0.115824
vn -0.214528 0.929815 0.299036
vn -0.214528 0.929815 0.299036
vn -0.214528 0.929815 0.299036
vn -0.214528 0.929815 0.299036
vn -0.038876 -0.012779 -0.999162
vn -0.038876 -0.012779 -0.999162
vn 0.579107 -0.015887 -0.815097
vn 0.579107 -0.015887 -0.815097
vn 0.950053 -0.004100 -0.312062
vn 0.950053 -0.004100 -0.312062
vn 0.968173 0.029962 0.248484
vn 0.968173 0.029962 0.248484
vn 0.988397 0.022020 0.150287
vn 0.902021 -0.163905 -0.399366
vn 0.902021 -0.163905 -0.399366
vn 0.650486 -0.172570 -0.739654
vn 0.650486 -0.172570 -0.739654
vn -0.086725 -0.007195 -0.996206
vn -0.450089 -0.368927 -0.813211
vn -0.371397 -0.370780 -0.851227
vn 0.023270 -0.948946 -0.314580
vn -0.001344 -0.952392 -0.304874
vn 0.156689 -0.918370 -0.363380
vn 0.156689 -0.918370 -0.363380
vn 0.295544 -0.955317 0.004770
vn 0.305101 -0.952314 -0.003445
vn 0.457330 -0.878078 -0.140812
vn 0.457330 -0.878078 -0.140812
vn 0.577290 -0.470184 0.667580
vn 0.678802 -0.488555 0.548217
vn -0.476941 0.616993 -0.625977
vn -0.476941 0.616993 -0.625977
vn -0.476941 0.616993 -0.625977
vn -0.476941 0.616993 -0.625977
vn -0.601171 -0.112011 -0.791231
vn -0.601171 -0.112011 -0.791231
vn -0.601171 -0.112011 -0.791231
vn -0.601171 -0.112011 -0.791231
vn -0.514765 -0.536806 -0.668473
vn -0.514765 -0.536806 -0.668473
vn -0.515015 -0.535875 -0.669028
vn -0.520793 -0.533235 -0.666659
vn -0.173860 -0.965278 -0.194966
vn -0.173860 -0.965278 -0.194966
vn -0.171671 -0.967091 -0.187786
vn -0.172168 -0.966686 -0.189413
vn 0.151859 -0.954583 0.256339
vn 0.151859 -0.954583 0.256339
vn 0.148656 -0.955042 0.256509
vn 0.148621 -0.955047 0.256511
vn 0.499459 -0.496195 0.710163
vn 0.499459 -0.496195 0.710163
vn 0.496387 -0.490009 0.716583
vn 0.499767 -0.494860 0.710877
vn 0.574163 -0.124145 0.809274
vn 0.574163 -0.124145 0.809275
vn 0.574163 -0.124145 0.809275
vn 0.574163 -0.124145 0.809275
vn 0.460208 0.602220 0.652334
vn 0.460208 0.602220 0.652334
vn 0.460208 0.602220 0.652334
vn 0.460208 0.602220 0.652334
vn 0.143959 0.956803 0.252596
vn 0.143959 0.956803 0.252596
vn 0.143959 0.956803 0.252596
vn 0.143959 0.956803 0.252596
vn -0.198306 0.956805 -0.212603
vn -0.198306 0.956805 -0.212603
vn -0.198306 0.956805 -0.212603
vn -0.198306 0.956805 -0.212603
vn -0.032248 0.063030 -0.997491
vn -0.032248 0.063030 -0.997491
vn -0.032248 0.063030 -0.997490
vn -0.032248 0.063030 -0.997491
vn -0.702541 0.048211 -0.710009
vn -0.702541 0.048211 -0.710009
vn -0.702541 0.048211 -0.710009
vn -0.702541 0.048211 -0.710008
vn -0.970929 0.028890 -0.237617
vn -0.988693 0.018497 -0.148810
vn -0.968415 0.029834 -0.247551
vn -0.928625 -0.090943 0.359702
vn -0.930163 -0.085999 0.356931
vn -0.950155 -0.004082 0.311750
vn -0.950168 -0.004081 0.311712
vn -0.617287 -0.097804 0.780635
vn -0.618708 -0.100797 0.779128
vn -0.578633 -0.015879 0.815433
vn -0.578693 -0.015880 0.815391
vn 0.086799 -0.006812 0.996203
vn 0.043358 -0.012233 0.998985
vn 0.039544 -0.012690 0.999137
vn 0.496689 -0.005294 0.867912
vn 0.496689 -0.005294 0.867912
vn 0.496689 -0.005294 0.867912
vn 0.496689 -0.005294 0.867912
vn 0.984031 0.050147 0.170789
vn 0.984031 0.050147 0.170789
vn 0.984031 0.050147 0.170789
vn 0.984031 0.050147 0.170789
vn 0.920007 0.012395 -0.391706
vn 0.920007 0.012395 -0.391706
vn 0.920007 0.012395 -0.391706
vn 0.920007 0.012395 -0.391706
vn 0.645995 0.026199 -0.762892
vn 0.645995 0.026199 -0.762892
vn 0.645995 0.026199 -0.762892
vn 0.645995 0.026199 -0.762892
vn 0.000000 1.000000 0.000000
vn 0.000000 1.000000 0.000003
vn 0.000000 1.000000 -0.000000
vn 0.000000 1.000000 -0.000003
vn 0.000000 1.000000 -0.000006
vn 0.000000 1.000000 0.000000
vn 0.000000 1.000000 0.000000
vn 0.000000 1.000000 -0.000003
vn 0.000000 1.000000 0.000003
vn 0.000000 1.000000 0.000006
vn 0.000000 1.000000 0.000000
vn -0.005415 0.429053 -0.903263
vn -0.005415 0.429053 -0.903263
vn -0.005415 0.429053 -0.903263
vn -0.005415 0.429053 -0.903263
vn -0.535306 0.429053 -0.727572
vn -0.535306 0.429053 -0.727572
vn -0.535306 0.429053 -0.727572
vn -0.535306 0.429053 -0.727572
vn -0.860719 0.429056 -0.273995
vn -0.860719 0.429056 -0.273995
vn -0.860719 0.429056 -0.273995
vn -0.860719 0.429056 -0.273995
vn -0.857378 0.429063 0.284267
vn -0.857378 0.429063 0.284267
vn -0.857378 0.429063 0.284267
vn -0.857378 0.429063 0.284267
vn -0.526556 0.429023 0.733947
vn -0.526556 0.429023 0.733947
vn -0.526556 0.429023 0.733947
vn -0.526556 0.429023 0.733947
vn 0.005415 0.429059 0.903260
vn 0.005415 0.429059 0.903260
vn 0.005415 0.429059 0.903260
vn 0.005415 0.429059 0.903260
vn 0.535322 0.429032 0.727573
vn 0.535322 0.429032 0.727573
vn 0.535322 0.429032 0.727573
vn 0.535322 0.429032 0.727573
vn 0.860726 0.429046 0.273991
vn 0.860726 0.429046 0.273991
vn 0.860726 0.429046 0.273991
vn 0.860726 0.429046 0.273991
vn 0.857391 0.429030 -0.284279
vn 0.857391 0.429030 -0.284279
vn 0.857391 0.429030 -0.284279
vn 0.857391 0.429030 -0.284279
vn 0.526546 0.429049 -0.733939
vn 0.526546 0.429049 -0.733939
vn 0.526546 0.429049 -0.733939
vn 0.526546 0.429049 -0.733939
vn -0.002217 0.929820 -0.368009
vn -0.002217 0.929820 -0.368009
vn -0.002217 0.929820 -0.368009
vn -0.002217 0.929820 -0.368009
vn -0.218101 0.929803 -0.296478
vn -0.218101 0.929803 -0.296478
vn -0.218101 0.929803 -0.296478
vn -0.218101 0.929803 -0.296478
vn -0.350715 0.929806 -0.111627
vn -0.350715 0.929806 -0.111627
vn -0.350715 0.929806 -0.111627
vn -0.350715 0.929806 -0.111627
vn -0.349347 0.929808 0.115820
vn -0.349347 0.929808 0.115820
vn -0.349347 0.929808 0.115819
vn -0.349347 0.929808 0.115820
vn -0.214542 0.929807 0.299050
vn -0.214542 0.929807 0.299050
vn -0.214542 0.929807 0.299050
vn -0.214542 0.929807 0.299050
vn 0.002207 0.929816 0.368018
vn 0.002207 0.929816 0.368018
vn 0.002207 0.929816 0.368018
vn 0.002207 0.929816 0.368018
vn 0.218114 0.929810 0.296444
vn 0.218114 0.929810 0.296444
vn 0.218114 0.929810 0.296444
vn 0.218114 0.929810 0.296444
vn 0.350701 0.929810 0.111635
vn 0.350701 0.929810 0.111635
vn 0.350701 0.929810 0.111635
vn 0.350701 0.929810 0.111635
vn 0.349338 0.929811 -0.115825
vn 0.349338 0.929811 -0.115825
vn 0.349338 0.929811 -0.115825
vn 0.349338 0.929811 -0.115825
vn 0.214532 0.929812 -0.299041
vn 0.214533 0.929812 -0.299042
vn 0.214533 0.929812 -0.299041
vn 0.214532 0.929812 -0.299041
vn 0.038874 -0.012778 0.999162
vn 0.038874 -0.012778 0.999162
vn -0.579096 -0.015885 0.815104
vn -0.579096 -0.015885 0.815104
vn -0.950059 -0.004092 0.312045
vn -0.950059 -0.004092 0.312045
vn -0.968170 0.029962 -0.248492
vn -0.968170 0.029962 -0.248492
vn -0.988404 0.022134 -0.150224
vn -0.902004 -0.163981 0.399372
vn -0.902004 -0.163981 0.399372
vn -0.650500 -0.172558 0.739644
vn -0.650500 -0.172558 0.739644
vn 0.086726 -0.007218 0.996206
vn 0.450120 -0.368797 0.813254
vn 0.371400 -0.370704 0.851258
vn -0.023262 -0.948947 0.314578
vn 0.001350 -0.952392 0.304874
vn -0.156690 -0.918375 0.363368
vn -0.156690 -0.918375 0.363368
vn -0.295548 -0.955316 -0.004764
vn -0.305098 -0.952315 0.003444
vn -0.457346 -0.878068 0.140828
vn -0.457346 -0.878067 0.140828
vn -0.577262 -0.470198 -0.667594
vn -0.678836 -0.488543 -0.548186
s 1
g pCylinder26
usemtl lambert8SG
f 81/111/241 82/112/242 92/123/243 91/122/244
s 2
f 82/112/245 83/113/246 93/124/247 92/123/248
s 3
f 83/113/249 84/114/250 94/125/251 93/124/252
s 4
f 84/114/253 85/115/254 95/126/255 94/125/256
s 5
f 85/115/257 86/116/258 96/127/259 95/126/260
s 6
f 86/116/261 87/117/262 97/128/263 96/127/264
s 7
f 87/117/265 88/118/266 98/129/267 97/128/268
s 8
f 88/118/269 89/119/270 99/130/271 98/129/272
s 9
f 89/119/273 90/120/274 100/131/275 99/130/276
s 10
f 90/120/277 81/121/278 91/132/279 100/131/280
s 1
f 91/122/244 92/123/243 102/134/281 101/133/282
s 2
f 92/123/248 93/124/247 103/135/283 102/134/284
s 3
f 93/124/252 94/125/251 104/136/285 103/135/286
s 4
f 94/125/256 95/126/255 105/137/287 104/136/288
s 5
f 95/126/260 96/127/259 106/138/289 105/137/290
s 6
f 96/127/264 97/128/263 107/139/291 106/138/292
s 7
f 97/128/268 98/129/267 108/140/293 107/139/294
s 8
f 98/129/272 99/130/271 109/141/295 108/140/296
s 9
f 99/130/276 100/131/275 110/142/297 109/141/298
s 10
f 100/131/280 91/132/279 101/143/299 110/142/300
s 1
f 101/133/282 102/134/281 112/145/301 111/144/302
s 2
f 102/134/284 103/135/283 113/146/303 112/145/304
s 3
f 103/135/286 104/136/285 114/147/305 113/146/306
s 4
f 104/136/288 105/137/287 115/148/307 114/147/308
s 5
f 105/137/290 106/138/289 116/149/309 115/148/310
s 6
f 106/138/292 107/139/291 117/150/311 116/149/312
s 7
f 107/139/294 108/140/293 118/151/313 117/150/314
s 8
f 108/140/296 109/141/295 119/152/315 118/151/316
s 9
f 109/141/298 110/142/297 120/153/317 119/152/318
s 10
f 110/142/300 101/143/299 111/154/319 120/153/320
s 11
f 82/102/321 81/101/322 121/165/323
f 83/103/324 82/102/321 121/165/323
f 84/104/325 83/103/324 121/165/323
f 85/105/326 84/104/325 121/165/323
f 86/106/327 85/105/326 121/165/323
f 87/107/328 86/106/327 121/165/323
f 88/108/329 87/107/328 121/165/323
f 89/109/330 88/108/329 121/165/323
f 90/110/331 89/109/330 121/165/323
f 81/101/322 90/110/331 121/165/323
s 12
f 132/177/332 133/178/333 134/166/334
f 133/178/333 135/179/335 134/166/334
f 135/179/335 136/180/336 134/166/334
f 136/180/336 137/181/337 134/166/334
f 137/181/337 138/182/338 134/166/334
f 138/182/338 139/183/339 134/166/334
f 139/183/339 140/184/340 134/166/334
f 140/184/340 141/185/341 134/166/334
f 141/185/341 142/186/342 134/166/334
f 142/186/342 132/177/332 134/166/334
s off
f 111/163/343 112/162/344 123/168/345 122/167/346
f 112/162/347 113/161/348 124/169/349 123/168/350
f 113/161/351 114/160/352 125/170/353 124/169/354
f 114/160/355 115/159/356 126/171/357 125/170/358
f 115/159/359 116/158/360 127/172/361 126/171/362
f 116/158/363 117/157/364 128/173/365 127/172/366
f 117/157/367 118/156/368 129/174/369 128/173/370
f 118/156/371 119/155/372 130/175/373 129/174/374
f 119/155/375 120/164/376 131/176/377 130/175/378
f 120/164/379 111/163/380 122/167/381 131/176/382
f 122/167/383 123/168/384 133/178/385 132/177/386
f 123/168/387 124/169/388 135/179/389 133/178/390
f 124/169/391 125/170/392 136/180/393 135/179/394
f 125/170/395 126/171/396 137/181/397 136/180/398
f 126/171/399 127/172/400 138/182/401 137/181/402
f 127/172/403 128/173/404 139/183/405 138/182/406
f 128/173/407 129/174/408 140/184/409 139/183/410
f 129/174/411 130/175/412 141/185/413 140/184/414
f 130/175/415 131/176/416 142/186/417 141/185/418
f 131/176/419 122/167/420 132/177/421 142/186/422
f 143/187/423 144/188/424 154/189/425 153/190/426
f 144/188/427 145/191/428 155/192/429 154/189/430
s 13
f 145/191/431 146/193/432 202/194/433 155/192/434
s 14
f 146/193/435 147/195/436 201/196/437 202/194/438
s 15
f 147/195/439 148/197/440 200/198/441 201/196/442
s 16
f 148/197/443 149/199/444 159/200/445 200/198/446
s off
f 149/199/447 150/201/448 160/202/449 159/200/450
f 150/201/451 151/203/452 161/204/453 160/202/454
f 151/203/455 152/205/456 162/206/457 161/204/458
f 152/205/459 143/207/460 153/208/461 162/206/462
f 153/209/463 154/210/464 164/211/465 163/212/466
f 154/210/467 155/213/468 165/214/469 164/211/470
s 17
f 155/213/471 197/215/472 196/216/473
s 18
f 197/215/474 198/217/475 195/218/476 196/216/477
s 19
f 198/217/478 199/219/479 194/220/480 195/218/481
s 20
f 199/219/482 159/221/483 194/220/484
s off
f 159/221/485 160/222/486 170/223/487 169/224/488
f 160/222/489 161/225/490 171/226/491 170/223/492
f 161/225/493 162/227/494 172/228/495 171/226/496
f 162/227/497 153/229/498 163/230/499 172/228/500
s 21
f 183/231/501 184/232/502 185/233/503
f 184/232/502 186/234/504 185/233/503
f 186/234/504 187/235/505 185/233/503
f 187/235/505 188/236/506 185/233/503
f 188/236/506 189/237/507 185/233/503
f 189/237/507 190/238/508 185/233/503
f 190/238/508 191/239/509 185/233/503
f 191/239/509 192/240/510 185/233/503
f 192/240/510 193/241/511 185/233/503
f 193/241/511 183/231/501 185/233/503
s off
f 163/242/512 164/243/513 174/244/514 173/245/515
f 164/243/516 165/246/517 175/247/518 174/244/519
f 165/246/520 166/248/521 176/249/522 175/247/523
f 166/248/524 167/250/525 177/251/526 176/249/527
f 167/250/528 168/252/529 178/253/530 177/251/531
f 168/252/532 169/254/533 179/255/534 178/253/535
f 169/254/536 170/256/537 180/257/538 179/255/539
f 170/256/540 171/258/541 181/259/542 180/257/543
f 171/258/544 172/260/545 182/261/546 181/259/547
f 172/260/548 163/242/549 173/245/550 182/261/551
f 173/245/552 174/244/553 184/232/554 183/231/555
f 174/244/556 175/247/557 186/234/558 184/232/559
f 175/247/560 176/249/561 187/235/562 186/234/563
f 176/249/564 177/251/565 188/236/566 187/235/567
f 177/251/568 178/253/569 189/237/570 188/236/571
f 178/253/572 179/255/573 190/238/574 189/237/575
f 179/255/576 180/257/577 191/239/578 190/238/579
f 180/257/580 181/259/581 192/240/582 191/239/583
f 181/259/584 182/261/585 193/241/586 192/240/587
f 182/261/588 173/245/589 183/231/590 193/241/591
s 20
f 194/220/484 159/221/483 169/224/592 168/262/593
s 19
f 195/218/481 194/220/480 168/262/594 167/263/595
s 18
f 196/216/477 195/218/476 167/263/596 166/264/597
s 17
f 155/213/471 196/216/473 166/264/598 165/214/599
f 155/213/471 156/265/600 197/215/472
s 18
f 156/265/601 157/266/602 198/217/475 197/215/474
s 19
f 157/266/603 158/267/604 199/219/479 198/217/478
s 20
f 158/267/605 159/221/483 199/219/482
s 16
f 205/268/606 159/200/445 158/269/607
s 15
f 204/270/608 205/268/609 158/269/610 157/271/611
s 14
f 203/272/612 204/270/613 157/271/614 156/273/615
s 13
f 155/192/434 203/272/616 156/273/617
f 155/192/434 202/194/433 203/272/616
s 14
f 202/194/438 201/196/437 204/270/613 203/272/612
s 15
f 201/196/442 200/198/441 205/268/609 204/270/608
s 16
f 200/198/446 159/200/445 205/268/606
s off
f 206/274/618 207/275/619 217/276/620 216/277/621
f 207/275/622 208/278/623 218/279/624 217/276/625
s 22
f 208/278/626 209/280/627 265/281/628 218/279/629
s 23
f 209/280/630 210/282/631 264/283/632 265/281/633
s 24
f 210/282/634 211/284/635 263/285/636 264/283/637
s 25
f 211/284/638 212/286/639 222/287/640 263/285/641
s off
f 212/286/642 213/288/643 223/289/644 222/287/645
f 213/288/646 214/290/647 224/291/648 223/289/649
f 214/290/650 215/292/651 225/293/652 224/291/653
f 215/292/654 206/294/655 216/295/656 225/293/657
f 216/296/658 217/297/659 227/298/660 226/299/661
f 217/297/662 218/300/663 228/301/664 227/298/665
s 26
f 218/300/666 260/302/667 259/303/668
s 27
f 260/302/669 261/304/670 258/305/671 259/303/672
s 28
f 261/304/673 262/306/674 257/307/675 258/305/676
s 29
f 262/306/677 222/308/678 257/307/679
s off
f 222/308/680 223/309/681 233/310/682 232/311/683
f 223/309/684 224/312/685 234/313/686 233/310/687
f 224/312/688 225/314/689 235/315/690 234/313/691
f 225/314/692 216/316/693 226/317/694 235/315/695
s 30
f 246/318/696 247/319/697 248/320/698
f 247/319/697 249/321/699 248/320/698
f 249/321/699 250/322/700 248/320/698
f 250/322/700 251/323/701 248/320/698
f 251/323/701 252/324/702 248/320/698
f 252/324/702 253/325/703 248/320/698
f 253/325/703 254/326/704 248/320/698
f 254/326/704 255/327/705 248/320/698
f 255/327/705 256/328/706 248/320/698
f 256/328/706 246/318/696 248/320/698
s off
f 226/329/707 227/330/708 237/331/709 236/332/710
f 227/330/711 228/333/712 238/334/713 237/331/714
f 228/333/715 229/335/716 239/336/717 238/334/718
f 229/335/719 230/337/720 240/338/721 239/336/722
f 230/337/723 231/339/724 241/340/725 240/338/726
f 231/339/727 232/341/728 242/342/729 241/340/730
f 232/341/731 233/343/732 243/344/733 242/342/734
f 233/343/735 234/345/736 244/346/737 243/344/738
f 234/345/739 235/347/740 245/348/741 244/346/742
f 235/347/743 226/329/744 236/332/745 245/348/746
f 236/332/747 237/331/748 247/319/749 246/318/750
f 237/331/751 238/334/752 249/321/753 247/319/754
f 238/334/755 239/336/756 250/322/757 249/321/758
f 239/336/759 240/338/760 251/323/761 250/322/762
f 240/338/763 241/340/764 252/324/765 251/323/766
f 241/340/767 242/342/768 253/325/769 252/324/770
f 242/342/771 243/344/772 254/326/773 253/325/774
f 243/344/775 244/346/776 255/327/777 254/326/778
f 244/346/779 245/348/780 256/328/781 255/327/782
f 245/348/783 236/332/784 246/318/785 256/328/786
s 29
f 257/307/679 222/308/678 232/311/787 231/349/788
s 28
f 258/305/676 257/307/675 231/349/789 230/350/790
s 27
f 259/303/672 258/305/671 230/350/791 229/351/792
s 26
f 218/300/666 259/303/668 229/351/793 228/301/794
f 218/300/666 219/352/795 260/302/667
s 27
f 219/352/796 220/353/797 261/304/670 260/302/669
s 28
f 220/353/798 221/354/799 262/306/674 261/304/673
s 29
f 221/354/800 222/308/678 262/306/677
s 25
f 268/355/801 222/287/640 221/356/802
s 24
f 267/357/803 268/355/804 221/356/805 220/358/806
s 23
f 266/359/807 267/357/808 220/358/809 219/360/810
s 22
f 218/279/629 266/359/811 219/360/812
f 218/279/629 265/281/628 266/359/811
s 23
f 265/281/633 264/283/632 267/357/808 266/359/807
s 24
f 264/283/637 263/285/636 268/355/804 267/357/803
s 25
f 263/285/641 222/287/640 268/355/801
g default
v 2159.618214 -2.261419 -441.695593
v 2146.493092 -2.261419 -444.691320
v 2135.967579 -2.261419 -436.297460
v 2135.967579 -2.261419 -422.834814
v 2146.493092 -2.261419 -414.440954
v 2159.618214 -2.261419 -417.436681
v 2165.459461 -2.261419 -429.566137
v 2163.623646 51.243462 -444.342321
v 2146.910023 55.869980 -450.694799
v 2132.309193 62.075481 -441.238989
v 2130.815968 65.187111 -423.095312
v 2143.554676 62.861740 -409.926366
v 2160.932850 56.850418 -411.648595
v 2169.864430 51.679802 -426.965124
v 2149.945301 -2.261419 -429.566137
v 2149.945301 87.337761 -429.566137
v 2142.976917 -1.357593 -423.514623
v 2136.178333 -1.815638 -427.788854
v 2128.762989 -3.608806 -425.239782
v 2126.314869 -5.386806 -417.786901
v 2130.677418 -5.810766 -411.042394
v 2138.565540 -4.561437 -410.084936
v 2144.039356 -2.579588 -415.635656
v 2139.399342 34.148865 -419.127782
v 2130.072559 33.520485 -424.991491
v 2119.899708 31.060495 -421.494482
v 2116.541187 28.621313 -411.270116
v 2122.525990 28.039694 -402.017492
v 2133.347523 29.753611 -400.704015
v 2140.856861 32.472446 -408.318823
v 2135.359364 -3.588662 -418.727575
v 2126.012440 48.294418 -409.420385
v 2167.235706 -4.409107 -429.141882
v 2159.929371 -1.045886 -429.224096
v 2154.496204 -0.709863 -423.302282
v 2155.027454 -3.654070 -415.835729
v 2161.123035 -7.661459 -412.446813
v 2168.192982 -9.714384 -415.687597
v 2170.913319 -8.266952 -423.117529
v 2176.441151 17.577190 -419.596044
v 2170.418079 20.349710 -419.663854
v 2165.939137 20.626715 -414.782079
v 2166.377064 18.199615 -408.626928
v 2171.402088 14.896066 -405.833288
v 2177.230213 13.203707 -408.504797
v 2179.472828 14.396918 -414.629858
v 2162.416859 -5.065960 -421.250829
v 2177.461903 27.909748 -409.318334
vt 0.597420 0.034089
vt 0.465231 0.003918
vt 0.359224 0.088456
vt 0.359224 0.224044
vt 0.465231 0.308582
vt 0.597420 0.278411
vt 0.656250 0.156250
vt 0.375000 0.312500
vt 0.410714 0.312500
vt 0.446429 0.312500
vt 0.482143 0.312500
vt 0.517857 0.312500
vt 0.553571 0.312500
vt 0.589286 0.312500
vt 0.625000 0.312500
vt 0.375000 0.687500
vt 0.410714 0.687500
vt 0.446429 0.687500
vt 0.482143 0.687500
vt 0.517857 0.687500
vt 0.553571 0.687500
vt 0.589286 0.687500
vt 0.625000 0.687500
vt 0.597420 0.721589
vt 0.465231 0.691418
vt 0.359224 0.775956
vt 0.359224 0.911544
vt 0.465231 0.996082
vt 0.597420 0.965911
vt 0.656250 0.843750
vt 0.500000 0.156250
vt 0.500000 0.843750
vt 0.375000 0.312500
vt 0.410714 0.312500
vt 0.410714 0.687500
vt 0.375000 0.687500
vt 0.446429 0.312500
vt 0.446429 0.687500
vt 0.482143 0.312500
vt 0.482143 0.687500
vt 0.517857 0.312500
vt 0.517857 0.687500
vt 0.553571 0.312500
vt 0.553571 0.687500
vt 0.589286 0.312500
vt 0.589286 0.687500
vt 0.625000 0.312500
vt 0.625000 0.687500
vt 0.465231 0.003918
vt 0.597420 0.034089
vt 0.500000 0.156250
vt 0.359224 0.088456
vt 0.359224 0.224044
vt 0.465231 0.308582
vt 0.597420 0.278411
vt 0.656250 0.156250
vt 0.597420 0.965911
vt 0.465231 0.996082
vt 0.500000 0.843750
vt 0.359224 0.911544
vt 0.359224 0.775956
vt 0.465231 0.691418
vt 0.597420 0.721589
vt 0.656250 0.843750
vt 0.375000 0.312500
vt 0.410714 0.312500
vt 0.410714 0.687500
vt 0.375000 0.687500
vt 0.446429 0.312500
vt 0.446429 0.687500
vt 0.482143 0.312500
vt 0.482143 0.687500
vt 0.517857 0.312500
vt 0.517857 0.687500
vt 0.553571 0.312500
vt 0.553571 0.687500
vt 0.589286 0.312500
vt 0.589286 0.687500
vt 0.625000 0.312500
vt 0.625000 0.687500
vt 0.465231 0.003918
vt 0.597420 0.034089
vt 0.500000 0.156250
vt 0.359224 0.088456
vt 0.359224 0.224044
vt 0.465231 0.308582
vt 0.597420 0.278411
vt 0.656250 0.156250
vt 0.597420 0.965911
vt 0.465231 0.996082
vt 0.500000 0.843750
vt 0.359224 0.911544
vt 0.359224 0.775956
vt 0.465231 0.691418
vt 0.597420 0.721589
vt 0.656250 0.843750
vn 0.285808 -0.085281 -0.954485
vn 0.285808 -0.085281 -0.954485
vn 0.285808 -0.085281 -0.954485
vn 0.285808 -0.085281 -0.954485
vn -0.591163 -0.087305 -0.801813
vn -0.591163 -0.087305 -0.801813
vn -0.591163 -0.087305 -0.801813
vn -0.591163 -0.087305 -0.801813
vn -0.996852 -0.068235 -0.040378
vn -0.996852 -0.068235 -0.040378
vn -0.996852 -0.068235 -0.040378
vn -0.996852 -0.068235 -0.040378
vn -0.681827 -0.064988 0.728621
vn -0.681827 -0.064988 0.728621
vn -0.681827 -0.064988 0.728621
vn -0.681827 -0.064988 0.728621
vn 0.136929 -0.080090 0.987338
vn 0.136929 -0.080090 0.987338
vn 0.136929 -0.080090 0.987338
vn 0.136929 -0.080090 0.987338
vn 0.871358 -0.080004 0.484081
vn 0.871359 -0.080004 0.484081
vn 0.871358 -0.080004 0.484081
vn 0.871359 -0.080004 0.484081
vn 0.923368 -0.072438 -0.377019
vn 0.923368 -0.072438 -0.377019
vn 0.923368 -0.072438 -0.377019
vn 0.923369 -0.072438 -0.377019
vn 0.000000 -1.000000 -0.000000
vn 0.000000 -1.000000 -0.000000
vn 0.000000 -1.000000 -0.000000
vn 0.000000 -1.000000 -0.000000
vn 0.000000 -1.000000 0.000000
vn 0.000000 -1.000000 0.000000
vn 0.000000 -1.000000 0.000000
vn 0.000000 -1.000000 0.000000
vn 0.683626 0.483042 -0.547108
vn 0.172971 0.537483 -0.825345
vn 0.214756 0.972445 -0.090720
vn -0.506206 0.627000 -0.592137
vn -0.703461 0.673679 0.226495
vn -0.048508 0.632776 0.772814
vn 0.657877 0.543498 0.521352
vn 0.873548 0.484867 -0.042645
vn 0.518178 0.156104 -0.840906
vn 0.518178 0.156104 -0.840906
vn 0.518178 0.156104 -0.840906
vn 0.518178 0.156104 -0.840906
vn -0.328911 0.017915 -0.944191
vn -0.328911 0.017915 -0.944191
vn -0.328911 0.017915 -0.944191
vn -0.328911 0.017915 -0.944191
vn -0.916609 -0.196737 -0.348026
vn -0.916609 -0.196737 -0.348026
vn -0.916609 -0.196737 -0.348026
vn -0.916609 -0.196737 -0.348026
vn -0.802914 -0.326340 0.498831
vn -0.802914 -0.326340 0.498831
vn -0.802914 -0.326340 0.498831
vn -0.802914 -0.326340 0.498831
vn -0.073134 -0.273326 0.959137
vn -0.073134 -0.273326 0.959137
vn -0.073134 -0.273326 0.959137
vn -0.073134 -0.273326 0.959137
vn 0.723580 -0.077477 0.685879
vn 0.723580 -0.077477 0.685879
vn 0.723580 -0.077477 0.685879
vn 0.723580 -0.077477 0.685879
vn 0.986788 0.113689 -0.115431
vn 0.986788 0.113689 -0.115431
vn 0.986788 0.113689 -0.115431
vn 0.986788 0.113689 -0.115431
vn 0.174601 -0.969169 -0.173858
vn 0.174601 -0.969169 -0.173858
vn 0.174601 -0.969169 -0.173858
vn 0.174602 -0.969169 -0.173858
vn 0.174602 -0.969169 -0.173858
vn 0.174600 -0.969169 -0.173858
vn 0.174599 -0.969169 -0.173856
vn 0.174602 -0.969169 -0.173857
vn 0.567651 0.757873 -0.321560
vn -0.032284 0.720834 -0.692355
vn -0.171557 0.969517 0.174941
vn -0.679136 0.567247 -0.465838
vn -0.892377 0.412376 0.183330
vn -0.513793 0.371138 0.773481
vn 0.179147 0.475721 0.861160
vn 0.663642 0.648583 0.372719
vn 0.164285 0.334168 -0.928085
vn 0.164285 0.334168 -0.928085
vn 0.164285 0.334168 -0.928085
vn 0.164285 0.334168 -0.928085
vn -0.598286 0.552575 -0.580271
vn -0.598286 0.552575 -0.580271
vn -0.598286 0.552575 -0.580271
vn -0.598286 0.552575 -0.580271
vn -0.893653 0.392135 0.218209
vn -0.893653 0.392135 0.218209
vn -0.893653 0.392135 0.218209
vn -0.893653 0.392135 0.218209
vn -0.499032 -0.026557 0.866177
vn -0.499032 -0.026557 0.866177
vn -0.499032 -0.026557 0.866177
vn -0.499031 -0.026557 0.866177
vn 0.288547 -0.388096 0.875284
vn 0.288547 -0.388096 0.875284
vn 0.288547 -0.388096 0.875284
vn 0.288547 -0.388096 0.875284
vn 0.875531 -0.420065 0.238729
vn 0.875531 -0.420064 0.238729
vn 0.875531 -0.420064 0.238729
vn 0.875531 -0.420065 0.238729
vn 0.820043 -0.098587 -0.563746
vn 0.820043 -0.098587 -0.563746
vn 0.820043 -0.098587 -0.563746
vn 0.820043 -0.098587 -0.563746
vn -0.394269 -0.864159 -0.312701
vn -0.394273 -0.864156 -0.312703
vn -0.394269 -0.864158 -0.312702
vn -0.394268 -0.864159 -0.312702
vn -0.394268 -0.864159 -0.312702
vn -0.394267 -0.864160 -0.312700
vn -0.394272 -0.864157 -0.312701
vn -0.394267 -0.864158 -0.312705
vn 0.649117 0.503259 -0.570418
vn -0.029325 0.816455 -0.576665
vn 0.395657 0.865123 0.308250
vn -0.526097 0.850095 -0.023659
vn -0.469546 0.583216 0.662862
vn 0.089166 0.218704 0.971709
vn 0.735500 0.025868 0.677030
vn 0.988614 0.150262 -0.007993
s off
g crystal_4
usemtl lambert4SG
f 269/368/813 270/369/814 277/377/815 276/376/816
f 270/369/817 271/370/818 278/378/819 277/377/820
f 271/370/821 272/371/822 279/379/823 278/378/824
f 272/371/825 273/372/826 280/380/827 279/379/828
f 273/372/829 274/373/830 281/381/831 280/380/832
f 274/373/833 275/374/834 282/382/835 281/381/836
f 275/374/837 269/375/838 276/383/839 282/382/840
s 1
f 270/362/841 269/361/842 283/391/843
f 271/363/844 270/362/841 283/391/843
f 272/364/845 271/363/844 283/391/843
f 273/365/846 272/364/845 283/391/843
f 274/366/847 273/365/846 283/391/843
f 275/367/848 274/366/847 283/391/843
f 269/361/842 275/367/848 283/391/843
s 2
f 276/389/849 277/388/850 284/392/851
f 277/388/850 278/387/852 284/392/851
f 278/387/852 279/386/853 284/392/851
f 279/386/853 280/385/854 284/392/851
f 280/385/854 281/384/855 284/392/851
f 281/384/855 282/390/856 284/392/851
f 282/390/856 276/389/849 284/392/851
s off
f 285/393/857 286/394/858 293/395/859 292/396/860
f 286/394/861 287/397/862 294/398/863 293/395/864
f 287/397/865 288/399/866 295/400/867 294/398/868
f 288/399/869 289/401/870 296/402/871 295/400/872
f 289/401/873 290/403/874 297/404/875 296/402/876
f 290/403/877 291/405/878 298/406/879 297/404/880
f 291/405/881 285/407/882 292/408/883 298/406/884
s 3
f 286/409/885 285/410/886 299/411/887
f 287/412/888 286/409/885 299/411/887
f 288/413/889 287/412/888 299/411/887
f 289/414/890 288/413/889 299/411/887
f 290/415/891 289/414/890 299/411/887
f 291/416/892 290/415/891 299/411/887
f 285/410/886 291/416/892 299/411/887
s 4
f 292/417/893 293/418/894 300/419/895
f 293/418/894 294/420/896 300/419/895
f 294/420/896 295/421/897 300/419/895
f 295/421/897 296/422/898 300/419/895
f 296/422/898 297/423/899 300/419/895
f 297/423/899 298/424/900 300/419/895
f 298/424/900 292/417/893 300/419/895
s off
f 301/425/901 302/426/902 309/427/903 308/428/904
f 302/426/905 303/429/906 310/430/907 309/427/908
f 303/429/909 304/431/910 311/432/911 310/430/912
f 304/431/913 305/433/914 312/434/915 311/432/916
f 305/433/917 306/435/918 313/436/919 312/434/920
f 306/435/921 307/437/922 314/438/923 313/436/924
f 307/437/925 301/439/926 308/440/927 314/438/928
s 5
f 302/441/929 301/442/930 315/443/931
f 303/444/932 302/441/929 315/443/931
f 304/445/933 303/444/932 315/443/931
f 305/446/934 304/445/933 315/443/931
f 306/447/935 305/446/934 315/443/931
f 307/448/936 306/447/935 315/443/931
f 301/442/930 307/448/936 315/443/931
s 6
f 308/449/937 309/450/938 316/451/939
f 309/450/938 310/452/940 316/451/939
f 310/452/940 311/453/941 316/451/939
f 311/453/941 312/454/942 316/451/939
f 312/454/942 313/455/943 316/451/939
f 313/455/943 314/456/944 316/451/939
f 314/456/944 308/449/937 316/451/939
g default
v 2775.535259 0.181357 -927.019681
v 2745.511340 -12.967676 -920.827584
v 2747.538840 8.307907 -939.718612
v 2758.232519 -4.841124 -934.868049
v 2726.955541 -4.841124 -917.000656
v 2724.928040 0.181357 -898.109628
v 2753.241469 26.897474 -922.395120
v 2728.208601 8.307907 -928.675954
v 2758.232519 21.456940 -934.868049
v 2726.955541 21.456940 -917.000656
v 2775.113133 7.113769 -924.528631
v 2754.951959 -12.967676 -904.301724
v 2772.254699 8.307907 -896.453355
v 2773.507758 -4.841124 -908.128652
v 2742.230780 -4.841124 -890.261259
v 2726.303880 8.718454 -898.895595
v 2762.682088 26.897474 -905.869260
v 2752.924459 8.307907 -885.410696
v 2773.929884 20.946652 -910.619702
v 2740.854940 17.977588 -889.475292
vt 1.000000 0.431743
vt 0.250000 0.136446
vt 0.191930 0.548443
vt 0.125000 0.347549
vt 0.375000 0.347549
vt 0.500000 0.431743
vt 0.250000 0.899086
vt 0.308070 0.548443
vt 0.125000 0.732372
vt 0.375000 0.732372
vt 1.000000 0.659117
vt 0.750000 0.136446
vt 0.808070 0.548443
vt 0.875000 0.347549
vt 0.625000 0.347549
vt 0.500000 0.659117
vt 0.750000 0.899086
vt 0.691930 0.548443
vt 0.875000 0.732372
vt 0.625000 0.732372
vt 1.250000 0.899086
vt 1.125000 0.732372
vt 1.250000 0.136446
vt 1.125000 0.347549
vt 1.191930 0.548443
vn 0.553919 0.759948 -0.340078
vn 0.553919 0.759948 -0.340078
vn 0.553919 0.759948 -0.340078
vn 0.553919 0.759948 -0.340078
vn 0.553919 0.759948 -0.340078
vn 0.393443 0.605052 0.692181
vn 0.393443 0.605052 0.692181
vn 0.393443 0.605052 0.692181
vn 0.393443 0.605052 0.692181
vn 0.393443 0.605052 0.692181
vn -0.326063 0.912224 0.248055
vn -0.326063 0.912224 0.248055
vn -0.326063 0.912224 0.248055
vn -0.326063 0.912224 0.248055
vn -0.326063 0.912224 0.248055
vn -0.370708 0.664433 -0.648926
vn -0.370708 0.664433 -0.648926
vn -0.370708 0.664433 -0.648926
vn -0.370708 0.664433 -0.648926
vn -0.370708 0.664433 -0.648926
vn 0.357121 -0.911507 -0.204010
vn 0.357121 -0.911507 -0.204010
vn 0.357121 -0.911507 -0.204010
vn 0.357121 -0.911507 -0.204010
vn 0.357121 -0.911507 -0.204010
vn -0.357121 -0.911507 0.204010
vn -0.357121 -0.911507 0.204010
vn -0.357121 -0.911507 0.204010
vn -0.357121 -0.911507 0.204010
vn -0.357121 -0.911507 0.204010
vn 0.994649 -0.002065 0.103290
vn 0.994649 -0.002065 0.103290
vn 0.994649 -0.002065 0.103290
vn 0.994649 -0.002065 0.103290
vn 0.994649 -0.002065 0.103290
vn 0.461475 0.048530 -0.885825
vn 0.461475 0.048530 -0.885825
vn 0.461475 0.048530 -0.885825
vn 0.461475 0.048530 -0.885825
vn 0.461475 0.048530 -0.885825
vn -0.401837 -0.586285 -0.703418
vn -0.401837 -0.586285 -0.703418
vn -0.401837 -0.586285 -0.703418
vn -0.401837 -0.586285 -0.703418
vn -0.401837 -0.586285 -0.703418
vn -0.996617 0.025638 -0.078089
vn -0.996617 0.025638 -0.078089
vn -0.996617 0.025638 -0.078088
vn -0.996617 0.025638 -0.078089
vn -0.996617 0.025638 -0.078089
vn 0.401837 -0.586285 0.703418
vn 0.401837 -0.586285 0.703418
vn 0.401837 -0.586285 0.703418
vn 0.401837 -0.586285 0.703418
vn 0.401837 -0.586285 0.703418
vn -0.437990 -0.017797 0.898804
vn -0.437990 -0.017797 0.898804
vn -0.437990 -0.017797 0.898804
vn -0.437990 -0.017797 0.898804
vn -0.437990 -0.017797 0.898804
s off
g pPlatonic8
usemtl lambert7SG
f 323/477/945 333/473/946 335/475/947 327/467/948 325/478/949
f 334/474/950 329/469/951 335/475/952 333/473/953 336/476/954
f 332/472/955 336/476/956 333/473/957 323/463/958 326/466/959
f 319/459/960 324/464/961 326/466/962 323/463/963 325/465/964
f 328/468/965 318/479/966 320/480/967 317/457/968 330/470/969
f 318/458/970 328/468/971 331/471/972 322/462/973 321/461/974
f 330/470/975 317/457/976 327/467/977 335/475/978 329/469/979
f 317/457/980 320/480/981 319/481/982 325/478/983 327/467/984
f 318/458/985 321/461/986 324/464/987 319/459/988 320/460/989
f 321/461/990 322/462/991 332/472/992 326/466/993 324/464/994
f 328/468/995 330/470/996 329/469/997 334/474/998 331/471/999
f 322/462/1000 331/471/1001 334/474/1002 336/476/1003 332/472/1004
g default
v 1093.894302 2.744699 495.132026
v 1080.480258 -3.130007 497.898522
v 1081.386101 6.375468 489.458415
v 1086.163808 0.500762 491.625543
v 1072.189924 0.500762 499.608312
v 1071.284080 2.744699 508.048419
v 1083.933914 14.680889 497.198181
v 1072.749764 6.375468 494.392039
v 1086.163808 12.250174 491.625543
v 1072.189924 12.250174 499.608312
v 1093.705705 5.841953 496.244974
v 1084.698124 -3.130007 505.281923
v 1092.428618 6.375468 508.788406
v 1092.988458 0.500762 503.572133
v 1079.014574 0.500762 511.554902
v 1071.898776 6.558891 507.697266
v 1088.151780 14.680889 504.581581
v 1083.792281 6.375468 513.722030
v 1093.177055 12.022189 502.459185
v 1078.399878 10.695674 511.906055
vt 1.000000 0.431743
vt 0.250000 0.136446
vt 0.191930 0.548443
vt 0.125000 0.347549
vt 0.375000 0.347549
vt 0.500000 0.431743
vt 0.250000 0.899086
vt 0.308070 0.548443
vt 0.125000 0.732372
vt 0.375000 0.732372
vt 1.000000 0.659117
vt 0.750000 0.136446
vt 0.808070 0.548443
vt 0.875000 0.347549
vt 0.625000 0.347549
vt 0.500000 0.659117
vt 0.750000 0.899086
vt 0.691930 0.548443
vt 0.875000 0.732372
vt 0.625000 0.732372
vt 1.250000 0.899086
vt 1.125000 0.732372
vt 1.250000 0.136446
vt 1.125000 0.347549
vt 1.191930 0.548443
vn 0.553919 0.759948 -0.340078
vn 0.553919 0.759948 -0.340078
vn 0.553919 0.759948 -0.340078
vn 0.553919 0.759948 -0.340078
vn 0.553919 0.759948 -0.340078
vn 0.393443 0.605052 0.692181
vn 0.393443 0.605052 0.692181
vn 0.393443 0.605052 0.692181
vn 0.393443 0.605052 0.692181
vn 0.393443 0.605052 0.692181
vn -0.326063 0.912224 0.248055
vn -0.326063 0.912224 0.248055
vn -0.326063 0.912224 0.248055
vn -0.326063 0.912224 0.248055
vn -0.326063 0.912224 0.248055
vn -0.370708 0.664433 -0.648926
vn -0.370708 0.664433 -0.648926
vn -0.370708 0.664433 -0.648926
vn -0.370708 0.664433 -0.648926
vn -0.370708 0.664433 -0.648926
vn 0.357121 -0.911507 -0.204010
vn 0.357121 -0.911507 -0.204010
vn 0.357121 -0.911507 -0.204010
vn 0.357121 -0.911507 -0.204010
vn 0.357121 -0.911507 -0.204010
vn -0.357121 -0.911507 0.204010
vn -0.357121 -0.911507 0.204010
vn -0.357121 -0.911507 0.204010
vn -0.357121 -0.911507 0.204010
vn -0.357121 -0.911507 0.204010
vn 0.994649 -0.002065 0.103290
vn 0.994649 -0.002065 0.103290
vn 0.994649 -0.002065 0.103290
vn 0.994649 -0.002065 0.103290
vn 0.994649 -0.002065 0.103290
vn 0.461475 0.048530 -0.885825
vn 0.461475 0.048530 -0.885825
vn 0.461475 0.048530 -0.885825
vn 0.461475 0.048530 -0.885825
vn 0.461475 0.048530 -0.885825
vn -0.401837 -0.586285 -0.703418
vn -0.401837 -0.586285 -0.703418
vn -0.401837 -0.586285 -0.703418
vn -0.401837 -0.586285 -0.703418
vn -0.401837 -0.586285 -0.703418
vn -0.996617 0.025638 -0.078088
vn -0.996617 0.025638 -0.078089
vn -0.996617 0.025638 -0.078088
vn -0.996617 0.025638 -0.078089
vn -0.996617 0.025638 -0.078088
vn 0.401837 -0.586285 0.703418
vn 0.401837 -0.586285 0.703418
vn 0.401837 -0.586285 0.703418
vn 0.401837 -0.586285 0.703418
vn 0.401837 -0.586285 0.703418
vn -0.437990 -0.017797 0.898804
vn -0.437990 -0.017797 0.898804
vn -0.437990 -0.017797 0.898804
vn -0.437990 -0.017797 0.898804
vn -0.437990 -0.017797 0.898804
s off
g pPlatonic3
usemtl lambert7SG
f 343/502/1005 353/498/1006 355/500/1007 347/492/1008 345/503/1009
f 354/499/1010 349/494/1011 355/500/1012 353/498/1013 356/501/1014
f 352/497/1015 356/501/1016 353/498/1017 343/488/1018 346/491/1019
f 339/484/1020 344/489/1021 346/491/1022 343/488/1023 345/490/1024
f 348/493/1025 338/504/1026 340/505/1027 337/482/1028 350/495/1029
f 338/483/1030 348/493/1031 351/496/1032 342/487/1033 341/486/1034
f 350/495/1035 337/482/1036 347/492/1037 355/500/1038 349/494/1039
f 337/482/1040 340/505/1041 339/506/1042 345/503/1043 347/492/1044
f 338/483/1045 341/486/1046 344/489/1047 339/484/1048 340/485/1049
f 341/486/1050 342/487/1051 352/497/1052 346/491/1053 344/489/1054
f 348/493/1055 350/495/1056 349/494/1057 354/499/1058 351/496/1059
f 342/487/1060 351/496/1061 354/499/1062 356/501/1063 352/497/1064
g default
v 1364.621074 -2.261419 -1104.595416
v 1357.296224 -2.261419 -1093.299851
v 1361.560520 -2.261419 -1080.530392
v 1374.202803 -2.261419 -1075.902700
v 1385.703245 -2.261419 -1082.901495
v 1387.401737 -2.261419 -1096.256582
v 1378.019294 -2.261419 -1105.911302
v 1363.512467 51.243462 -1109.266567
v 1351.801892 55.869980 -1095.755031
v 1355.662565 62.075481 -1078.793551
v 1372.187347 65.187111 -1071.154553
v 1388.932670 62.861740 -1078.590277
v 1393.289015 56.850418 -1095.501494
v 1381.975989 51.679802 -1109.153768
v 1372.686408 -2.261419 -1091.342518
v 1372.686408 87.337761 -1091.342518
v 1375.973830 -1.357593 -1082.718595
v 1369.623088 -1.815638 -1077.803529
v 1369.467856 -3.608806 -1069.963822
v 1375.625061 -5.386806 -1065.103005
v 1383.458179 -5.810766 -1066.881338
v 1387.068782 -4.561437 -1073.959668
v 1383.737889 -2.579588 -1081.007952
v 1378.863586 34.148865 -1077.851077
v 1370.151173 33.520485 -1071.108244
v 1369.938239 31.060495 -1060.353215
v 1378.385101 28.621313 -1053.684795
v 1389.131140 28.039694 -1056.124379
v 1394.084406 29.753611 -1065.834990
v 1389.514900 32.472446 -1075.504275
v 1377.850692 -3.588662 -1073.919712
v 1383.377795 48.294418 -1061.943072
v 1379.028269 -4.409107 -1107.433475
v 1376.439562 -1.045886 -1100.600621
v 1380.132908 -0.709863 -1093.462949
v 1387.327091 -3.654070 -1091.395250
v 1392.604813 -7.661459 -1095.954472
v 1391.991756 -9.714384 -1103.707599
v 1385.949674 -8.266952 -1108.816157
v 1391.156727 17.577190 -1112.796657
v 1389.022659 20.349710 -1107.163919
v 1392.067351 20.626715 -1101.279830
v 1397.997965 18.199615 -1099.575280
v 1402.348688 14.896066 -1103.333803
v 1401.843350 13.203707 -1109.725097
v 1396.862411 14.396918 -1113.936503
v 1384.782024 -5.065960 -1100.195775
v 1401.159028 27.909748 -1110.222316
vt 0.597420 0.034089
vt 0.465231 0.003918
vt 0.359224 0.088456
vt 0.359224 0.224044
vt 0.465231 0.308582
vt 0.597420 0.278411
vt 0.656250 0.156250
vt 0.375000 0.312500
vt 0.410714 0.312500
vt 0.446429 0.312500
vt 0.482143 0.312500
vt 0.517857 0.312500
vt 0.553571 0.312500
vt 0.589286 0.312500
vt 0.625000 0.312500
vt 0.375000 0.687500
vt 0.410714 0.687500
vt 0.446429 0.687500
vt 0.482143 0.687500
vt 0.517857 0.687500
vt 0.553571 0.687500
vt 0.589286 0.687500
vt 0.625000 0.687500
vt 0.597420 0.721589
vt 0.465231 0.691418
vt 0.359224 0.775956
vt 0.359224 0.911544
vt 0.465231 0.996082
vt 0.597420 0.965911
vt 0.656250 0.843750
vt 0.500000 0.156250
vt 0.500000 0.843750
vt 0.375000 0.312500
vt 0.410714 0.312500
vt 0.410714 0.687500
vt 0.375000 0.687500
vt 0.446429 0.312500
vt 0.446429 0.687500
vt 0.482143 0.312500
vt 0.482143 0.687500
vt 0.517857 0.312500
vt 0.517857 0.687500
vt 0.553571 0.312500
vt 0.553571 0.687500
vt 0.589286 0.312500
vt 0.589286 0.687500
vt 0.625000 0.312500
vt 0.625000 0.687500
vt 0.465231 0.003918
vt 0.597420 0.034089
vt 0.500000 0.156250
vt 0.359224 0.088456
vt 0.359224 0.224044
vt 0.465231 0.308582
vt 0.597420 0.278411
vt 0.656250 0.156250
vt 0.597420 0.965911
vt 0.465231 0.996082
vt 0.500000 0.843750
vt 0.359224 0.911544
vt 0.359224 0.775956
vt 0.465231 0.691418
vt 0.597420 0.721589
vt 0.656250 0.843750
vt 0.375000 0.312500
vt 0.410714 0.312500
vt 0.410714 0.687500
vt 0.375000 0.687500
vt 0.446429 0.312500
vt 0.446429 0.687500
vt 0.482143 0.312500
vt 0.482143 0.687500
vt 0.517857 0.312500
vt 0.517857 0.687500
vt 0.553571 0.312500
vt 0.553571 0.687500
vt 0.589286 0.312500
vt 0.589286 0.687500
vt 0.625000 0.312500
vt 0.625000 0.687500
vt 0.465231 0.003918
vt 0.597420 0.034089
vt 0.500000 0.156250
vt 0.359224 0.088456
vt 0.359224 0.224044
vt 0.465231 0.308582
vt 0.597420 0.278411
vt 0.656250 0.156250
vt 0.597420 0.965911
vt 0.465231 0.996082
vt 0.500000 0.843750
vt 0.359224 0.911544
vt 0.359224 0.775956
vt 0.465231 0.691418
vt 0.597420 0.721589
vt 0.656250 0.843750
vn -0.798077 -0.085281 -0.596490
vn -0.798077 -0.085281 -0.596490
vn -0.798077 -0.085281 -0.596490
vn -0.798077 -0.085281 -0.596490
vn -0.956162 -0.087305 0.279522
vn -0.956162 -0.087305 0.279522
vn -0.956162 -0.087305 0.279522
vn -0.956162 -0.087305 0.279522
vn -0.380578 -0.068235 0.922228
vn -0.380578 -0.068235 0.922228
vn -0.380578 -0.068235 0.922228
vn -0.380578 -0.068235 0.922228
vn 0.449848 -0.064988 0.890738
vn 0.449848 -0.064988 0.890738
vn 0.449848 -0.064988 0.890738
vn 0.449848 -0.064988 0.890738
vn 0.974242 -0.080090 0.210806
vn 0.974242 -0.080090 0.210806
vn 0.974242 -0.080090 0.210806
vn 0.974241 -0.080090 0.210806
vn 0.754106 -0.080004 -0.651862
vn 0.754106 -0.080004 -0.651862
vn 0.754106 -0.080004 -0.651862
vn 0.754106 -0.080004 -0.651862
vn -0.036643 -0.072438 -0.996700
vn -0.036643 -0.072438 -0.996700
vn -0.036643 -0.072438 -0.996700
vn -0.036644 -0.072438 -0.996700
vn -0.000000 -1.000000 -0.000000
vn -0.000000 -1.000000 -0.000000
vn -0.000000 -1.000000 -0.000000
vn -0.000000 -1.000000 -0.000000
vn 0.000000 -1.000000 0.000000
vn 0.000000 -1.000000 0.000000
vn 0.000000 -1.000000 0.000000
vn 0.000000 -1.000000 0.000000
vn -0.278777 0.483042 -0.830033
vn -0.715594 0.537483 -0.446137
vn -0.011370 0.972445 -0.232854
vn -0.730059 0.627000 0.271817
vn -0.029117 0.673679 0.738451
vn 0.709047 0.632776 0.311201
vn 0.715724 0.543498 -0.438577
vn 0.260229 0.484867 -0.834976
vn -0.611544 0.156104 -0.775658
vn -0.611545 0.156104 -0.775658
vn -0.611544 0.156104 -0.775658
vn -0.611544 0.156104 -0.775658
vn -0.999716 0.017915 -0.015691
vn -0.999716 0.017915 -0.015691
vn -0.999716 0.017915 -0.015691
vn -0.999716 0.017915 -0.015690
vn -0.641896 -0.196737 0.741123
vn -0.641896 -0.196737 0.741123
vn -0.641896 -0.196737 0.741123
vn -0.641896 -0.196737 0.741123
vn 0.192438 -0.326340 0.925457
vn 0.192438 -0.326340 0.925457
vn 0.192438 -0.326340 0.925457
vn 0.192438 -0.326340 0.925457
vn 0.875552 -0.273326 0.398374
vn 0.875552 -0.273326 0.398374
vn 0.875552 -0.273326 0.398374
vn 0.875552 -0.273326 0.398374
vn 0.892810 -0.077477 -0.443721
vn 0.892810 -0.077477 -0.443721
vn 0.892810 -0.077477 -0.443721
vn 0.892810 -0.077477 -0.443721
vn 0.230804 0.113689 -0.966335
vn 0.230804 0.113689 -0.966335
vn 0.230804 0.113689 -0.966335
vn 0.230804 0.113689 -0.966335
vn -0.103246 -0.969169 -0.223724
vn -0.103246 -0.969169 -0.223724
vn -0.103245 -0.969169 -0.223724
vn -0.103246 -0.969169 -0.223725
vn -0.103245 -0.969169 -0.223724
vn -0.103246 -0.969169 -0.223723
vn -0.103245 -0.969169 -0.223721
vn -0.103245 -0.969169 -0.223725
vn -0.106839 0.757873 -0.643595
vn -0.661263 0.720834 -0.207675
vn 0.105309 0.969517 0.221237
vn -0.670900 0.567247 0.477623
vn -0.134590 0.412376 0.901017
vn 0.549736 0.371138 0.748363
vn 0.870264 0.475721 0.127788
vn 0.578129 0.648583 -0.495083
vn -0.815059 0.334168 -0.473297
vn -0.815059 0.334168 -0.473297
vn -0.815059 0.334168 -0.473297
vn -0.815059 0.334168 -0.473297
vn -0.750568 0.552575 0.362365
vn -0.750568 0.552575 0.362365
vn -0.750568 0.552575 0.362365
vn -0.750568 0.552575 0.362365
vn -0.102275 0.392135 0.914204
vn -0.102275 0.392135 0.914204
vn -0.102275 0.392135 0.914204
vn -0.102275 0.392135 0.914204
vn 0.641857 -0.026557 0.766365
vn 0.641857 -0.026557 0.766365
vn 0.641857 -0.026557 0.766365
vn 0.641857 -0.026557 0.766365
vn 0.921133 -0.388096 0.029909
vn 0.921133 -0.388096 0.029909
vn 0.921133 -0.388096 0.029909
vn 0.921133 -0.388096 0.029909
vn 0.525140 -0.420065 -0.740118
vn 0.525140 -0.420064 -0.740118
vn 0.525140 -0.420064 -0.740118
vn 0.525140 -0.420064 -0.740118
vn -0.247509 -0.098587 -0.963857
vn -0.247509 -0.098587 -0.963857
vn -0.247509 -0.098587 -0.963857
vn -0.247509 -0.098587 -0.963857
vn -0.429173 -0.864159 0.262755
vn -0.429177 -0.864156 0.262758
vn -0.429174 -0.864158 0.262755
vn -0.429174 -0.864159 0.262754
vn -0.429174 -0.864159 0.262753
vn -0.429172 -0.864160 0.262753
vn -0.429175 -0.864157 0.262758
vn -0.429176 -0.864158 0.262752
vn -0.312529 0.503259 -0.805640
vn -0.551605 0.816455 -0.170686
vn 0.425471 0.865123 -0.265588
vn -0.203060 0.850095 0.485906
vn 0.461066 0.583216 0.668788
vn 0.943147 0.218704 0.250286
vn 0.888598 0.025868 -0.457957
vn 0.332324 0.150262 -0.931119
s off
g crystal_5
usemtl lambert4SG
f 357/514/1065 358/515/1066 365/523/1067 364/522/1068
f 358/515/1069 359/516/1070 366/524/1071 365/523/1072
f 359/516/1073 360/517/1074 367/525/1075 366/524/1076
f 360/517/1077 361/518/1078 368/526/1079 367/525/1080
f 361/518/1081 362/519/1082 369/527/1083 368/526/1084
f 362/519/1085 363/520/1086 370/528/1087 369/527/1088
f 363/520/1089 357/521/1090 364/529/1091 370/528/1092
s 1
f 358/508/1093 357/507/1094 371/537/1095
f 359/509/1096 358/508/1093 371/537/1095
f 360/510/1097 359/509/1096 371/537/1095
f 361/511/1098 360/510/1097 371/537/1095
f 362/512/1099 361/511/1098 371/537/1095
f 363/513/1100 362/512/1099 371/537/1095
f 357/507/1094 363/513/1100 371/537/1095
s 2
f 364/535/1101 365/534/1102 372/538/1103
f 365/534/1102 366/533/1104 372/538/1103
f 366/533/1104 367/532/1105 372/538/1103
f 367/532/1105 368/531/1106 372/538/1103
f 368/531/1106 369/530/1107 372/538/1103
f 369/530/1107 370/536/1108 372/538/1103
f 370/536/1108 364/535/1101 372/538/1103
s off
f 373/539/1109 374/540/1110 381/541/1111 380/542/1112
f 374/540/1113 375/543/1114 382/544/1115 381/541/1116
f 375/543/1117 376/545/1118 383/546/1119 382/544/1120
f 376/545/1121 377/547/1122 384/548/1123 383/546/1124
f 377/547/1125 378/549/1126 385/550/1127 384/548/1128
f 378/549/1129 379/551/1130 386/552/1131 385/550/1132
f 379/551/1133 373/553/1134 380/554/1135 386/552/1136
s 3
f 374/555/1137 373/556/1138 387/557/1139
f 375/558/1140 374/555/1137 387/557/1139
f 376/559/1141 375/558/1140 387/557/1139
f 377/560/1142 376/559/1141 387/557/1139
f 378/561/1143 377/560/1142 387/557/1139
f 379/562/1144 378/561/1143 387/557/1139
f 373/556/1138 379/562/1144 387/557/1139
s 4
f 380/563/1145 381/564/1146 388/565/1147
f 381/564/1146 382/566/1148 388/565/1147
f 382/566/1148 383/567/1149 388/565/1147
f 383/567/1149 384/568/1150 388/565/1147
f 384/568/1150 385/569/1151 388/565/1147
f 385/569/1151 386/570/1152 388/565/1147
f 386/570/1152 380/563/1145 388/565/1147
s off
f 389/571/1153 390/572/1154 397/573/1155 396/574/1156
f 390/572/1157 391/575/1158 398/576/1159 397/573/1160
f 391/575/1161 392/577/1162 399/578/1163 398/576/1164
f 392/577/1165 393/579/1166 400/580/1167 399/578/1168
f 393/579/1169 394/581/1170 401/582/1171 400/580/1172
f 394/581/1173 395/583/1174 402/584/1175 401/582/1176
f 395/583/1177 389/585/1178 396/586/1179 402/584/1180
s 5
f 390/587/1181 389/588/1182 403/589/1183
f 391/590/1184 390/587/1181 403/589/1183
f 392/591/1185 391/590/1184 403/589/1183
f 393/592/1186 392/591/1185 403/589/1183
f 394/593/1187 393/592/1186 403/589/1183
f 395/594/1188 394/593/1187 403/589/1183
f 389/588/1182 395/594/1188 403/589/1183
s 6
f 396/595/1189 397/596/1190 404/597/1191
f 397/596/1190 398/598/1192 404/597/1191
f 398/598/1192 399/599/1193 404/597/1191
f 399/599/1193 400/600/1194 404/597/1191
f 400/600/1194 401/601/1195 404/597/1191
f 401/601/1195 402/602/1196 404/597/1191
f 402/602/1196 396/595/1189 404/597/1191
g default
v 1862.247860 -2.957012 -1326.937743
v 1859.781424 -2.957012 -1326.922975
v 1857.794707 -2.957012 -1325.461275
v 1857.046659 -2.957012 -1323.111029
v 1857.822868 -2.957012 -1320.769920
v 1859.826927 -2.957012 -1319.332139
v 1862.293304 -2.957012 -1319.346864
v 1864.280020 -2.957012 -1320.808564
v 1865.028128 -2.957012 -1323.158853
v 1864.251896 -2.957012 -1325.499992
v 1862.618294 13.339891 -1328.101450
v 1859.397093 13.339891 -1328.082142
v 1856.802438 13.339891 -1326.173158
v 1855.825437 13.339891 -1323.103696
v 1856.839152 13.339891 -1320.046163
v 1859.456492 13.339891 -1318.168432
v 1862.677612 13.339891 -1318.187727
v 1865.272268 13.339891 -1320.096710
v 1866.249349 13.339891 -1323.166186
v 1865.235554 13.339891 -1326.223705
v 1862.685689 29.636795 -1328.313314
v 1859.327105 29.636795 -1328.293189
v 1856.621781 29.636795 -1326.302782
v 1855.603058 29.636795 -1323.102362
v 1856.660047 29.636795 -1319.914389
v 1859.389039 29.636795 -1317.956525
v 1862.747600 29.636795 -1317.976679
v 1865.452925 29.636795 -1319.967086
v 1866.471670 29.636795 -1323.167477
v 1865.414659 29.636795 -1326.355479
v 1862.399256 43.986998 -1327.413369
v 1859.624342 43.986998 -1327.396758
v 1857.389197 43.986998 -1325.752280
v 1856.547528 43.986998 -1323.108038
v 1857.420829 43.986998 -1320.474125
v 1859.675531 43.986998 -1318.856513
v 1862.450445 43.986998 -1318.873124
v 1864.685589 43.986998 -1320.517602
v 1865.527259 43.986998 -1323.161844
v 1864.653936 43.986998 -1325.795787
v 1861.037353 -2.957012 -1323.134934
v 1861.963841 47.038860 -1326.045502
v 1860.076115 47.038860 -1326.034200
v 1858.555543 47.038860 -1324.915459
v 1857.982968 47.038860 -1323.116627
v 1858.577054 47.038860 -1321.324800
v 1860.110916 47.038860 -1320.224359
v 1861.998642 47.038860 -1320.235661
v 1863.519214 47.038860 -1321.354401
v 1864.091789 47.038860 -1323.153233
v 1863.497683 47.038860 -1324.945087
v 1861.435596 47.734951 -1324.385970
v 1860.624203 47.734951 -1324.381111
v 1861.037362 47.734951 -1323.134933
v 1859.970621 47.734951 -1323.900248
v 1859.724513 47.734951 -1323.127063
v 1859.979867 47.734951 -1322.356889
v 1860.639161 47.734951 -1321.883890
v 1861.450554 47.734951 -1321.888749
v 1862.104136 47.734951 -1322.369613
v 1862.350244 47.734951 -1323.142797
v 1862.094882 47.734951 -1323.912983
vt 0.626409 0.064409
vt 0.548284 0.007647
vt 0.451716 0.007647
vt 0.373591 0.064409
vt 0.343750 0.156250
vt 0.373591 0.248091
vt 0.451716 0.304853
vt 0.548284 0.304853
vt 0.626409 0.248091
vt 0.656250 0.156250
vt 0.375000 0.312500
vt 0.400000 0.312500
vt 0.425000 0.312500
vt 0.450000 0.312500
vt 0.475000 0.312500
vt 0.500000 0.312500
vt 0.525000 0.312500
vt 0.550000 0.312500
vt 0.575000 0.312500
vt 0.600000 0.312500
vt 0.625000 0.312500
vt 0.375000 0.437500
vt 0.400000 0.437500
vt 0.425000 0.437500
vt 0.450000 0.437500
vt 0.475000 0.437500
vt 0.500000 0.437500
vt 0.525000 0.437500
vt 0.550000 0.437500
vt 0.575000 0.437500
vt 0.600000 0.437500
vt 0.625000 0.437500
vt 0.375000 0.562500
vt 0.400000 0.562500
vt 0.425000 0.562500
vt 0.450000 0.562500
vt 0.475000 0.562500
vt 0.500000 0.562500
vt 0.525000 0.562500
vt 0.550000 0.562500
vt 0.575000 0.562500
vt 0.600000 0.562500
vt 0.625000 0.562500
vt 0.375000 0.687500
vt 0.400000 0.687500
vt 0.425000 0.687500
vt 0.450000 0.687500
vt 0.475000 0.687500
vt 0.500000 0.687500
vt 0.525000 0.687500
vt 0.550000 0.687500
vt 0.575000 0.687500
vt 0.600000 0.687500
vt 0.625000 0.687500
vt 0.626409 0.751909
vt 0.548284 0.695147
vt 0.451716 0.695147
vt 0.373591 0.751909
vt 0.343750 0.843750
vt 0.373591 0.935591
vt 0.451716 0.992353
vt 0.548284 0.992353
vt 0.626409 0.935591
vt 0.656250 0.843750
vt 0.500000 0.156250
vt 0.500000 0.843750
vt 0.626409 0.935591
vt 0.548284 0.992353
vt 0.451716 0.992353
vt 0.373591 0.935591
vt 0.343750 0.843750
vt 0.373591 0.751909
vt 0.451716 0.695147
vt 0.548284 0.695147
vt 0.626409 0.751909
vt 0.656250 0.843750
vt 0.626409 0.935591
vt 0.548284 0.992353
vt 0.451716 0.992353
vt 0.373591 0.935591
vt 0.343750 0.843750
vt 0.373591 0.751909
vt 0.451716 0.695147
vt 0.548284 0.695147
vt 0.626409 0.751909
vt 0.656250 0.843750
vn -0.005976 -0.071088 -0.997452
vn -0.005976 -0.071088 -0.997452
vn -0.005988 -0.039560 -0.999199
vn -0.005988 -0.039560 -0.999199
vn -0.591123 -0.071088 -0.803443
vn -0.591123 -0.071088 -0.803443
vn -0.592158 -0.039560 -0.804850
vn -0.592158 -0.039560 -0.804850
vn -0.950485 -0.071088 -0.302531
vn -0.950485 -0.071088 -0.302531
vn -0.952148 -0.039560 -0.303067
vn -0.952148 -0.039560 -0.303067
vn -0.946788 -0.071090 0.313908
vn -0.946788 -0.071090 0.313908
vn -0.948447 -0.039561 0.314458
vn -0.948447 -0.039561 0.314458
vn -0.581452 -0.071090 0.810469
vn -0.581452 -0.071090 0.810469
vn -0.582470 -0.039561 0.811889
vn -0.582470 -0.039561 0.811889
vn 0.005966 -0.071087 0.997452
vn 0.005966 -0.071087 0.997452
vn 0.005984 -0.039560 0.999199
vn 0.005984 -0.039560 0.999199
vn 0.591123 -0.071086 0.803443
vn 0.591123 -0.071086 0.803443
vn 0.592158 -0.039559 0.804850
vn 0.592158 -0.039559 0.804850
vn 0.950479 -0.071087 0.302551
vn 0.950479 -0.071087 0.302551
vn 0.952143 -0.039559 0.303084
vn 0.952143 -0.039559 0.303084
vn 0.946783 -0.071088 -0.313924
vn 0.946783 -0.071088 -0.313924
vn 0.948442 -0.039559 -0.314473
vn 0.948442 -0.039559 -0.314473
vn 0.581459 -0.071088 -0.810464
vn 0.581458 -0.071088 -0.810464
vn 0.582476 -0.039559 -0.811884
vn 0.582476 -0.039559 -0.811885
vn -0.005990 0.020772 -0.999766
vn -0.005990 0.020772 -0.999766
vn -0.592494 0.020771 -0.805307
vn -0.592494 0.020772 -0.805307
vn -0.952686 0.020773 -0.303244
vn -0.952686 0.020773 -0.303244
vn -0.948984 0.020773 0.314639
vn -0.948984 0.020773 0.314639
vn -0.582803 0.020773 0.812348
vn -0.582803 0.020773 0.812348
vn 0.005993 0.020772 0.999766
vn 0.005993 0.020772 0.999766
vn 0.592494 0.020770 0.805307
vn 0.592494 0.020770 0.805307
vn 0.952683 0.020771 0.303255
vn 0.952683 0.020772 0.303255
vn 0.948981 0.020772 -0.314648
vn 0.948981 0.020772 -0.314648
vn 0.582805 0.020772 -0.812347
vn 0.582805 0.020772 -0.812347
vn -0.005977 0.062469 -0.998029
vn -0.005977 0.062469 -0.998029
vn -0.591464 0.062470 -0.803908
vn -0.591464 0.062470 -0.803908
vn -0.951030 0.062472 -0.302719
vn -0.951030 0.062472 -0.302719
vn -0.947334 0.062474 0.314096
vn -0.947334 0.062474 0.314095
vn -0.581792 0.062474 0.810934
vn -0.581792 0.062474 0.810934
vn 0.005982 0.062471 0.998029
vn 0.005982 0.062471 0.998029
vn 0.591464 0.062467 0.803908
vn 0.591464 0.062467 0.803908
vn 0.951029 0.062468 0.302723
vn 0.951029 0.062468 0.302723
vn 0.947333 0.062469 -0.314099
vn 0.947333 0.062469 -0.314099
vn 0.581790 0.062469 -0.810937
vn 0.581790 0.062469 -0.810937
vn 0.000000 -1.000000 0.000000
vn 0.000000 -1.000000 0.000000
vn 0.000000 -1.000000 0.000000
vn 0.000000 -1.000000 0.000000
vn 0.000000 -1.000000 0.000000
vn 0.000000 -1.000000 0.000000
vn 0.000000 -1.000000 0.000000
vn 0.000000 -1.000000 0.000000
vn 0.000000 -1.000000 0.000000
vn 0.000000 -1.000000 0.000000
vn 0.000000 -1.000000 0.000000
vn 0.000001 1.000000 0.000002
vn 0.000001 1.000000 0.000001
vn 0.000000 1.000000 0.000000
vn 0.000000 1.000000 0.000000
vn -0.000002 1.000000 -0.000003
vn 0.000000 1.000000 0.000000
vn 0.000003 1.000000 0.000004
vn 0.000001 1.000000 0.000001
vn -0.000001 1.000000 -0.000001
vn -0.000001 1.000000 -0.000002
vn -0.000000 1.000000 -0.000000
vn -0.005465 0.408349 -0.912810
vn -0.005465 0.408349 -0.912810
vn -0.005465 0.408349 -0.912810
vn -0.005465 0.408349 -0.912810
vn -0.540960 0.408351 -0.735263
vn -0.540960 0.408351 -0.735263
vn -0.540960 0.408351 -0.735263
vn -0.540960 0.408351 -0.735263
vn -0.869827 0.408343 -0.276869
vn -0.869827 0.408343 -0.276869
vn -0.869827 0.408343 -0.276869
vn -0.869827 0.408343 -0.276869
vn -0.866447 0.408339 0.287277
vn -0.866447 0.408339 0.287277
vn -0.866447 0.408339 0.287277
vn -0.866447 0.408339 0.287277
vn -0.532118 0.408339 0.741694
vn -0.532118 0.408339 0.741694
vn -0.532118 0.408339 0.741694
vn -0.532118 0.408339 0.741694
vn 0.005464 0.408344 0.912812
vn 0.005464 0.408344 0.912812
vn 0.005464 0.408344 0.912812
vn 0.005464 0.408344 0.912812
vn 0.540960 0.408351 0.735263
vn 0.540960 0.408351 0.735263
vn 0.540960 0.408351 0.735263
vn 0.540960 0.408351 0.735263
vn 0.869825 0.408349 0.276868
vn 0.869825 0.408349 0.276868
vn 0.869825 0.408349 0.276868
vn 0.869825 0.408349 0.276868
vn 0.866442 0.408348 -0.287280
vn 0.866442 0.408348 -0.287280
vn 0.866443 0.408348 -0.287280
vn 0.866442 0.408348 -0.287280
vn 0.532112 0.408348 -0.741693
vn 0.532112 0.408348 -0.741693
vn 0.532112 0.408348 -0.741693
vn 0.532112 0.408348 -0.741693
vn -0.002320 0.921897 -0.387429
vn -0.002320 0.921897 -0.387429
vn -0.002320 0.921897 -0.387429
vn -0.002320 0.921897 -0.387429
vn -0.229603 0.921897 -0.312072
vn -0.229603 0.921897 -0.312072
vn -0.229603 0.921897 -0.312072
vn -0.229603 0.921897 -0.312072
vn -0.369185 0.921897 -0.117514
vn -0.369185 0.921897 -0.117513
vn -0.369185 0.921897 -0.117513
vn -0.369185 0.921897 -0.117514
vn -0.367750 0.921897 0.121929
vn -0.367749 0.921897 0.121928
vn -0.367749 0.921897 0.121928
vn -0.367749 0.921897 0.121928
vn -0.225848 0.921897 0.314801
vn -0.225848 0.921897 0.314801
vn -0.225848 0.921897 0.314801
vn -0.225848 0.921897 0.314801
vn 0.002320 0.921897 0.387429
vn 0.002320 0.921897 0.387429
vn 0.002320 0.921897 0.387429
vn 0.002320 0.921897 0.387429
vn 0.229603 0.921897 0.312072
vn 0.229603 0.921897 0.312072
vn 0.229603 0.921897 0.312072
vn 0.229603 0.921897 0.312072
vn 0.369185 0.921897 0.117514
vn 0.369185 0.921897 0.117513
vn 0.369185 0.921897 0.117513
vn 0.369185 0.921897 0.117514
vn 0.367749 0.921897 -0.121931
vn 0.367749 0.921897 -0.121931
vn 0.367749 0.921897 -0.121931
vn 0.367749 0.921897 -0.121931
vn 0.225846 0.921897 -0.314801
vn 0.225846 0.921897 -0.314801
vn 0.225846 0.921897 -0.314801
vn 0.225846 0.921897 -0.314801
s 1
g pCylinder29 cactus
usemtl lambert8SG
f 405/613/1197 406/614/1198 416/625/1199 415/624/1200
s 2
f 406/614/1201 407/615/1202 417/626/1203 416/625/1204
s 3
f 407/615/1205 408/616/1206 418/627/1207 417/626/1208
s 4
f 408/616/1209 409/617/1210 419/628/1211 418/627/1212
s 5
f 409/617/1213 410/618/1214 420/629/1215 419/628/1216
s 6
f 410/618/1217 411/619/1218 421/630/1219 420/629/1220
s 7
f 411/619/1221 412/620/1222 422/631/1223 421/630/1224
s 8
f 412/620/1225 413/621/1226 423/632/1227 422/631/1228
s 9
f 413/621/1229 414/622/1230 424/633/1231 423/632/1232
s 10
f 414/622/1233 405/623/1234 415/634/1235 424/633/1236
s 1
f 415/624/1200 416/625/1199 426/636/1237 425/635/1238
s 2
f 416/625/1204 417/626/1203 427/637/1239 426/636/1240
s 3
f 417/626/1208 418/627/1207 428/638/1241 427/637/1242
s 4
f 418/627/1212 419/628/1211 429/639/1243 428/638/1244
s 5
f 419/628/1216 420/629/1215 430/640/1245 429/639/1246
s 6
f 420/629/1220 421/630/1219 431/641/1247 430/640/1248
s 7
f 421/630/1224 422/631/1223 432/642/1249 431/641/1250
s 8
f 422/631/1228 423/632/1227 433/643/1251 432/642/1252
s 9
f 423/632/1232 424/633/1231 434/644/1253 433/643/1254
s 10
f 424/633/1236 415/634/1235 425/645/1255 434/644/1256
s 1
f 425/635/1238 426/636/1237 436/647/1257 435/646/1258
s 2
f 426/636/1240 427/637/1239 437/648/1259 436/647/1260
s 3
f 427/637/1242 428/638/1241 438/649/1261 437/648/1262
s 4
f 428/638/1244 429/639/1243 439/650/1263 438/649/1264
s 5
f 429/639/1246 430/640/1245 440/651/1265 439/650/1266
s 6
f 430/640/1248 431/641/1247 441/652/1267 440/651/1268
s 7
f 431/641/1250 432/642/1249 442/653/1269 441/652/1270
s 8
f 432/642/1252 433/643/1251 443/654/1271 442/653/1272
s 9
f 433/643/1254 434/644/1253 444/655/1273 443/654/1274
s 10
f 434/644/1256 425/645/1255 435/656/1275 444/655/1276
s 11
f 406/604/1277 405/603/1278 445/667/1279
f 407/605/1280 406/604/1277 445/667/1279
f 408/606/1281 407/605/1280 445/667/1279
f 409/607/1282 408/606/1281 445/667/1279
f 410/608/1283 409/607/1282 445/667/1279
f 411/609/1284 410/608/1283 445/667/1279
f 412/610/1285 411/609/1284 445/667/1279
f 413/611/1286 412/610/1285 445/667/1279
f 414/612/1287 413/611/1286 445/667/1279
f 405/603/1278 414/612/1287 445/667/1279
s 12
f 456/679/1288 457/680/1289 458/668/1290
f 457/680/1289 459/681/1291 458/668/1290
f 459/681/1291 460/682/1292 458/668/1290
f 460/682/1292 461/683/1293 458/668/1290
f 461/683/1293 462/684/1294 458/668/1290
f 462/684/1294 463/685/1295 458/668/1290
f 463/685/1295 464/686/1296 458/668/1290
f 464/686/1296 465/687/1297 458/668/1290
f 465/687/1297 466/688/1298 458/668/1290
f 466/688/1298 456/679/1288 458/668/1290
s off
f 435/665/1299 436/664/1300 447/670/1301 446/669/1302
f 436/664/1303 437/663/1304 448/671/1305 447/670/1306
f 437/663/1307 438/662/1308 449/672/1309 448/671/1310
f 438/662/1311 439/661/1312 450/673/1313 449/672/1314
f 439/661/1315 440/660/1316 451/674/1317 450/673/1318
f 440/660/1319 441/659/1320 452/675/1321 451/674/1322
f 441/659/1323 442/658/1324 453/676/1325 452/675/1326
f 442/658/1327 443/657/1328 454/677/1329 453/676/1330
f 443/657/1331 444/666/1332 455/678/1333 454/677/1334
f 444/666/1335 435/665/1336 446/669/1337 455/678/1338
f 446/669/1339 447/670/1340 457/680/1341 456/679/1342
f 447/670/1343 448/671/1344 459/681/1345 457/680/1346
f 448/671/1347 449/672/1348 460/682/1349 459/681/1350
f 449/672/1351 450/673/1352 461/683/1353 460/682/1354
f 450/673/1355 451/674/1356 462/684/1357 461/683/1358
f 451/674/1359 452/675/1360 463/685/1361 462/684/1362
f 452/675/1363 453/676/1364 464/686/1365 463/685/1366
f 453/676/1367 454/677/1368 465/687/1369 464/686/1370
f 454/677/1371 455/678/1372 466/688/1373 465/687/1374
f 455/678/1375 446/669/1376 456/679/1377 466/688/1378
g default
v 1746.181721 -0.473785 -432.964277
v 1741.170879 -0.473785 -435.415411
v 1735.676275 -0.473785 -434.453084
v 1731.796888 -0.473785 -430.444893
v 1731.014214 -0.473785 -424.921960
v 1733.627273 -0.473785 -419.993703
v 1738.637951 -0.473785 -417.542514
v 1744.132691 -0.473785 -418.504841
v 1748.012214 -0.473785 -422.513032
v 1748.794807 -0.473785 -428.036074
v 1748.102647 36.383545 -434.948832
v 1741.558468 36.383545 -438.149981
v 1734.382422 36.383545 -436.893200
v 1729.315780 36.383545 -431.658489
v 1728.293485 36.383545 -424.445455
v 1731.706320 36.383545 -418.009093
v 1738.250389 36.383545 -414.807998
v 1745.426435 36.383545 -416.064780
v 1750.493323 36.383545 -421.299436
v 1751.515372 36.383545 -428.512524
v 1748.452334 73.240883 -435.310197
v 1741.628957 73.240883 -438.647885
v 1734.146879 73.240883 -437.337481
v 1728.864006 73.240883 -431.879503
v 1727.798192 73.240883 -424.358726
v 1731.356605 73.240883 -417.647673
v 1738.179900 73.240883 -414.310094
v 1745.661979 73.240883 -415.620498
v 1750.944934 73.240883 -421.078367
v 1752.010692 73.240883 -428.599307
v 1746.966837 105.695534 -433.775406
v 1741.329322 105.695534 -436.533116
v 1735.147599 105.695534 -435.450456
v 1730.782781 105.695534 -430.940940
v 1729.902246 105.695534 -424.727210
v 1732.842157 105.695534 -419.182573
v 1738.479781 105.695534 -416.424810
v 1744.661504 105.695534 -417.507469
v 1749.026212 105.695534 -422.017040
v 1749.906775 105.695534 -428.230824
v 1739.904442 -0.473785 -426.479017
v 1744.708907 112.597672 -431.442677
v 1740.873788 112.597672 -433.318664
v 1736.668354 112.597672 -432.582140
v 1733.699074 112.597672 -429.514364
v 1733.100043 112.597672 -425.287228
v 1735.100059 112.597672 -421.515248
v 1738.935178 112.597672 -419.639261
v 1743.140613 112.597672 -420.375785
v 1746.109893 112.597672 -423.443561
v 1746.708951 112.597672 -427.670752
v 1741.969522 114.171967 -428.612508
v 1740.321171 114.171967 -429.418822
v 1739.904442 114.171967 -426.479017
v 1738.513573 114.171967 -429.102242
v 1737.237256 114.171967 -427.783657
v 1736.979774 114.171967 -425.966745
v 1737.839444 114.171967 -424.345417
v 1739.487905 114.171967 -423.539049
v 1741.295503 114.171967 -423.855629
v 1742.571711 114.171967 -425.174268
v 1742.829219 114.171967 -426.991234
v 1741.232324 67.942490 -422.245820
v 1741.778098 63.475231 -419.046374
v 1741.760473 57.953396 -419.043269
v 1741.186325 53.486141 -422.237725
v 1740.274882 51.779797 -427.409666
v 1739.374461 53.486141 -432.583494
v 1738.828687 57.953396 -435.782940
v 1738.846312 63.475231 -435.786045
v 1739.420406 67.942490 -432.591480
v 1740.331767 69.648834 -427.419648
v 1773.176950 66.920532 -427.840612
v 1778.174194 63.013004 -425.420831
v 1783.491346 58.062069 -427.638503
v 1785.174532 55.578335 -429.941883
v 1784.754017 55.069714 -435.199722
v 1783.362668 55.424519 -440.287652
v 1780.029937 58.341000 -441.618597
v 1772.937880 62.727322 -441.756917
v 1771.365086 66.920532 -438.186382
v 1771.456406 68.413071 -432.870817
v 1773.569500 90.642395 -429.443182
v 1777.751247 90.642395 -427.397648
v 1782.336458 90.642395 -428.200714
v 1785.574231 90.642395 -431.545673
v 1786.227306 90.642395 -436.154716
v 1784.046675 90.642395 -440.267511
v 1779.864929 90.642395 -442.313046
v 1775.279717 90.642395 -441.509980
v 1772.041944 90.642395 -438.165021
v 1771.388815 90.642395 -433.555869
v 1775.244391 95.464233 -431.173545
v 1778.089182 95.464233 -429.781932
v 1781.208486 95.464233 -430.328252
v 1783.410914 95.464233 -432.603837
v 1783.855280 95.464233 -435.739264
v 1782.371675 95.464233 -438.537203
v 1779.527103 95.464233 -439.928708
v 1776.407745 95.464233 -439.382278
v 1774.205152 95.464233 -437.106911
v 1773.760841 95.464233 -433.971320
v 1777.276372 96.564026 -433.272771
v 1778.498997 96.564026 -432.674605
v 1778.808060 96.564026 -434.855292
v 1779.839840 96.564026 -432.909502
v 1780.786530 96.564026 -433.887630
v 1780.977539 96.564026 -435.235309
v 1780.339803 96.564026 -436.437922
v 1779.117124 96.564026 -437.035979
v 1777.776335 96.564026 -436.801192
v 1776.829700 96.564026 -435.823173
v 1776.638637 96.564026 -434.475385
v 1783.505382 62.437428 -440.283290
v 1786.045379 62.780903 -435.602845
v 1785.266877 62.667873 -430.311992
v 1785.229453 59.264622 -430.161982
v 1786.021989 59.188831 -435.531594
v 1783.441996 59.135342 -440.285193
v 1777.035592 54.791920 -439.808109
v 1778.144035 53.046810 -434.042090
v 1778.421479 54.154331 -428.759077
v 1782.234367 54.222759 -429.426948
v 1781.824902 53.359112 -434.686728
v 1779.940377 54.891926 -440.244389
v 1737.300638 74.542000 -431.547218
v 1736.788927 70.353806 -434.546841
v 1736.805597 65.176918 -434.549671
v 1737.343772 60.988724 -431.554759
v 1738.198408 59.388969 -426.705901
v 1739.042511 60.988724 -421.855321
v 1739.554223 65.176918 -418.855698
v 1739.537635 70.353806 -418.852759
v 1738.999377 74.542000 -421.847780
v 1738.144988 76.141754 -426.696584
v 1707.351535 73.583878 -426.301889
v 1702.666474 69.920456 -428.570590
v 1697.681437 65.278801 -426.491448
v 1696.103468 62.950218 -424.331876
v 1696.497786 62.473373 -419.402498
v 1697.802207 62.806007 -414.632438
v 1700.926690 65.540306 -413.384670
v 1707.575712 69.652618 -413.254972
v 1709.050274 73.583878 -416.602451
v 1708.964661 74.983185 -421.585895
v 1706.983606 95.823883 -424.799398
v 1703.062964 95.823883 -426.717243
v 1698.764277 95.823883 -425.964198
v 1695.728744 95.823883 -422.828329
v 1695.116430 95.823883 -418.507205
v 1697.160921 95.823883 -414.651330
v 1701.081454 95.823883 -412.733539
v 1705.380223 95.823883 -413.486476
v 1708.415673 95.823883 -416.622453
v 1709.028015 95.823883 -420.943632
v 1705.413265 100.344505 -423.177194
v 1702.746325 100.344505 -424.481780
v 1699.821848 100.344505 -423.969618
v 1697.756958 100.344505 -421.836236
v 1697.340311 100.344505 -418.896595
v 1698.731235 100.344505 -416.273480
v 1701.398203 100.344505 -414.968948
v 1704.322680 100.344505 -415.481110
v 1706.387542 100.344505 -417.614437
v 1706.804134 100.344505 -420.554241
v 1703.508290 101.375595 -421.209114
v 1702.362031 101.375595 -421.769765
v 1702.072141 101.375595 -419.725391
v 1701.104892 101.375595 -421.549727
v 1700.217322 101.375595 -420.632738
v 1700.038258 101.375595 -419.369217
v 1700.636101 101.375595 -418.241614
v 1701.782469 101.375595 -417.680908
v 1703.039553 101.375595 -417.901110
v 1703.927069 101.375595 -418.817989
v 1704.106187 101.375595 -420.081619
v 1697.668446 69.380836 -414.636441
v 1695.286987 69.702850 -419.024652
v 1696.016928 69.596878 -423.984983
v 1696.052112 66.406227 -424.125543
v 1695.309052 66.335175 -419.091314
v 1697.727819 66.285027 -414.634692
v 1703.734011 62.212929 -415.082027
v 1702.694869 60.576836 -420.487820
v 1702.434646 61.615166 -425.440763
v 1698.859909 61.679321 -424.814702
v 1699.243997 60.869621 -419.883386
v 1701.010642 62.306686 -414.672935
vt 0.626409 0.064409
vt 0.548284 0.007647
vt 0.451716 0.007647
vt 0.373591 0.064409
vt 0.343750 0.156250
vt 0.373591 0.248091
vt 0.451716 0.304853
vt 0.548284 0.304853
vt 0.626409 0.248091
vt 0.656250 0.156250
vt 0.375000 0.312500
vt 0.400000 0.312500
vt 0.425000 0.312500
vt 0.450000 0.312500
vt 0.475000 0.312500
vt 0.500000 0.312500
vt 0.525000 0.312500
vt 0.550000 0.312500
vt 0.575000 0.312500
vt 0.600000 0.312500
vt 0.625000 0.312500
vt 0.375000 0.437500
vt 0.400000 0.437500
vt 0.425000 0.437500
vt 0.450000 0.437500
vt 0.475000 0.437500
vt 0.500000 0.437500
vt 0.525000 0.437500
vt 0.550000 0.437500
vt 0.575000 0.437500
vt 0.600000 0.437500
vt 0.625000 0.437500
vt 0.375000 0.562500
vt 0.400000 0.562500
vt 0.425000 0.562500
vt 0.450000 0.562500
vt 0.475000 0.562500
vt 0.500000 0.562500
vt 0.525000 0.562500
vt 0.550000 0.562500
vt 0.575000 0.562500
vt 0.600000 0.562500
vt 0.625000 0.562500
vt 0.375000 0.687500
vt 0.400000 0.687500
vt 0.425000 0.687500
vt 0.450000 0.687500
vt 0.475000 0.687500
vt 0.500000 0.687500
vt 0.525000 0.687500
vt 0.550000 0.687500
vt 0.575000 0.687500
vt 0.600000 0.687500
vt 0.625000 0.687500
vt 0.626409 0.751909
vt 0.548284 0.695147
vt 0.451716 0.695147
vt 0.373591 0.751909
vt 0.343750 0.843750
vt 0.373591 0.935591
vt 0.451716 0.992353
vt 0.548284 0.992353
vt 0.626409 0.935591
vt 0.656250 0.843750
vt 0.500000 0.156250
vt 0.500000 0.843750
vt 0.626409 0.935591
vt 0.548284 0.992353
vt 0.451716 0.992353
vt 0.373591 0.935591
vt 0.343750 0.843750
vt 0.373591 0.751909
vt 0.451716 0.695147
vt 0.548284 0.695147
vt 0.626409 0.751909
vt 0.656250 0.843750
vt 0.626409 0.935591
vt 0.548284 0.992353
vt 0.451716 0.992353
vt 0.373591 0.935591
vt 0.343750 0.843750
vt 0.373591 0.751909
vt 0.451716 0.695147
vt 0.548284 0.695147
vt 0.626409 0.751909
vt 0.656250 0.843750
vt 0.375000 0.312500
vt 0.400000 0.312500
vt 0.400000 0.687500
vt 0.375000 0.687500
vt 0.425000 0.312500
vt 0.425000 0.687500
vt 0.450000 0.312500
vt 0.450000 0.629930
vt 0.475000 0.312500
vt 0.475000 0.623183
vt 0.500000 0.312500
vt 0.500000 0.634472
vt 0.525000 0.312500
vt 0.525000 0.687500
vt 0.550000 0.312500
vt 0.550000 0.687500
vt 0.575000 0.312500
vt 0.575000 0.687500
vt 0.600000 0.312500
vt 0.600000 0.687500
vt 0.625000 0.312500
vt 0.625000 0.687500
vt 0.375000 0.562500
vt 0.400000 0.562500
vt 0.400000 0.687500
vt 0.375000 0.687500
vt 0.425000 0.562500
vt 0.425000 0.687500
vt 0.450000 0.575218
vt 0.450000 0.591346
vt 0.475000 0.577631
vt 0.475000 0.594214
vt 0.500000 0.572594
vt 0.500000 0.588564
vt 0.525000 0.562500
vt 0.550000 0.562500
vt 0.550000 0.687500
vt 0.525000 0.687500
vt 0.575000 0.562500
vt 0.575000 0.687500
vt 0.600000 0.562500
vt 0.600000 0.687500
vt 0.625000 0.562500
vt 0.625000 0.687500
vt 0.626409 0.935591
vt 0.548284 0.992353
vt 0.500000 0.843750
vt 0.451716 0.992353
vt 0.373591 0.935591
vt 0.343750 0.843750
vt 0.373591 0.751909
vt 0.451716 0.695147
vt 0.548284 0.695147
vt 0.626409 0.751909
vt 0.656250 0.843750
vt 0.626409 0.935591
vt 0.548284 0.992353
vt 0.548284 0.992353
vt 0.626409 0.935591
vt 0.451716 0.992353
vt 0.451716 0.992353
vt 0.373591 0.935591
vt 0.373591 0.935591
vt 0.343750 0.843750
vt 0.343750 0.843750
vt 0.373591 0.751909
vt 0.373591 0.751909
vt 0.451716 0.695147
vt 0.451716 0.695147
vt 0.548284 0.695147
vt 0.548284 0.695147
vt 0.626409 0.751909
vt 0.626409 0.751909
vt 0.656250 0.843750
vt 0.656250 0.843750
vt 0.500000 0.687500
vt 0.475000 0.687500
vt 0.450000 0.687500
vt 0.450000 0.562500
vt 0.475000 0.562500
vt 0.500000 0.562500
vt 0.500000 0.659131
vt 0.500000 0.687500
vt 0.475000 0.653382
vt 0.475000 0.687500
vt 0.450000 0.662436
vt 0.450000 0.687500
vt 0.375000 0.312500
vt 0.400000 0.312500
vt 0.400000 0.687500
vt 0.375000 0.687500
vt 0.425000 0.312500
vt 0.425000 0.687500
vt 0.450000 0.312500
vt 0.450000 0.629930
vt 0.475000 0.312500
vt 0.475000 0.623183
vt 0.500000 0.312500
vt 0.500000 0.634472
vt 0.525000 0.312500
vt 0.525000 0.687500
vt 0.550000 0.312500
vt 0.550000 0.687500
vt 0.575000 0.312500
vt 0.575000 0.687500
vt 0.600000 0.312500
vt 0.600000 0.687500
vt 0.625000 0.312500
vt 0.625000 0.687500
vt 0.375000 0.562500
vt 0.400000 0.562500
vt 0.400000 0.687500
vt 0.375000 0.687500
vt 0.425000 0.562500
vt 0.425000 0.687500
vt 0.450000 0.575218
vt 0.450000 0.591346
vt 0.475000 0.577631
vt 0.475000 0.594214
vt 0.500000 0.572594
vt 0.500000 0.588564
vt 0.525000 0.562500
vt 0.550000 0.562500
vt 0.550000 0.687500
vt 0.525000 0.687500
vt 0.575000 0.562500
vt 0.575000 0.687500
vt 0.600000 0.562500
vt 0.600000 0.687500
vt 0.625000 0.562500
vt 0.625000 0.687500
vt 0.626409 0.935591
vt 0.548284 0.992353
vt 0.500000 0.843750
vt 0.451716 0.992353
vt 0.373591 0.935591
vt 0.343750 0.843750
vt 0.373591 0.751909
vt 0.451716 0.695147
vt 0.548284 0.695147
vt 0.626409 0.751909
vt 0.656250 0.843750
vt 0.626409 0.935591
vt 0.548284 0.992353
vt 0.548284 0.992353
vt 0.626409 0.935591
vt 0.451716 0.992353
vt 0.451716 0.992353
vt 0.373591 0.935591
vt 0.373591 0.935591
vt 0.343750 0.843750
vt 0.343750 0.843750
vt 0.373591 0.751909
vt 0.373591 0.751909
vt 0.451716 0.695147
vt 0.451716 0.695147
vt 0.548284 0.695147
vt 0.548284 0.695147
vt 0.626409 0.751909
vt 0.626409 0.751909
vt 0.656250 0.843750
vt 0.656250 0.843750
vt 0.500000 0.687500
vt 0.475000 0.687500
vt 0.450000 0.687500
vt 0.450000 0.562500
vt 0.475000 0.562500
vt 0.500000 0.562500
vt 0.500000 0.659131
vt 0.500000 0.687500
vt 0.475000 0.653382
vt 0.475000 0.687500
vt 0.450000 0.662436
vt 0.450000 0.687500
vn 0.438295 -0.071088 -0.896016
vn 0.438295 -0.071088 -0.896016
vn 0.439057 -0.039718 -0.897581
vn 0.439057 -0.039718 -0.897581
vn -0.172074 -0.071085 -0.982516
vn -0.172074 -0.071085 -0.982516
vn -0.172376 -0.039716 -0.984230
vn -0.172376 -0.039716 -0.984230
vn -0.716735 -0.071092 -0.693713
vn -0.716735 -0.071092 -0.693713
vn -0.717980 -0.039720 -0.694929
vn -0.717980 -0.039720 -0.694929
vn -0.987601 -0.071093 -0.139965
vn -0.987601 -0.071093 -0.139965
vn -0.989325 -0.039719 -0.140210
vn -0.989325 -0.039719 -0.140210
vn -0.881249 -0.071096 0.467275
vn -0.881249 -0.071096 0.467275
vn -0.882788 -0.039720 0.468089
vn -0.882788 -0.039720 0.468089
vn -0.438310 -0.071087 0.896008
vn -0.438310 -0.071087 0.896008
vn -0.439064 -0.039718 0.897578
vn -0.439064 -0.039718 0.897578
vn 0.172075 -0.071085 0.982516
vn 0.172075 -0.071085 0.982516
vn 0.172373 -0.039716 0.984231
vn 0.172373 -0.039716 0.984231
vn 0.716716 -0.071086 0.693733
vn 0.716716 -0.071086 0.693733
vn 0.717964 -0.039718 0.694946
vn 0.717964 -0.039718 0.694946
vn 0.987604 -0.071091 0.139941
vn 0.987605 -0.071091 0.139941
vn 0.989328 -0.039719 0.140186
vn 0.989328 -0.039719 0.140186
vn 0.881252 -0.071089 -0.467271
vn 0.881252 -0.071089 -0.467271
vn 0.882791 -0.039718 -0.468085
vn 0.882791 -0.039718 -0.468085
vn 0.439305 0.020892 -0.898095
vn 0.439305 0.020892 -0.898095
vn -0.172473 0.020892 -0.984793
vn -0.172473 0.020892 -0.984793
vn -0.718385 0.020893 -0.695332
vn -0.718385 0.020893 -0.695332
vn -0.989891 0.020893 -0.140285
vn -0.989891 0.020893 -0.140285
vn -0.883295 0.020893 0.468351
vn -0.883295 0.020893 0.468351
vn -0.439309 0.020893 0.898093
vn -0.439309 0.020893 0.898093
vn 0.172473 0.020892 0.984793
vn 0.172473 0.020891 0.984793
vn 0.718377 0.020892 0.695341
vn 0.718377 0.020892 0.695341
vn 0.989892 0.020894 0.140272
vn 0.989893 0.020894 0.140272
vn 0.883295 0.020893 -0.468353
vn 0.883295 0.020893 -0.468353
vn 0.438544 0.062469 -0.896536
vn 0.438544 0.062469 -0.896536
vn -0.172171 0.062469 -0.983084
vn -0.172171 0.062469 -0.983084
vn -0.717137 0.062471 -0.694126
vn -0.717137 0.062471 -0.694126
vn -0.988174 0.062468 -0.140035
vn -0.988174 0.062468 -0.140035
vn -0.881765 0.062470 0.467535
vn -0.881765 0.062470 0.467535
vn -0.438551 0.062472 0.896532
vn -0.438551 0.062472 0.896532
vn 0.172178 0.062467 0.983083
vn 0.172178 0.062467 0.983083
vn 0.717135 0.062473 0.694128
vn 0.717135 0.062473 0.694128
vn 0.988174 0.062474 0.140035
vn 0.988174 0.062474 0.140035
vn 0.881760 0.062470 -0.467543
vn 0.881760 0.062470 -0.467543
vn 0.000000 -1.000000 0.000000
vn 0.000000 -1.000000 -0.000000
vn -0.000000 -1.000000 0.000000
vn 0.000000 -1.000000 0.000000
vn 0.000000 -1.000000 0.000000
vn 0.000000 -1.000000 0.000000
vn -0.000000 -1.000000 0.000000
vn -0.000000 -1.000000 0.000000
vn -0.000000 -1.000000 0.000000
vn 0.000000 -1.000000 -0.000000
vn 0.000000 -1.000000 -0.000000
vn -0.000003 1.000000 0.000005
vn -0.000001 1.000000 0.000003
vn -0.000001 1.000000 0.000001
vn -0.000001 1.000000 0.000003
vn 0.000000 1.000000 0.000000
vn 0.000000 1.000000 0.000000
vn -0.000001 1.000000 0.000001
vn -0.000001 1.000000 0.000003
vn -0.000001 1.000000 0.000001
vn 0.000003 1.000000 -0.000005
vn 0.000000 1.000000 -0.000000
vn 0.401096 0.408345 -0.819985
vn 0.401096 0.408345 -0.819985
vn 0.401096 0.408345 -0.819985
vn 0.401096 0.408345 -0.819985
vn -0.157464 0.408347 -0.899143
vn -0.157464 0.408347 -0.899143
vn -0.157464 0.408347 -0.899143
vn -0.157464 0.408347 -0.899143
vn -0.655909 0.408343 -0.634854
vn -0.655909 0.408344 -0.634854
vn -0.655909 0.408344 -0.634854
vn -0.655909 0.408343 -0.634854
vn -0.903790 0.408364 -0.128071
vn -0.903790 0.408364 -0.128071
vn -0.903790 0.408364 -0.128071
vn -0.903790 0.408364 -0.128071
vn -0.806477 0.408339 0.427615
vn -0.806477 0.408339 0.427615
vn -0.806477 0.408339 0.427615
vn -0.806477 0.408339 0.427615
vn -0.401106 0.408352 0.819977
vn -0.401106 0.408352 0.819977
vn -0.401106 0.408352 0.819977
vn -0.401106 0.408352 0.819977
vn 0.157473 0.408354 0.899138
vn 0.157473 0.408354 0.899138
vn 0.157473 0.408354 0.899138
vn 0.157473 0.408354 0.899138
vn 0.655910 0.408354 0.634845
vn 0.655910 0.408354 0.634845
vn 0.655910 0.408354 0.634845
vn 0.655910 0.408354 0.634845
vn 0.903799 0.408342 0.128080
vn 0.903799 0.408342 0.128080
vn 0.903799 0.408342 0.128080
vn 0.903799 0.408342 0.128080
vn 0.806467 0.408352 -0.427621
vn 0.806467 0.408352 -0.427621
vn 0.806467 0.408352 -0.427621
vn 0.806467 0.408352 -0.427621
vn 0.170242 0.921903 -0.348011
vn 0.170242 0.921903 -0.348011
vn 0.170242 0.921903 -0.348011
vn 0.170242 0.921903 -0.348011
vn -0.066841 0.921887 -0.381650
vn -0.066841 0.921887 -0.381650
vn -0.066841 0.921887 -0.381650
vn -0.066841 0.921887 -0.381650
vn -0.278397 0.921893 -0.269461
vn -0.278397 0.921893 -0.269461
vn -0.278397 0.921893 -0.269461
vn -0.278397 0.921893 -0.269461
vn -0.383600 0.921898 -0.054361
vn -0.383600 0.921898 -0.054361
vn -0.383600 0.921898 -0.054361
vn -0.383600 0.921898 -0.054361
vn -0.342299 0.921896 0.181491
vn -0.342299 0.921896 0.181491
vn -0.342299 0.921896 0.181491
vn -0.342299 0.921896 0.181491
vn -0.170242 0.921895 0.348033
vn -0.170241 0.921895 0.348033
vn -0.170242 0.921895 0.348033
vn -0.170241 0.921895 0.348033
vn 0.066839 0.921893 0.381635
vn 0.066839 0.921893 0.381635
vn 0.066839 0.921893 0.381635
vn 0.066839 0.921893 0.381635
vn 0.278387 0.921900 0.269447
vn 0.278387 0.921900 0.269447
vn 0.278387 0.921900 0.269447
vn 0.278387 0.921900 0.269447
vn 0.383602 0.921897 0.054368
vn 0.383602 0.921897 0.054368
vn 0.383602 0.921897 0.054368
vn 0.383602 0.921897 0.054368
vn 0.342295 0.921894 -0.181508
vn 0.342295 0.921894 -0.181508
vn 0.342295 0.921894 -0.181508
vn 0.342295 0.921894 -0.181508
vn 0.148749 0.616968 0.772803
vn 0.148749 0.616968 0.772803
vn 0.148749 0.616968 0.772803
vn 0.148749 0.616968 0.772803
vn 0.186511 -0.111980 0.976050
vn 0.186511 -0.111980 0.976050
vn 0.186511 -0.111980 0.976050
vn 0.186511 -0.111980 0.976050
vn 0.163722 -0.536799 0.827672
vn 0.163722 -0.536799 0.827672
vn 0.163700 -0.535867 0.828281
vn 0.169929 -0.533228 0.828729
vn 0.069000 -0.965277 0.251952
vn 0.069000 -0.965277 0.251952
vn 0.070233 -0.967090 0.244547
vn 0.069954 -0.966685 0.246227
vn -0.021996 -0.954585 -0.297127
vn -0.021996 -0.954585 -0.297127
vn -0.019051 -0.955043 -0.295854
vn -0.019018 -0.955048 -0.295840
vn -0.131471 -0.496182 -0.858207
vn -0.131471 -0.496182 -0.858207
vn -0.125863 -0.490003 -0.862587
vn -0.131428 -0.494849 -0.858982
vn -0.154298 -0.124137 -0.980195
vn -0.154298 -0.124137 -0.980195
vn -0.154298 -0.124137 -0.980195
vn -0.154298 -0.124137 -0.980195
vn -0.122041 0.602197 -0.788964
vn -0.122041 0.602197 -0.788964
vn -0.122041 0.602197 -0.788964
vn -0.122041 0.602197 -0.788964
vn -0.016586 0.956805 -0.290258
vn -0.016586 0.956805 -0.290258
vn -0.016586 0.956805 -0.290258
vn -0.016586 0.956805 -0.290258
vn 0.083049 0.956804 0.278620
vn 0.083049 0.956804 0.278620
vn 0.083049 0.956804 0.278620
vn 0.083049 0.956804 0.278620
vn -0.414758 0.063030 0.907746
vn -0.414758 0.063030 0.907746
vn -0.414758 0.063030 0.907746
vn -0.414758 0.063030 0.907746
vn 0.313412 0.048206 0.948393
vn 0.313412 0.048206 0.948393
vn 0.313412 0.048206 0.948393
vn 0.313412 0.048206 0.948393
vn 0.763916 0.028882 0.644669
vn 0.819280 0.018473 0.573096
vn 0.757251 0.029834 0.652442
vn 0.991706 -0.090894 0.090870
vn 0.991852 -0.085951 0.094035
vn 0.989660 -0.004087 0.143376
vn 0.989654 -0.004085 0.143416
vn 0.900072 -0.097821 -0.424620
vn 0.900674 -0.100813 -0.422639
vn 0.880940 -0.015884 -0.472961
vn 0.880975 -0.015884 -0.472896
vn 0.365339 -0.006802 -0.930850
vn 0.405493 -0.012233 -0.914016
vn 0.408977 -0.012691 -0.912456
vn -0.058815 -0.005293 -0.998255
vn -0.058816 -0.005293 -0.998255
vn -0.058816 -0.005293 -0.998255
vn -0.058816 -0.005293 -0.998255
vn -0.805371 0.050155 -0.590645
vn -0.805371 0.050155 -0.590645
vn -0.805371 0.050155 -0.590645
vn -0.805371 0.050155 -0.590645
vn -0.998218 0.012393 -0.058371
vn -0.998218 0.012393 -0.058371
vn -0.998218 0.012393 -0.058371
vn -0.998218 0.012393 -0.058371
vn -0.917904 0.026199 0.395938
vn -0.917904 0.026199 0.395938
vn -0.917904 0.026199 0.395938
vn -0.917904 0.026199 0.395938
vn -0.000001 1.000000 0.000002
vn -0.000001 1.000000 0.000002
vn -0.000000 1.000000 0.000000
vn 0.000000 1.000000 0.000000
vn 0.000000 1.000000 0.000000
vn 0.000000 1.000000 0.000000
vn 0.000001 1.000000 -0.000002
vn 0.000001 1.000000 -0.000002
vn 0.000000 1.000000 0.000000
vn 0.000000 1.000000 0.000000
vn 0.000000 1.000000 0.000000
vn -0.396927 0.429045 0.811400
vn -0.396927 0.429045 0.811400
vn -0.396927 0.429045 0.811400
vn -0.396927 0.429045 0.811400
vn 0.155832 0.429042 0.889741
vn 0.155832 0.429042 0.889741
vn 0.155832 0.429042 0.889741
vn 0.155832 0.429042 0.889741
vn 0.649046 0.429044 0.628220
vn 0.649046 0.429044 0.628220
vn 0.649046 0.429044 0.628220
vn 0.649046 0.429044 0.628220
vn 0.894340 0.429063 0.126734
vn 0.894340 0.429063 0.126734
vn 0.894340 0.429063 0.126734
vn 0.894340 0.429063 0.126734
vn 0.798027 0.429070 -0.423145
vn 0.798027 0.429070 -0.423145
vn 0.798027 0.429070 -0.423146
vn 0.798027 0.429070 -0.423145
vn 0.396926 0.429046 -0.811400
vn 0.396926 0.429046 -0.811400
vn 0.396926 0.429046 -0.811400
vn 0.396926 0.429046 -0.811400
vn -0.155841 0.429039 -0.889741
vn -0.155841 0.429039 -0.889741
vn -0.155841 0.429039 -0.889741
vn -0.155841 0.429039 -0.889741
vn -0.649028 0.429036 -0.628245
vn -0.649028 0.429036 -0.628245
vn -0.649028 0.429036 -0.628245
vn -0.649028 0.429036 -0.628245
vn -0.894351 0.429040 -0.126729
vn -0.894351 0.429040 -0.126729
vn -0.894351 0.429040 -0.126729
vn -0.894351 0.429040 -0.126729
vn -0.798026 0.429061 0.423157
vn -0.798026 0.429061 0.423157
vn -0.798026 0.429061 0.423157
vn -0.798026 0.429061 0.423157
vn -0.161732 0.929808 0.330604
vn -0.161732 0.929808 0.330604
vn -0.161732 0.929808 0.330604
vn -0.161732 0.929808 0.330604
vn 0.063500 0.929809 0.362524
vn 0.063500 0.929809 0.362524
vn 0.063500 0.929809 0.362524
vn 0.063500 0.929809 0.362524
vn 0.264460 0.929808 0.255964
vn 0.264460 0.929808 0.255964
vn 0.264460 0.929808 0.255964
vn 0.264460 0.929808 0.255964
vn 0.364395 0.929811 0.051645
vn 0.364395 0.929811 0.051645
vn 0.364395 0.929811 0.051645
vn 0.364395 0.929811 0.051645
vn 0.325135 0.929819 -0.172406
vn 0.325135 0.929819 -0.172406
vn 0.325135 0.929819 -0.172406
vn 0.325135 0.929819 -0.172406
vn 0.161707 0.929816 -0.330595
vn 0.161707 0.929816 -0.330595
vn 0.161707 0.929816 -0.330595
vn 0.161707 0.929816 -0.330595
vn -0.063497 0.929801 -0.362545
vn -0.063497 0.929801 -0.362545
vn -0.063497 0.929801 -0.362545
vn -0.063497 0.929801 -0.362545
vn -0.264445 0.929808 -0.255981
vn -0.264446 0.929808 -0.255981
vn -0.264445 0.929808 -0.255981
vn -0.264445 0.929808 -0.255981
vn -0.364387 0.929815 -0.051636
vn -0.364387 0.929815 -0.051636
vn -0.364387 0.929815 -0.051636
vn -0.364387 0.929815 -0.051637
vn -0.325145 0.929815 0.172411
vn -0.325145 0.929815 0.172411
vn -0.325145 0.929815 0.172411
vn -0.325145 0.929815 0.172411
vn 0.409589 -0.012779 -0.912181
vn 0.409589 -0.012779 -0.912181
vn 0.881210 -0.015887 -0.472459
vn 0.881210 -0.015887 -0.472459
vn 0.989704 -0.004100 0.143069
vn 0.989704 -0.004100 0.143069
vn 0.756614 0.029962 0.653175
vn 0.756614 0.029962 0.653175
vn 0.818404 0.022020 0.574222
vn 0.985516 -0.163905 0.043513
vn 0.985516 -0.163905 0.043513
vn 0.911584 -0.172570 -0.373140
vn 0.911584 -0.172570 -0.373140
vn 0.365418 -0.007195 -0.930816
vn -0.041418 -0.368927 -0.928535
vn 0.045970 -0.370780 -0.927582
vn 0.160761 -0.948946 -0.271401
vn 0.134398 -0.952392 -0.273655
vn 0.301961 -0.918370 -0.255766
vn 0.301961 -0.918370 -0.255766
vn 0.262580 -0.955317 0.135724
vn 0.274793 -0.952314 0.132617
vn 0.472233 -0.878078 0.077294
vn 0.472233 -0.878078 0.077294
vn 0.220118 -0.470184 0.854678
vn 0.364126 -0.488555 0.792923
vn -0.148745 0.616993 -0.772784
vn -0.148745 0.616993 -0.772784
vn -0.148745 0.616993 -0.772784
vn -0.148745 0.616993 -0.772784
vn -0.186509 -0.112011 -0.976047
vn -0.186509 -0.112011 -0.976047
vn -0.186510 -0.112011 -0.976047
vn -0.186510 -0.112011 -0.976047
vn -0.163721 -0.536806 -0.827668
vn -0.163721 -0.536806 -0.827668
vn -0.163698 -0.535875 -0.828276
vn -0.169927 -0.533235 -0.828725
vn -0.068999 -0.965278 -0.251949
vn -0.068999 -0.965278 -0.251949
vn -0.070232 -0.967091 -0.244544
vn -0.069953 -0.966686 -0.246223
vn 0.021996 -0.954583 0.297131
vn 0.021996 -0.954583 0.297131
vn 0.019052 -0.955042 0.295859
vn 0.019020 -0.955047 0.295845
vn 0.131470 -0.496195 0.858199
vn 0.131470 -0.496195 0.858199
vn 0.125863 -0.490009 0.862583
vn 0.131428 -0.494860 0.858976
vn 0.154294 -0.124145 0.980195
vn 0.154294 -0.124145 0.980195
vn 0.154294 -0.124145 0.980195
vn 0.154294 -0.124145 0.980195
vn 0.122036 0.602220 0.788947
vn 0.122036 0.602220 0.788947
vn 0.122036 0.602220 0.788947
vn 0.122036 0.602220 0.788947
vn 0.016586 0.956803 0.290265
vn 0.016586 0.956803 0.290265
vn 0.016586 0.956803 0.290265
vn 0.016586 0.956803 0.290265
vn -0.083049 0.956805 -0.278618
vn -0.083049 0.956805 -0.278618
vn -0.083049 0.956805 -0.278618
vn -0.083049 0.956805 -0.278618
vn 0.414781 0.063030 -0.907736
vn 0.414781 0.063030 -0.907736
vn 0.414781 0.063030 -0.907736
vn 0.414781 0.063030 -0.907736
vn -0.313426 0.048211 -0.948388
vn -0.313426 0.048211 -0.948388
vn -0.313426 0.048211 -0.948388
vn -0.313426 0.048211 -0.948388
vn -0.763916 0.028890 -0.644669
vn -0.819325 0.018497 -0.573031
vn -0.757246 0.029834 -0.652448
vn -0.991702 -0.090943 -0.090870
vn -0.991847 -0.085999 -0.094036
vn -0.989657 -0.004082 -0.143394
vn -0.989652 -0.004081 -0.143433
vn -0.900078 -0.097804 0.424611
vn -0.900680 -0.100797 0.422629
vn -0.880935 -0.015879 0.472970
vn -0.880970 -0.015880 0.472905
vn -0.365350 -0.006812 0.930845
vn -0.405495 -0.012233 0.914016
vn -0.408979 -0.012690 0.912456
vn 0.058825 -0.005294 0.998254
vn 0.058825 -0.005294 0.998254
vn 0.058825 -0.005294 0.998254
vn 0.058825 -0.005294 0.998254
vn 0.805374 0.050147 0.590643
vn 0.805374 0.050147 0.590643
vn 0.805374 0.050147 0.590643
vn 0.805374 0.050147 0.590643
vn 0.998218 0.012395 0.058373
vn 0.998218 0.012395 0.058373
vn 0.998218 0.012395 0.058373
vn 0.998218 0.012395 0.058373
vn 0.917898 0.026199 -0.395951
vn 0.917898 0.026199 -0.395951
vn 0.917898 0.026199 -0.395951
vn 0.917898 0.026199 -0.395951
vn 0.000000 1.000000 0.000000
vn -0.000001 1.000000 0.000003
vn 0.000000 1.000000 -0.000000
vn 0.000001 1.000000 -0.000003
vn 0.000003 1.000000 -0.000005
vn 0.000000 1.000000 0.000000
vn 0.000000 1.000000 0.000000
vn 0.000001 1.000000 -0.000003
vn -0.000001 1.000000 0.000003
vn -0.000003 1.000000 0.000005
vn 0.000000 1.000000 0.000000
vn 0.396903 0.429053 -0.811407
vn 0.396903 0.429053 -0.811407
vn 0.396903 0.429053 -0.811407
vn 0.396903 0.429053 -0.811407
vn -0.155832 0.429053 -0.889736
vn -0.155832 0.429053 -0.889736
vn -0.155832 0.429053 -0.889736
vn -0.155832 0.429053 -0.889736
vn -0.649027 0.429056 -0.628232
vn -0.649027 0.429056 -0.628232
vn -0.649027 0.429056 -0.628232
vn -0.649027 0.429056 -0.628232
vn -0.894339 0.429063 -0.126743
vn -0.894339 0.429063 -0.126743
vn -0.894339 0.429063 -0.126743
vn -0.894339 0.429063 -0.126743
vn -0.798049 0.429023 0.423151
vn -0.798049 0.429023 0.423151
vn -0.798049 0.429023 0.423151
vn -0.798049 0.429023 0.423151
vn -0.396902 0.429059 0.811404
vn -0.396902 0.429059 0.811404
vn -0.396902 0.429059 0.811405
vn -0.396902 0.429059 0.811404
vn 0.155846 0.429032 0.889744
vn 0.155846 0.429032 0.889744
vn 0.155846 0.429032 0.889744
vn 0.155846 0.429032 0.889744
vn 0.649035 0.429046 0.628231
vn 0.649035 0.429046 0.628231
vn 0.649035 0.429046 0.628231
vn 0.649035 0.429046 0.628231
vn 0.894355 0.429030 0.126739
vn 0.894355 0.429030 0.126739
vn 0.894355 0.429030 0.126739
vn 0.894355 0.429030 0.126739
vn 0.798037 0.429049 -0.423148
vn 0.798037 0.429049 -0.423148
vn 0.798037 0.429049 -0.423148
vn 0.798037 0.429049 -0.423148
vn 0.161697 0.929820 -0.330590
vn 0.161697 0.929820 -0.330590
vn 0.161697 0.929820 -0.330590
vn 0.161697 0.929820 -0.330590
vn -0.063472 0.929803 -0.362545
vn -0.063472 0.929802 -0.362545
vn -0.063472 0.929803 -0.362545
vn -0.063472 0.929803 -0.362545
vn -0.264464 0.929806 -0.255969
vn -0.264464 0.929806 -0.255969
vn -0.264464 0.929806 -0.255969
vn -0.264464 0.929806 -0.255969
vn -0.364403 0.929808 -0.051650
vn -0.364403 0.929808 -0.051650
vn -0.364403 0.929808 -0.051650
vn -0.364403 0.929808 -0.051650
vn -0.325163 0.929807 0.172418
vn -0.325163 0.929807 0.172418
vn -0.325163 0.929807 0.172418
vn -0.325163 0.929807 0.172418
vn -0.161710 0.929816 0.330593
vn -0.161710 0.929816 0.330593
vn -0.161710 0.929816 0.330593
vn -0.161710 0.929816 0.330593
vn 0.063499 0.929810 0.362520
vn 0.063499 0.929810 0.362520
vn 0.063499 0.929810 0.362520
vn 0.063499 0.929810 0.362520
vn 0.264449 0.929810 0.255970
vn 0.264449 0.929810 0.255970
vn 0.264449 0.929810 0.255970
vn 0.264449 0.929810 0.255970
vn 0.364397 0.929811 0.051641
vn 0.364397 0.929811 0.051641
vn 0.364397 0.929811 0.051641
vn 0.364397 0.929811 0.051641
vn 0.325151 0.929812 -0.172414
vn 0.325151 0.929812 -0.172414
vn 0.325151 0.929812 -0.172414
vn 0.325151 0.929812 -0.172414
vn -0.409590 -0.012778 0.912180
vn -0.409590 -0.012778 0.912180
vn -0.881204 -0.015885 0.472470
vn -0.881204 -0.015885 0.472470
vn -0.989702 -0.004092 -0.143087
vn -0.989702 -0.004092 -0.143087
vn -0.756608 0.029962 -0.653182
vn -0.756608 0.029962 -0.653182
vn -0.818438 0.022134 -0.574169
vn -0.985504 -0.163981 -0.043499
vn -0.985504 -0.163981 -0.043499
vn -0.911593 -0.172558 0.373126
vn -0.911593 -0.172558 0.373126
vn -0.365417 -0.007218 0.930816
vn 0.041427 -0.368797 0.928586
vn -0.045982 -0.370704 0.927612
vn -0.160752 -0.948947 0.271402
vn -0.134392 -0.952392 0.273658
vn -0.301956 -0.918375 0.255754
vn -0.301956 -0.918375 0.255754
vn -0.262585 -0.955316 -0.135721
vn -0.274790 -0.952315 -0.132616
vn -0.472255 -0.878068 -0.077287
vn -0.472255 -0.878068 -0.077287
vn -0.220087 -0.470198 -0.854679
vn -0.364171 -0.488543 -0.792909
s 1
g pCylinder27
usemtl lambert8SG
f 467/699/1379 468/700/1380 478/711/1381 477/710/1382
s 2
f 468/700/1383 469/701/1384 479/712/1385 478/711/1386
s 3
f 469/701/1387 470/702/1388 480/713/1389 479/712/1390
s 4
f 470/702/1391 471/703/1392 481/714/1393 480/713/1394
s 5
f 471/703/1395 472/704/1396 482/715/1397 481/714/1398
s 6
f 472/704/1399 473/705/1400 483/716/1401 482/715/1402
s 7
f 473/705/1403 474/706/1404 484/717/1405 483/716/1406
s 8
f 474/706/1407 475/707/1408 485/718/1409 484/717/1410
s 9
f 475/707/1411 476/708/1412 486/719/1413 485/718/1414
s 10
f 476/708/1415 467/709/1416 477/720/1417 486/719/1418
s 1
f 477/710/1382 478/711/1381 488/722/1419 487/721/1420
s 2
f 478/711/1386 479/712/1385 489/723/1421 488/722/1422
s 3
f 479/712/1390 480/713/1389 490/724/1423 489/723/1424
s 4
f 480/713/1394 481/714/1393 491/725/1425 490/724/1426
s 5
f 481/714/1398 482/715/1397 492/726/1427 491/725/1428
s 6
f 482/715/1402 483/716/1401 493/727/1429 492/726/1430
s 7
f 483/716/1406 484/717/1405 494/728/1431 493/727/1432
s 8
f 484/717/1410 485/718/1409 495/729/1433 494/728/1434
s 9
f 485/718/1414 486/719/1413 496/730/1435 495/729/1436
s 10
f 486/719/1418 477/720/1417 487/731/1437 496/730/1438
s 1
f 487/721/1420 488/722/1419 498/733/1439 497/732/1440
s 2
f 488/722/1422 489/723/1421 499/734/1441 498/733/1442
s 3
f 489/723/1424 490/724/1423 500/735/1443 499/734/1444
s 4
f 490/724/1426 491/725/1425 501/736/1445 500/735/1446
s 5
f 491/725/1428 492/726/1427 502/737/1447 501/736/1448
s 6
f 492/726/1430 493/727/1429 503/738/1449 502/737/1450
s 7
f 493/727/1432 494/728/1431 504/739/1451 503/738/1452
s 8
f 494/728/1434 495/729/1433 505/740/1453 504/739/1454
s 9
f 495/729/1436 496/730/1435 506/741/1455 505/740/1456
s 10
f 496/730/1438 487/731/1437 497/742/1457 506/741/1458
s 11
f 468/690/1459 467/689/1460 507/753/1461
f 469/691/1462 468/690/1459 507/753/1461
f 470/692/1463 469/691/1462 507/753/1461
f 471/693/1464 470/692/1463 507/753/1461
f 472/694/1465 471/693/1464 507/753/1461
f 473/695/1466 472/694/1465 507/753/1461
f 474/696/1467 473/695/1466 507/753/1461
f 475/697/1468 474/696/1467 507/753/1461
f 476/698/1469 475/697/1468 507/753/1461
f 467/689/1460 476/698/1469 507/753/1461
s 12
f 518/765/1470 519/766/1471 520/754/1472
f 519/766/1471 521/767/1473 520/754/1472
f 521/767/1473 522/768/1474 520/754/1472
f 522/768/1474 523/769/1475 520/754/1472
f 523/769/1475 524/770/1476 520/754/1472
f 524/770/1476 525/771/1477 520/754/1472
f 525/771/1477 526/772/1478 520/754/1472
f 526/772/1478 527/773/1479 520/754/1472
f 527/773/1479 528/774/1480 520/754/1472
f 528/774/1480 518/765/1470 520/754/1472
s off
f 497/751/1481 498/750/1482 509/756/1483 508/755/1484
f 498/750/1485 499/749/1486 510/757/1487 509/756/1488
f 499/749/1489 500/748/1490 511/758/1491 510/757/1492
f 500/748/1493 501/747/1494 512/759/1495 511/758/1496
f 501/747/1497 502/746/1498 513/760/1499 512/759/1500
f 502/746/1501 503/745/1502 514/761/1503 513/760/1504
f 503/745/1505 504/744/1506 515/762/1507 514/761/1508
f 504/744/1509 505/743/1510 516/763/1511 515/762/1512
f 505/743/1513 506/752/1514 517/764/1515 516/763/1516
f 506/752/1517 497/751/1518 508/755/1519 517/764/1520
f 508/755/1521 509/756/1522 519/766/1523 518/765/1524
f 509/756/1525 510/757/1526 521/767/1527 519/766/1528
f 510/757/1529 511/758/1530 522/768/1531 521/767/1532
f 511/758/1533 512/759/1534 523/769/1535 522/768/1536
f 512/759/1537 513/760/1538 524/770/1539 523/769/1540
f 513/760/1541 514/761/1542 525/771/1543 524/770/1544
f 514/761/1545 515/762/1546 526/772/1547 525/771/1548
f 515/762/1549 516/763/1550 527/773/1551 526/772/1552
f 516/763/1553 517/764/1554 528/774/1555 527/773/1556
f 517/764/1557 508/755/1558 518/765/1559 528/774/1560
f 529/775/1561 530/776/1562 540/777/1563 539/778/1564
f 530/776/1565 531/779/1566 541/780/1567 540/777/1568
s 13
f 531/779/1569 532/781/1570 588/782/1571 541/780/1572
s 14
f 532/781/1573 533/783/1574 587/784/1575 588/782/1576
s 15
f 533/783/1577 534/785/1578 586/786/1579 587/784/1580
s 16
f 534/785/1581 535/787/1582 545/788/1583 586/786/1584
s off
f 535/787/1585 536/789/1586 546/790/1587 545/788/1588
f 536/789/1589 537/791/1590 547/792/1591 546/790/1592
f 537/791/1593 538/793/1594 548/794/1595 547/792/1596
f 538/793/1597 529/795/1598 539/796/1599 548/794/1600
f 539/797/1601 540/798/1602 550/799/1603 549/800/1604
f 540/798/1605 541/801/1606 551/802/1607 550/799/1608
s 17
f 541/801/1609 583/803/1610 582/804/1611
s 18
f 583/803/1612 584/805/1613 581/806/1614 582/804/1615
s 19
f 584/805/1616 585/807/1617 580/808/1618 581/806/1619
s 20
f 585/807/1620 545/809/1621 580/808/1622
s off
f 545/809/1623 546/810/1624 556/811/1625 555/812/1626
f 546/810/1627 547/813/1628 557/814/1629 556/811/1630
f 547/813/1631 548/815/1632 558/816/1633 557/814/1634
f 548/815/1635 539/817/1636 549/818/1637 558/816/1638
s 21
f 569/819/1639 570/820/1640 571/821/1641
f 570/820/1640 572/822/1642 571/821/1641
f 572/822/1642 573/823/1643 571/821/1641
f 573/823/1643 574/824/1644 571/821/1641
f 574/824/1644 575/825/1645 571/821/1641
f 575/825/1645 576/826/1646 571/821/1641
f 576/826/1646 577/827/1647 571/821/1641
f 577/827/1647 578/828/1648 571/821/1641
f 578/828/1648 579/829/1649 571/821/1641
f 579/829/1649 569/819/1639 571/821/1641
s off
f 549/830/1650 550/831/1651 560/832/1652 559/833/1653
f 550/831/1654 551/834/1655 561/835/1656 560/832/1657
f 551/834/1658 552/836/1659 562/837/1660 561/835/1661
f 552/836/1662 553/838/1663 563/839/1664 562/837/1665
f 553/838/1666 554/840/1667 564/841/1668 563/839/1669
f 554/840/1670 555/842/1671 565/843/1672 564/841/1673
f 555/842/1674 556/844/1675 566/845/1676 565/843/1677
f 556/844/1678 557/846/1679 567/847/1680 566/845/1681
f 557/846/1682 558/848/1683 568/849/1684 567/847/1685
f 558/848/1686 549/830/1687 559/833/1688 568/849/1689
f 559/833/1690 560/832/1691 570/820/1692 569/819/1693
f 560/832/1694 561/835/1695 572/822/1696 570/820/1697
f 561/835/1698 562/837/1699 573/823/1700 572/822/1701
f 562/837/1702 563/839/1703 574/824/1704 573/823/1705
f 563/839/1706 564/841/1707 575/825/1708 574/824/1709
f 564/841/1710 565/843/1711 576/826/1712 575/825/1713
f 565/843/1714 566/845/1715 577/827/1716 576/826/1717
f 566/845/1718 567/847/1719 578/828/1720 577/827/1721
f 567/847/1722 568/849/1723 579/829/1724 578/828/1725
f 568/849/1726 559/833/1727 569/819/1728 579/829/1729
s 20
f 580/808/1622 545/809/1621 555/812/1730 554/850/1731
s 19
f 581/806/1619 580/808/1618 554/850/1732 553/851/1733
s 18
f 582/804/1615 581/806/1614 553/851/1734 552/852/1735
s 17
f 541/801/1609 582/804/1611 552/852/1736 551/802/1737
f 541/801/1609 542/853/1738 583/803/1610
s 18
f 542/853/1739 543/854/1740 584/805/1613 583/803/1612
s 19
f 543/854/1741 544/855/1742 585/807/1617 584/805/1616
s 20
f 544/855/1743 545/809/1621 585/807/1620
s 16
f 591/856/1744 545/788/1583 544/857/1745
s 15
f 590/858/1746 591/856/1747 544/857/1748 543/859/1749
s 14
f 589/860/1750 590/858/1751 543/859/1752 542/861/1753
s 13
f 541/780/1572 589/860/1754 542/861/1755
f 541/780/1572 588/782/1571 589/860/1754
s 14
f 588/782/1576 587/784/1575 590/858/1751 589/860/1750
s 15
f 587/784/1580 586/786/1579 591/856/1747 590/858/1746
s 16
f 586/786/1584 545/788/1583 591/856/1744
s off
f 592/862/1756 593/863/1757 603/864/1758 602/865/1759
f 593/863/1760 594/866/1761 604/867/1762 603/864/1763
s 22
f 594/866/1764 595/868/1765 651/869/1766 604/867/1767
s 23
f 595/868/1768 596/870/1769 650/871/1770 651/869/1771
s 24
f 596/870/1772 597/872/1773 649/873/1774 650/871/1775
s 25
f 597/872/1776 598/874/1777 608/875/1778 649/873/1779
s off
f 598/874/1780 599/876/1781 609/877/1782 608/875/1783
f 599/876/1784 600/878/1785 610/879/1786 609/877/1787
f 600/878/1788 601/880/1789 611/881/1790 610/879/1791
f 601/880/1792 592/882/1793 602/883/1794 611/881/1795
f 602/884/1796 603/885/1797 613/886/1798 612/887/1799
f 603/885/1800 604/888/1801 614/889/1802 613/886/1803
s 26
f 604/888/1804 646/890/1805 645/891/1806
s 27
f 646/890/1807 647/892/1808 644/893/1809 645/891/1810
s 28
f 647/892/1811 648/894/1812 643/895/1813 644/893/1814
s 29
f 648/894/1815 608/896/1816 643/895/1817
s off
f 608/896/1818 609/897/1819 619/898/1820 618/899/1821
f 609/897/1822 610/900/1823 620/901/1824 619/898/1825
f 610/900/1826 611/902/1827 621/903/1828 620/901/1829
f 611/902/1830 602/904/1831 612/905/1832 621/903/1833
s 30
f 632/906/1834 633/907/1835 634/908/1836
f 633/907/1835 635/909/1837 634/908/1836
f 635/909/1837 636/910/1838 634/908/1836
f 636/910/1838 637/911/1839 634/908/1836
f 637/911/1839 638/912/1840 634/908/1836
f 638/912/1840 639/913/1841 634/908/1836
f 639/913/1841 640/914/1842 634/908/1836
f 640/914/1842 641/915/1843 634/908/1836
f 641/915/1843 642/916/1844 634/908/1836
f 642/916/1844 632/906/1834 634/908/1836
s off
f 612/917/1845 613/918/1846 623/919/1847 622/920/1848
f 613/918/1849 614/921/1850 624/922/1851 623/919/1852
f 614/921/1853 615/923/1854 625/924/1855 624/922/1856
f 615/923/1857 616/925/1858 626/926/1859 625/924/1860
f 616/925/1861 617/927/1862 627/928/1863 626/926/1864
f 617/927/1865 618/929/1866 628/930/1867 627/928/1868
f 618/929/1869 619/931/1870 629/932/1871 628/930/1872
f 619/931/1873 620/933/1874 630/934/1875 629/932/1876
f 620/933/1877 621/935/1878 631/936/1879 630/934/1880
f 621/935/1881 612/917/1882 622/920/1883 631/936/1884
f 622/920/1885 623/919/1886 633/907/1887 632/906/1888
f 623/919/1889 624/922/1890 635/909/1891 633/907/1892
f 624/922/1893 625/924/1894 636/910/1895 635/909/1896
f 625/924/1897 626/926/1898 637/911/1899 636/910/1900
f 626/926/1901 627/928/1902 638/912/1903 637/911/1904
f 627/928/1905 628/930/1906 639/913/1907 638/912/1908
f 628/930/1909 629/932/1910 640/914/1911 639/913/1912
f 629/932/1913 630/934/1914 641/915/1915 640/914/1916
f 630/934/1917 631/936/1918 642/916/1919 641/915/1920
f 631/936/1921 622/920/1922 632/906/1923 642/916/1924
s 29
f 643/895/1817 608/896/1816 618/899/1925 617/937/1926
s 28
f 644/893/1814 643/895/1813 617/937/1927 616/938/1928
s 27
f 645/891/1810 644/893/1809 616/938/1929 615/939/1930
s 26
f 604/888/1804 645/891/1806 615/939/1931 614/889/1932
f 604/888/1804 605/940/1933 646/890/1805
s 27
f 605/940/1934 606/941/1935 647/892/1808 646/890/1807
s 28
f 606/941/1936 607/942/1937 648/894/1812 647/892/1811
s 29
f 607/942/1938 608/896/1816 648/894/1815
s 25
f 654/943/1939 608/875/1778 607/944/1940
s 24
f 653/945/1941 654/943/1942 607/944/1943 606/946/1944
s 23
f 652/947/1945 653/945/1946 606/946/1947 605/948/1948
s 22
f 604/867/1767 652/947/1949 605/948/1950
f 604/867/1767 651/869/1766 652/947/1949
s 23
f 651/869/1771 650/871/1770 653/945/1946 652/947/1945
s 24
f 650/871/1775 649/873/1774 654/943/1942 653/945/1941
s 25
f 649/873/1779 608/875/1778 654/943/1939
g default
v -1218.490962 -0.473785 655.146171
v -1219.242618 -0.473785 660.673522
v -1216.601788 -0.473785 665.587050
v -1211.577270 -0.473785 668.009746
v -1206.088288 -0.473785 667.016547
v -1202.231321 -0.473785 662.986708
v -1201.479561 -0.473785 657.459495
v -1204.120434 -0.473785 652.545837
v -1209.144995 -0.473785 650.123012
v -1214.634055 -0.473785 651.116324
v -1220.978771 36.383545 653.946496
v -1221.960398 36.383545 661.165225
v -1218.511461 36.383545 667.582387
v -1211.949376 36.383545 670.746579
v -1204.780648 36.383545 669.449549
v -1199.743450 36.383545 664.186391
v -1198.761841 36.383545 656.967784
v -1202.210778 36.383545 650.550621
v -1208.772889 36.383545 647.386180
v -1215.941591 36.383545 648.683460
v -1221.431745 73.240883 653.728136
v -1222.455219 73.240883 661.254831
v -1218.859174 73.240883 667.945654
v -1212.017166 73.240883 671.244928
v -1204.542616 73.240883 669.892468
v -1199.290417 73.240883 664.404760
v -1198.267020 73.240883 656.878177
v -1201.863066 73.240883 650.187354
v -1208.704996 73.240883 646.887969
v -1216.179683 73.240883 648.240532
v -1219.507780 105.695534 654.655846
v -1220.353467 105.695534 660.874474
v -1217.382402 105.695534 666.402459
v -1211.729373 105.695534 669.128379
v -1205.553852 105.695534 668.010919
v -1201.214503 105.695534 663.477034
v -1200.368798 105.695534 657.258284
v -1203.339863 105.695534 651.730299
v -1208.992909 105.695534 649.004500
v -1215.168491 105.695534 650.121951
v -1210.361150 -0.473785 659.066500
v -1216.583506 112.597672 656.065986
v -1217.158775 112.597672 660.296415
v -1215.137565 112.597672 664.057115
v -1211.291889 112.597672 665.911473
v -1207.090742 112.597672 665.151288
v -1204.138716 112.597672 662.066902
v -1203.563447 112.597672 657.836472
v -1205.584656 112.597672 654.075773
v -1209.430333 112.597672 652.221415
v -1213.631541 112.597672 652.981591
v -1213.035661 114.171967 657.776799
v -1213.282920 114.171967 659.595058
v -1210.361150 114.171967 659.066500
v -1212.414151 114.171967 661.211497
v -1210.761189 114.171967 662.008597
v -1208.955447 114.171967 661.681859
v -1207.686561 114.171967 660.356088
v -1207.439285 114.171967 658.537709
v -1208.308054 114.171967 656.921269
v -1209.961033 114.171967 656.124290
v -1211.766836 114.171967 656.451020
v -1206.759996 67.942490 656.475185
v -1203.894321 63.475231 654.951298
v -1203.885833 57.953396 654.967053
v -1206.737851 53.486141 656.516307
v -1211.361070 51.779797 659.007400
v -1215.989546 53.486141 661.488623
v -1218.855221 57.953396 663.012510
v -1218.863709 63.475231 662.996755
v -1216.011570 67.942490 661.447519
v -1211.388428 69.648834 658.956537
v -1222.113300 66.920532 627.908826
v -1221.387133 63.013004 622.404239
v -1225.163883 58.062069 618.053798
v -1227.879617 55.578335 617.180037
v -1232.738708 55.069714 619.232094
v -1237.131312 55.424519 622.152354
v -1237.347101 58.341000 625.734524
v -1235.248942 62.727322 632.510521
v -1231.364995 66.920532 632.881143
v -1226.347619 68.413071 631.123445
v -1223.758028 90.642395 628.039962
v -1223.130774 90.642395 623.427179
v -1225.334540 90.642395 619.326874
v -1229.527750 90.642395 617.304771
v -1234.108432 90.642395 618.133708
v -1237.327218 90.642395 621.496692
v -1237.954472 90.642395 626.109475
v -1235.750706 90.642395 630.209779
v -1231.557496 90.642395 632.231883
v -1226.976693 90.642395 631.402963
v -1225.927187 95.464233 626.993941
v -1225.500416 95.464233 623.855902
v -1226.999628 95.464233 621.066478
v -1229.852206 95.464233 619.691061
v -1232.968370 95.464233 620.254879
v -1235.158076 95.464233 622.542833
v -1235.584813 95.464233 625.680631
v -1234.085480 95.464233 628.470072
v -1231.233057 95.464233 629.845714
v -1228.116755 95.464233 629.281792
v -1228.558767 96.564026 625.724890
v -1228.375271 96.564026 624.376208
v -1230.542563 96.564026 624.768336
v -1229.019768 96.564026 623.177183
v -1230.245911 96.564026 622.585973
v -1231.585313 96.564026 622.828305
v -1232.526479 96.564026 623.811764
v -1232.709854 96.564026 625.160463
v -1232.065478 96.564026 626.359471
v -1230.839456 96.564026 626.950664
v -1229.499933 96.564026 626.708349
v -1237.172036 62.437428 622.015503
v -1233.527348 62.780903 618.132925
v -1228.259993 62.667873 617.208722
v -1228.105823 59.264622 617.197091
v -1233.452357 59.188831 618.132731
v -1237.153915 59.135342 622.076274
v -1234.687093 54.791920 628.007919
v -1229.561843 53.046810 625.143058
v -1224.633878 54.154331 623.218906
v -1226.466515 54.222759 619.809270
v -1231.330922 53.359112 621.851448
v -1236.014407 54.891926 625.387546
v -1214.353875 74.542000 663.131546
v -1217.040567 70.353806 664.560280
v -1217.048493 65.176918 664.545345
v -1214.374595 60.988724 663.092969
v -1210.040221 59.388969 660.757368
v -1205.700902 60.988724 658.431224
v -1203.014211 65.176918 657.002489
v -1203.006207 70.353806 657.017313
v -1205.680183 74.542000 658.469800
v -1210.014583 76.141754 660.805151
v -1199.959633 73.583878 689.913405
v -1200.640518 69.920456 695.074141
v -1197.099678 65.278801 699.152853
v -1194.553537 62.950218 699.971939
v -1189.998021 62.473373 698.048007
v -1185.879845 62.806007 695.310194
v -1185.677551 65.540306 691.951862
v -1187.644622 69.652618 685.599150
v -1191.285940 73.583878 685.251660
v -1195.989827 74.983185 686.899534
v -1198.417651 95.823883 689.790357
v -1199.005770 95.823883 694.115132
v -1196.939561 95.823883 697.959162
v -1193.008417 95.823883 699.855009
v -1188.713871 95.823883 699.077887
v -1185.696183 95.823883 695.924907
v -1185.108081 95.823883 691.600254
v -1187.174212 95.823883 687.756111
v -1191.105434 95.823883 685.860377
v -1195.400041 95.823883 686.637490
v -1196.384032 100.344505 690.771129
v -1196.784097 100.344505 693.712976
v -1195.378558 100.344505 696.328189
v -1192.704211 100.344505 697.617743
v -1189.782622 100.344505 697.089159
v -1187.729742 100.344505 694.944144
v -1187.329736 100.344505 692.002288
v -1188.735275 100.344505 689.387076
v -1191.409562 100.344505 688.097531
v -1194.331289 100.344505 688.626218
v -1193.916877 101.375595 691.960841
v -1194.088766 101.375595 693.225235
v -1192.056904 101.375595 692.857757
v -1193.484686 101.375595 694.349471
v -1192.335169 101.375595 694.903778
v -1191.079413 101.375595 694.676562
v -1190.196914 101.375595 693.754553
v -1190.025008 101.375595 692.490038
v -1190.629225 101.375595 691.365906
v -1191.778622 101.375595 690.811616
v -1193.034498 101.375595 691.038815
v -1185.841596 69.380836 695.438432
v -1189.258701 69.702850 699.078642
v -1194.197026 69.596878 699.945042
v -1194.341521 66.406227 699.955829
v -1189.328920 66.335175 699.078652
v -1185.858600 66.285027 695.381519
v -1188.171370 62.212929 689.820445
v -1192.976442 60.576836 692.506277
v -1197.596484 61.615166 694.310321
v -1195.878404 61.679321 697.507022
v -1191.317831 60.869621 695.592191
v -1186.926896 62.306686 692.277146
vt 0.626409 0.064409
vt 0.548284 0.007647
vt 0.451716 0.007647
vt 0.373591 0.064409
vt 0.343750 0.156250
vt 0.373591 0.248091
vt 0.451716 0.304853
vt 0.548284 0.304853
vt 0.626409 0.248091
vt 0.656250 0.156250
vt 0.375000 0.312500
vt 0.400000 0.312500
vt 0.425000 0.312500
vt 0.450000 0.312500
vt 0.475000 0.312500
vt 0.500000 0.312500
vt 0.525000 0.312500
vt 0.550000 0.312500
vt 0.575000 0.312500
vt 0.600000 0.312500
vt 0.625000 0.312500
vt 0.375000 0.437500
vt 0.400000 0.437500
vt 0.425000 0.437500
vt 0.450000 0.437500
vt 0.475000 0.437500
vt 0.500000 0.437500
vt 0.525000 0.437500
vt 0.550000 0.437500
vt 0.575000 0.437500
vt 0.600000 0.437500
vt 0.625000 0.437500
vt 0.375000 0.562500
vt 0.400000 0.562500
vt 0.425000 0.562500
vt 0.450000 0.562500
vt 0.475000 0.562500
vt 0.500000 0.562500
vt 0.525000 0.562500
vt 0.550000 0.562500
vt 0.575000 0.562500
vt 0.600000 0.562500
vt 0.625000 0.562500
vt 0.375000 0.687500
vt 0.400000 0.687500
vt 0.425000 0.687500
vt 0.450000 0.687500
vt 0.475000 0.687500
vt 0.500000 0.687500
vt 0.525000 0.687500
vt 0.550000 0.687500
vt 0.575000 0.687500
vt 0.600000 0.687500
vt 0.625000 0.687500
vt 0.626409 0.751909
vt 0.548284 0.695147
vt 0.451716 0.695147
vt 0.373591 0.751909
vt 0.343750 0.843750
vt 0.373591 0.935591
vt 0.451716 0.992353
vt 0.548284 0.992353
vt 0.626409 0.935591
vt 0.656250 0.843750
vt 0.500000 0.156250
vt 0.500000 0.843750
vt 0.626409 0.935591
vt 0.548284 0.992353
vt 0.451716 0.992353
vt 0.373591 0.935591
vt 0.343750 0.843750
vt 0.373591 0.751909
vt 0.451716 0.695147
vt 0.548284 0.695147
vt 0.626409 0.751909
vt 0.656250 0.843750
vt 0.626409 0.935591
vt 0.548284 0.992353
vt 0.451716 0.992353
vt 0.373591 0.935591
vt 0.343750 0.843750
vt 0.373591 0.751909
vt 0.451716 0.695147
vt 0.548284 0.695147
vt 0.626409 0.751909
vt 0.656250 0.843750
vt 0.375000 0.312500
vt 0.400000 0.312500
vt 0.400000 0.687500
vt 0.375000 0.687500
vt 0.425000 0.312500
vt 0.425000 0.687500
vt 0.450000 0.312500
vt 0.450000 0.629930
vt 0.475000 0.312500
vt 0.475000 0.623183
vt 0.500000 0.312500
vt 0.500000 0.634472
vt 0.525000 0.312500
vt 0.525000 0.687500
vt 0.550000 0.312500
vt 0.550000 0.687500
vt 0.575000 0.312500
vt 0.575000 0.687500
vt 0.600000 0.312500
vt 0.600000 0.687500
vt 0.625000 0.312500
vt 0.625000 0.687500
vt 0.375000 0.562500
vt 0.400000 0.562500
vt 0.400000 0.687500
vt 0.375000 0.687500
vt 0.425000 0.562500
vt 0.425000 0.687500
vt 0.450000 0.575218
vt 0.450000 0.591346
vt 0.475000 0.577631
vt 0.475000 0.594214
vt 0.500000 0.572594
vt 0.500000 0.588564
vt 0.525000 0.562500
vt 0.550000 0.562500
vt 0.550000 0.687500
vt 0.525000 0.687500
vt 0.575000 0.562500
vt 0.575000 0.687500
vt 0.600000 0.562500
vt 0.600000 0.687500
vt 0.625000 0.562500
vt 0.625000 0.687500
vt 0.626409 0.935591
vt 0.548284 0.992353
vt 0.500000 0.843750
vt 0.451716 0.992353
vt 0.373591 0.935591
vt 0.343750 0.843750
vt 0.373591 0.751909
vt 0.451716 0.695147
vt 0.548284 0.695147
vt 0.626409 0.751909
vt 0.656250 0.843750
vt 0.626409 0.935591
vt 0.548284 0.992353
vt 0.548284 0.992353
vt 0.626409 0.935591
vt 0.451716 0.992353
vt 0.451716 0.992353
vt 0.373591 0.935591
vt 0.373591 0.935591
vt 0.343750 0.843750
vt 0.343750 0.843750
vt 0.373591 0.751909
vt 0.373591 0.751909
vt 0.451716 0.695147
vt 0.451716 0.695147
vt 0.548284 0.695147
vt 0.548284 0.695147
vt 0.626409 0.751909
vt 0.626409 0.751909
vt 0.656250 0.843750
vt 0.656250 0.843750
vt 0.500000 0.687500
vt 0.475000 0.687500
vt 0.450000 0.687500
vt 0.450000 0.562500
vt 0.475000 0.562500
vt 0.500000 0.562500
vt 0.500000 0.659131
vt 0.500000 0.687500
vt 0.475000 0.653382
vt 0.475000 0.687500
vt 0.450000 0.662436
vt 0.450000 0.687500
vt 0.375000 0.312500
vt 0.400000 0.312500
vt 0.400000 0.687500
vt 0.375000 0.687500
vt 0.425000 0.312500
vt 0.425000 0.687500
vt 0.450000 0.312500
vt 0.450000 0.629930
vt 0.475000 0.312500
vt 0.475000 0.623183
vt 0.500000 0.312500
vt 0.500000 0.634472
vt 0.525000 0.312500
vt 0.525000 0.687500
vt 0.550000 0.312500
vt 0.550000 0.687500
vt 0.575000 0.312500
vt 0.575000 0.687500
vt 0.600000 0.312500
vt 0.600000 0.687500
vt 0.625000 0.312500
vt 0.625000 0.687500
vt 0.375000 0.562500
vt 0.400000 0.562500
vt 0.400000 0.687500
vt 0.375000 0.687500
vt 0.425000 0.562500
vt 0.425000 0.687500
vt 0.450000 0.575218
vt 0.450000 0.591346
vt 0.475000 0.577631
vt 0.475000 0.594214
vt 0.500000 0.572594
vt 0.500000 0.588564
vt 0.525000 0.562500
vt 0.550000 0.562500
vt 0.550000 0.687500
vt 0.525000 0.687500
vt 0.575000 0.562500
vt 0.575000 0.687500
vt 0.600000 0.562500
vt 0.600000 0.687500
vt 0.625000 0.562500
vt 0.625000 0.687500
vt 0.626409 0.935591
vt 0.548284 0.992353
vt 0.500000 0.843750
vt 0.451716 0.992353
vt 0.373591 0.935591
vt 0.343750 0.843750
vt 0.373591 0.751909
vt 0.451716 0.695147
vt 0.548284 0.695147
vt 0.626409 0.751909
vt 0.656250 0.843750
vt 0.626409 0.935591
vt 0.548284 0.992353
vt 0.548284 0.992353
vt 0.626409 0.935591
vt 0.451716 0.992353
vt 0.451716 0.992353
vt 0.373591 0.935591
vt 0.373591 0.935591
vt 0.343750 0.843750
vt 0.343750 0.843750
vt 0.373591 0.751909
vt 0.373591 0.751909
vt 0.451716 0.695147
vt 0.451716 0.695147
vt 0.548284 0.695147
vt 0.548284 0.695147
vt 0.626409 0.751909
vt 0.626409 0.751909
vt 0.656250 0.843750
vt 0.656250 0.843750
vt 0.500000 0.687500
vt 0.475000 0.687500
vt 0.450000 0.687500
vt 0.450000 0.562500
vt 0.475000 0.562500
vt 0.500000 0.562500
vt 0.500000 0.659131
vt 0.500000 0.687500
vt 0.475000 0.653382
vt 0.475000 0.687500
vt 0.450000 0.662436
vt 0.450000 0.687500
vn -0.988374 -0.071088 -0.134403
vn -0.988374 -0.071088 -0.134403
vn -0.990099 -0.039718 -0.134634
vn -0.990099 -0.039718 -0.134634
vn -0.878612 -0.071085 0.472215
vn -0.878612 -0.071085 0.472215
vn -0.880145 -0.039716 0.473041
vn -0.880145 -0.039716 0.473041
vn -0.433230 -0.071092 0.898475
vn -0.433230 -0.071092 0.898475
vn -0.433994 -0.039720 0.900040
vn -0.433994 -0.039720 0.900040
vn 0.177594 -0.071093 0.981533
vn 0.177594 -0.071093 0.981533
vn 0.177903 -0.039719 0.983246
vn 0.177904 -0.039719 0.983246
vn 0.720616 -0.071096 0.689679
vn 0.720616 -0.071096 0.689679
vn 0.721872 -0.039720 0.690885
vn 0.721872 -0.039720 0.690885
vn 0.988372 -0.071087 0.134419
vn 0.988371 -0.071087 0.134419
vn 0.990098 -0.039718 0.134641
vn 0.990098 -0.039718 0.134641
vn 0.878612 -0.071085 -0.472216
vn 0.878612 -0.071085 -0.472216
vn 0.880146 -0.039716 -0.473039
vn 0.880146 -0.039716 -0.473039
vn 0.433255 -0.071086 -0.898464
vn 0.433255 -0.071086 -0.898464
vn 0.434014 -0.039718 -0.900030
vn 0.434014 -0.039718 -0.900030
vn -0.177618 -0.071091 -0.981529
vn -0.177618 -0.071091 -0.981528
vn -0.177927 -0.039719 -0.983242
vn -0.177927 -0.039719 -0.983242
vn -0.720613 -0.071089 -0.689684
vn -0.720613 -0.071089 -0.689683
vn -0.721869 -0.039718 -0.690889
vn -0.721869 -0.039718 -0.690889
vn -0.990665 0.020892 -0.134708
vn -0.990665 0.020892 -0.134708
vn -0.880648 0.020892 0.473310
vn -0.880648 0.020892 0.473310
vn -0.434249 0.020893 0.900551
vn -0.434249 0.020893 0.900551
vn 0.178010 0.020893 0.983807
vn 0.178010 0.020893 0.983807
vn 0.722281 0.020893 0.691284
vn 0.722281 0.020893 0.691284
vn 0.990665 0.020893 0.134712
vn 0.990665 0.020893 0.134712
vn 0.880648 0.020892 -0.473310
vn 0.880648 0.020891 -0.473310
vn 0.434259 0.020892 -0.900546
vn 0.434259 0.020892 -0.900546
vn -0.178023 0.020894 -0.983805
vn -0.178023 0.020894 -0.983805
vn -0.722282 0.020893 -0.691283
vn -0.722282 0.020893 -0.691283
vn -0.988946 0.062469 -0.134475
vn -0.988946 0.062469 -0.134475
vn -0.879122 0.062469 0.472486
vn -0.879122 0.062469 0.472486
vn -0.433496 0.062471 0.898987
vn -0.433496 0.062471 0.898987
vn 0.177708 0.062468 0.982099
vn 0.177708 0.062468 0.982099
vn 0.721025 0.062470 0.690087
vn 0.721025 0.062470 0.690087
vn 0.988945 0.062472 0.134483
vn 0.988945 0.062472 0.134483
vn 0.879119 0.062467 -0.472492
vn 0.879119 0.062467 -0.472492
vn 0.433499 0.062473 -0.898986
vn 0.433499 0.062473 -0.898986
vn -0.177708 0.062474 -0.982098
vn -0.177708 0.062474 -0.982098
vn -0.721031 0.062470 -0.690081
vn -0.721031 0.062470 -0.690081
vn 0.000000 -1.000000 0.000000
vn -0.000000 -1.000000 -0.000000
vn 0.000000 -1.000000 0.000000
vn 0.000000 -1.000000 0.000000
vn 0.000000 -1.000000 0.000000
vn 0.000000 -1.000000 0.000000
vn 0.000000 -1.000000 0.000000
vn 0.000000 -1.000000 0.000000
vn 0.000000 -1.000000 0.000000
vn -0.000000 -1.000000 -0.000000
vn -0.000000 -1.000000 -0.000000
vn 0.000006 1.000000 0.000001
vn 0.000003 1.000000 0.000000
vn 0.000001 1.000000 0.000000
vn 0.000003 1.000000 0.000000
vn 0.000000 1.000000 0.000000
vn 0.000000 1.000000 0.000000
vn 0.000001 1.000000 0.000000
vn 0.000003 1.000000 0.000000
vn 0.000001 1.000000 0.000000
vn -0.000006 1.000000 -0.000001
vn -0.000000 1.000000 -0.000000
vn -0.904504 0.408345 -0.122991
vn -0.904504 0.408345 -0.122991
vn -0.904504 0.408345 -0.122991
vn -0.904504 0.408345 -0.122991
vn -0.804059 0.408347 0.432137
vn -0.804059 0.408347 0.432137
vn -0.804059 0.408347 0.432137
vn -0.804059 0.408347 0.432137
vn -0.396477 0.408344 0.822230
vn -0.396477 0.408344 0.822230
vn -0.396477 0.408344 0.822230
vn -0.396477 0.408344 0.822230
vn 0.162538 0.408364 0.898232
vn 0.162538 0.408364 0.898232
vn 0.162538 0.408364 0.898232
vn 0.162538 0.408364 0.898232
vn 0.659461 0.408339 0.631166
vn 0.659461 0.408339 0.631166
vn 0.659461 0.408339 0.631166
vn 0.659461 0.408339 0.631166
vn 0.904499 0.408352 0.123003
vn 0.904499 0.408352 0.123003
vn 0.904499 0.408352 0.123003
vn 0.904499 0.408352 0.123003
vn 0.804051 0.408354 -0.432144
vn 0.804051 0.408354 -0.432144
vn 0.804051 0.408354 -0.432144
vn 0.804051 0.408354 -0.432144
vn 0.396468 0.408354 -0.822229
vn 0.396468 0.408354 -0.822229
vn 0.396468 0.408354 -0.822229
vn 0.396468 0.408354 -0.822229
vn -0.162532 0.408342 -0.898243
vn -0.162532 0.408342 -0.898243
vn -0.162532 0.408342 -0.898243
vn -0.162532 0.408342 -0.898243
vn -0.659464 0.408352 -0.631155
vn -0.659464 0.408352 -0.631155
vn -0.659464 0.408352 -0.631155
vn -0.659464 0.408352 -0.631155
vn -0.383886 0.921903 -0.052210
vn -0.383886 0.921903 -0.052210
vn -0.383886 0.921903 -0.052210
vn -0.383886 0.921903 -0.052210
vn -0.341290 0.921887 0.183428
vn -0.341290 0.921887 0.183428
vn -0.341290 0.921887 0.183428
vn -0.341290 0.921887 0.183428
vn -0.168283 0.921893 0.348991
vn -0.168283 0.921893 0.348991
vn -0.168283 0.921893 0.348991
vn -0.168283 0.921893 0.348991
vn 0.068983 0.921898 0.381242
vn 0.068983 0.921898 0.381242
vn 0.068984 0.921898 0.381242
vn 0.068983 0.921898 0.381242
vn 0.279896 0.921896 0.267892
vn 0.279896 0.921896 0.267892
vn 0.279896 0.921896 0.267892
vn 0.279896 0.921896 0.267892
vn 0.383906 0.921895 0.052203
vn 0.383906 0.921895 0.052203
vn 0.383906 0.921895 0.052203
vn 0.383906 0.921895 0.052203
vn 0.341276 0.921893 -0.183422
vn 0.341276 0.921893 -0.183422
vn 0.341276 0.921893 -0.183422
vn 0.341276 0.921893 -0.183422
vn 0.168272 0.921900 -0.348978
vn 0.168272 0.921900 -0.348978
vn 0.168272 0.921900 -0.348978
vn 0.168272 0.921900 -0.348978
vn -0.068978 0.921897 -0.381246
vn -0.068978 0.921897 -0.381246
vn -0.068978 0.921897 -0.381246
vn -0.068978 0.921897 -0.381246
vn -0.279910 0.921894 -0.267883
vn -0.279910 0.921894 -0.267883
vn -0.279910 0.921894 -0.267883
vn -0.279910 0.921894 -0.267883
vn 0.686864 0.616968 -0.384147
vn 0.686864 0.616968 -0.384147
vn 0.686864 0.616968 -0.384147
vn 0.686864 0.616968 -0.384147
vn 0.867936 -0.111980 -0.483888
vn 0.867936 -0.111980 -0.483888
vn 0.867936 -0.111980 -0.483888
vn 0.867936 -0.111980 -0.483888
vn 0.734244 -0.536799 -0.415610
vn 0.734244 -0.536799 -0.415610
vn 0.734829 -0.535867 -0.415780
vn 0.733296 -0.533228 -0.421834
vn 0.217488 -0.965277 -0.144706
vn 0.217488 -0.965277 -0.144706
vn 0.210071 -0.967090 -0.143549
vn 0.211753 -0.966685 -0.143812
vn -0.275149 -0.954585 0.114286
vn -0.275149 -0.954585 0.114286
vn -0.274866 -0.955043 0.111090
vn -0.274863 -0.955048 0.111055
vn -0.773369 -0.496182 0.394593
vn -0.773369 -0.496182 0.394593
vn -0.779290 -0.490003 0.390646
vn -0.774119 -0.494849 0.394796
vn -0.881997 -0.124137 0.454611
vn -0.881997 -0.124137 0.454611
vn -0.881997 -0.124137 0.454611
vn -0.881997 -0.124137 0.454611
vn -0.710602 0.602197 0.363874
vn -0.710602 0.602197 0.363874
vn -0.710602 0.602197 0.363874
vn -0.710602 0.602197 0.363874
vn -0.270329 0.956805 0.106991
vn -0.270329 0.956805 0.106991
vn -0.270329 0.956805 0.106991
vn -0.270329 0.956805 0.106991
vn 0.238388 0.956804 -0.166426
vn 0.238388 0.956804 -0.166426
vn 0.238388 0.956804 -0.166426
vn 0.238388 0.956804 -0.166426
vn 0.992110 0.063030 0.108371
vn 0.992110 0.063030 0.108371
vn 0.992110 0.063030 0.108371
vn 0.992110 0.063030 0.108371
vn 0.801788 0.048206 -0.595661
vn 0.801788 0.048206 -0.595661
vn 0.801788 0.048206 -0.595661
vn 0.801788 0.048206 -0.595661
vn 0.371841 0.028882 -0.927847
vn 0.286492 0.018473 -0.957905
vn 0.381315 0.029834 -0.923964
vn -0.225491 -0.090894 -0.969996
vn -0.222532 -0.085951 -0.971129
vn -0.175003 -0.004087 -0.984560
vn -0.174963 -0.004085 -0.984567
vn -0.686041 -0.097821 -0.720957
vn -0.684349 -0.100813 -0.722152
vn -0.725917 -0.015884 -0.687599
vn -0.725866 -0.015884 -0.687653
vn -0.998507 -0.006802 -0.054195
vn -0.995150 -0.012233 -0.097605
vn -0.994765 -0.012691 -0.101403
vn -0.929157 -0.005293 0.369646
vn -0.929157 -0.005293 0.369646
vn -0.929158 -0.005293 0.369646
vn -0.929158 -0.005293 0.369646
vn -0.307524 0.050155 0.950217
vn -0.307524 0.050155 0.950218
vn -0.307524 0.050155 0.950218
vn -0.307524 0.050155 0.950217
vn 0.258389 0.012393 0.965961
vn 0.258389 0.012393 0.965962
vn 0.258389 0.012393 0.965961
vn 0.258389 0.012393 0.965962
vn 0.664418 0.026199 0.746902
vn 0.664418 0.026199 0.746902
vn 0.664418 0.026199 0.746902
vn 0.664418 0.026199 0.746902
vn 0.000003 1.000000 0.000000
vn 0.000003 1.000000 0.000000
vn 0.000000 1.000000 0.000000
vn 0.000000 1.000000 0.000000
vn 0.000000 1.000000 0.000000
vn 0.000000 1.000000 0.000000
vn -0.000003 1.000000 -0.000000
vn -0.000003 1.000000 -0.000000
vn 0.000000 1.000000 0.000000
vn 0.000000 1.000000 0.000000
vn 0.000000 1.000000 0.000000
vn 0.895043 0.429045 0.121731
vn 0.895043 0.429045 0.121731
vn 0.895043 0.429045 0.121731
vn 0.895043 0.429045 0.121731
vn 0.795647 0.429042 -0.427632
vn 0.795647 0.429042 -0.427632
vn 0.795647 0.429042 -0.427632
vn 0.795647 0.429042 -0.427632
vn 0.392336 0.429044 -0.813630
vn 0.392336 0.429044 -0.813630
vn 0.392336 0.429044 -0.813630
vn 0.392336 0.429044 -0.813630
vn -0.160836 0.429063 -0.888840
vn -0.160837 0.429063 -0.888840
vn -0.160837 0.429063 -0.888840
vn -0.160837 0.429063 -0.888840
vn -0.652562 0.429070 -0.624549
vn -0.652562 0.429070 -0.624549
vn -0.652562 0.429070 -0.624549
vn -0.652562 0.429070 -0.624549
vn -0.895043 0.429046 -0.121731
vn -0.895043 0.429046 -0.121731
vn -0.895043 0.429046 -0.121731
vn -0.895043 0.429046 -0.121731
vn -0.795644 0.429039 0.427641
vn -0.795644 0.429039 0.427641
vn -0.795644 0.429039 0.427641
vn -0.795644 0.429039 0.427641
vn -0.392366 0.429036 0.813620
vn -0.392366 0.429036 0.813620
vn -0.392366 0.429036 0.813620
vn -0.392366 0.429036 0.813620
vn 0.160845 0.429040 0.888850
vn 0.160845 0.429040 0.888850
vn 0.160845 0.429040 0.888850
vn 0.160845 0.429040 0.888850
vn 0.652573 0.429061 0.624544
vn 0.652573 0.429061 0.624544
vn 0.652573 0.429061 0.624544
vn 0.652573 0.429061 0.624544
vn 0.364686 0.929808 0.049604
vn 0.364686 0.929808 0.049604
vn 0.364686 0.929808 0.049604
vn 0.364686 0.929808 0.049604
vn 0.324183 0.929809 -0.174245
vn 0.324183 0.929809 -0.174245
vn 0.324183 0.929809 -0.174245
vn 0.324183 0.929809 -0.174245
vn 0.159851 0.929808 -0.331517
vn 0.159851 0.929808 -0.331517
vn 0.159851 0.929808 -0.331518
vn 0.159851 0.929808 -0.331517
vn -0.065525 0.929811 -0.362157
vn -0.065525 0.929811 -0.362157
vn -0.065525 0.929811 -0.362157
vn -0.065525 0.929811 -0.362157
vn -0.265876 0.929819 -0.254454
vn -0.265876 0.929819 -0.254454
vn -0.265876 0.929819 -0.254454
vn -0.265876 0.929819 -0.254454
vn -0.364669 0.929816 -0.049583
vn -0.364669 0.929816 -0.049583
vn -0.364669 0.929816 -0.049583
vn -0.364669 0.929816 -0.049583
vn -0.324204 0.929801 0.174248
vn -0.324204 0.929801 0.174248
vn -0.324204 0.929801 0.174248
vn -0.324204 0.929801 0.174248
vn -0.159873 0.929808 0.331510
vn -0.159873 0.929808 0.331510
vn -0.159873 0.929808 0.331510
vn -0.159873 0.929808 0.331510
vn 0.065530 0.929815 0.362146
vn 0.065530 0.929815 0.362146
vn 0.065530 0.929815 0.362146
vn 0.065530 0.929815 0.362147
vn 0.265883 0.929815 0.254462
vn 0.265883 0.929815 0.254462
vn 0.265883 0.929815 0.254462
vn 0.265883 0.929815 0.254462
vn -0.994695 -0.012779 -0.102070
vn -0.994695 -0.012779 -0.102070
vn -0.725525 -0.015887 -0.688013
vn -0.725525 -0.015887 -0.688013
vn -0.175309 -0.004100 -0.984505
vn -0.175309 -0.004100 -0.984505
vn 0.382212 0.029962 -0.923589
vn 0.382212 0.029962 -0.923589
vn 0.287837 0.022020 -0.957426
vn -0.268501 -0.163905 -0.949232
vn -0.268501 -0.163905 -0.949232
vn -0.640790 -0.172570 -0.748069
vn -0.640790 -0.172570 -0.748069
vn -0.998500 -0.007195 -0.054280
vn -0.868442 -0.368927 0.331213
vn -0.895008 -0.370780 0.247956
vn -0.308179 -0.948946 -0.067293
vn -0.302031 -0.952392 -0.041558
vn -0.337724 -0.918370 -0.206250
vn -0.337724 -0.918370 -0.206250
vn 0.046299 -0.955317 -0.291934
vn 0.039510 -0.952314 -0.302551
vn -0.075076 -0.878078 -0.472591
vn -0.075076 -0.878078 -0.472591
vn 0.742153 -0.470184 -0.477637
vn 0.638257 -0.488555 -0.594930
vn -0.686847 0.616993 0.384137
vn -0.686847 0.616993 0.384137
vn -0.686847 0.616993 0.384137
vn -0.686847 0.616993 0.384137
vn -0.867934 -0.112011 0.483885
vn -0.867934 -0.112011 0.483885
vn -0.867933 -0.112011 0.483885
vn -0.867934 -0.112011 0.483885
vn -0.734241 -0.536806 0.415608
vn -0.734241 -0.536806 0.415608
vn -0.734825 -0.535875 0.415777
vn -0.733293 -0.533235 0.421831
vn -0.217485 -0.965278 0.144704
vn -0.217485 -0.965278 0.144704
vn -0.210068 -0.967091 0.143547
vn -0.211750 -0.966686 0.143810
vn 0.275153 -0.954583 -0.114288
vn 0.275153 -0.954583 -0.114288
vn 0.274871 -0.955042 -0.111093
vn 0.274868 -0.955047 -0.111058
vn 0.773363 -0.496195 -0.394589
vn 0.773363 -0.496195 -0.394590
vn 0.779287 -0.490009 -0.390645
vn 0.774113 -0.494860 -0.394794
vn 0.881998 -0.124145 -0.454607
vn 0.881998 -0.124145 -0.454607
vn 0.881998 -0.124145 -0.454607
vn 0.881998 -0.124145 -0.454607
vn 0.710587 0.602220 -0.363864
vn 0.710587 0.602220 -0.363864
vn 0.710587 0.602220 -0.363863
vn 0.710587 0.602220 -0.363863
vn 0.270336 0.956803 -0.106993
vn 0.270336 0.956803 -0.106993
vn 0.270336 0.956803 -0.106993
vn 0.270336 0.956803 -0.106993
vn -0.238385 0.956805 0.166425
vn -0.238385 0.956805 0.166425
vn -0.238385 0.956805 0.166425
vn -0.238385 0.956805 0.166425
vn -0.992108 0.063030 -0.108396
vn -0.992108 0.063030 -0.108396
vn -0.992108 0.063030 -0.108396
vn -0.992108 0.063030 -0.108396
vn -0.801779 0.048211 0.595673
vn -0.801779 0.048211 0.595673
vn -0.801779 0.048211 0.595673
vn -0.801779 0.048211 0.595673
vn -0.371841 0.028890 0.927847
vn -0.286416 0.018497 0.957927
vn -0.381323 0.029834 0.923961
vn 0.225489 -0.090943 0.969992
vn 0.222530 -0.085999 0.971125
vn 0.174985 -0.004082 0.984563
vn 0.174946 -0.004081 0.984570
vn 0.686034 -0.097804 0.720965
vn 0.684342 -0.100797 0.722161
vn 0.725924 -0.015879 0.687591
vn 0.725873 -0.015880 0.687645
vn 0.998507 -0.006812 0.054207
vn 0.995150 -0.012233 0.097607
vn 0.994764 -0.012690 0.101404
vn 0.929154 -0.005294 -0.369655
vn 0.929154 -0.005294 -0.369655
vn 0.929154 -0.005294 -0.369655
vn 0.929154 -0.005294 -0.369655
vn 0.307521 0.050147 -0.950219
vn 0.307521 0.050147 -0.950219
vn 0.307521 0.050147 -0.950219
vn 0.307521 0.050147 -0.950219
vn -0.258387 0.012395 -0.965962
vn -0.258387 0.012395 -0.965962
vn -0.258387 0.012395 -0.965962
vn -0.258387 0.012395 -0.965962
vn -0.664429 0.026199 -0.746892
vn -0.664429 0.026199 -0.746892
vn -0.664429 0.026199 -0.746892
vn -0.664429 0.026199 -0.746892
vn 0.000000 1.000000 0.000000
vn 0.000003 1.000000 0.000000
vn -0.000000 1.000000 -0.000000
vn -0.000003 1.000000 -0.000000
vn -0.000006 1.000000 -0.000001
vn 0.000000 1.000000 0.000000
vn 0.000000 1.000000 0.000000
vn -0.000003 1.000000 -0.000000
vn 0.000003 1.000000 0.000000
vn 0.000006 1.000000 0.000001
vn 0.000000 1.000000 0.000000
vn -0.895042 0.429053 -0.121707
vn -0.895042 0.429053 -0.121707
vn -0.895042 0.429053 -0.121707
vn -0.895042 0.429053 -0.121707
vn -0.795642 0.429053 0.427630
vn -0.795642 0.429053 0.427630
vn -0.795642 0.429053 0.427630
vn -0.795642 0.429053 0.427630
vn -0.392354 0.429056 0.813615
vn -0.392354 0.429056 0.813615
vn -0.392354 0.429056 0.813615
vn -0.392354 0.429056 0.813615
vn 0.160828 0.429063 0.888842
vn 0.160828 0.429063 0.888842
vn 0.160828 0.429063 0.888842
vn 0.160828 0.429063 0.888842
vn 0.652574 0.429023 0.624569
vn 0.652574 0.429023 0.624569
vn 0.652574 0.429023 0.624569
vn 0.652574 0.429022 0.624569
vn 0.895040 0.429059 0.121706
vn 0.895040 0.429059 0.121706
vn 0.895040 0.429059 0.121706
vn 0.895040 0.429059 0.121706
vn 0.795645 0.429032 -0.427646
vn 0.795645 0.429032 -0.427646
vn 0.795645 0.429032 -0.427646
vn 0.795645 0.429032 -0.427646
vn 0.392350 0.429046 -0.813622
vn 0.392350 0.429046 -0.813622
vn 0.392350 0.429046 -0.813622
vn 0.392350 0.429046 -0.813622
vn -0.160837 0.429030 -0.888856
vn -0.160837 0.429030 -0.888856
vn -0.160837 0.429030 -0.888856
vn -0.160837 0.429030 -0.888856
vn -0.652568 0.429049 -0.624557
vn -0.652568 0.429049 -0.624557
vn -0.652568 0.429049 -0.624557
vn -0.652568 0.429049 -0.624558
vn -0.364661 0.929820 -0.049575
vn -0.364661 0.929820 -0.049575
vn -0.364661 0.929820 -0.049575
vn -0.364661 0.929820 -0.049575
vn -0.324212 0.929803 0.174224
vn -0.324212 0.929803 0.174224
vn -0.324212 0.929803 0.174224
vn -0.324212 0.929803 0.174224
vn -0.159855 0.929806 0.331524
vn -0.159855 0.929806 0.331524
vn -0.159855 0.929806 0.331524
vn -0.159855 0.929806 0.331524
vn 0.065523 0.929808 0.362166
vn 0.065523 0.929808 0.362166
vn 0.065523 0.929808 0.362166
vn 0.065523 0.929808 0.362166
vn 0.265895 0.929807 0.254477
vn 0.265895 0.929807 0.254477
vn 0.265895 0.929807 0.254477
vn 0.265895 0.929807 0.254477
vn 0.364669 0.929816 0.049587
vn 0.364669 0.929816 0.049587
vn 0.364669 0.929816 0.049587
vn 0.364669 0.929816 0.049587
vn 0.324180 0.929810 -0.174242
vn 0.324180 0.929810 -0.174242
vn 0.324180 0.929810 -0.174242
vn 0.324180 0.929810 -0.174242
vn 0.159861 0.929810 -0.331509
vn 0.159861 0.929810 -0.331509
vn 0.159861 0.929810 -0.331509
vn 0.159861 0.929810 -0.331509
vn -0.065530 0.929811 -0.362158
vn -0.065530 0.929811 -0.362158
vn -0.065530 0.929811 -0.362158
vn -0.065530 0.929811 -0.362158
vn -0.265888 0.929812 -0.254467
vn -0.265888 0.929812 -0.254467
vn -0.265888 0.929812 -0.254467
vn -0.265888 0.929812 -0.254467
vn 0.994695 -0.012778 0.102071
vn 0.994695 -0.012778 0.102071
vn 0.725534 -0.015885 0.688003
vn 0.725534 -0.015885 0.688003
vn 0.175291 -0.004092 0.984508
vn 0.175291 -0.004092 0.984508
vn -0.382220 0.029962 0.923586
vn -0.382220 0.029962 0.923586
vn -0.287776 0.022134 0.957442
vn 0.268510 -0.163981 0.949217
vn 0.268510 -0.163981 0.949217
vn 0.640779 -0.172558 0.748082
vn 0.640779 -0.172558 0.748082
vn 0.998500 -0.007218 0.054280
vn 0.868487 -0.368797 -0.331238
vn 0.895040 -0.370704 -0.247954
vn 0.308177 -0.948947 0.067284
vn 0.302032 -0.952392 0.041552
vn 0.337712 -0.918375 0.206249
vn 0.337712 -0.918375 0.206249
vn -0.046294 -0.955316 0.291939
vn -0.039510 -0.952315 0.302549
vn 0.075090 -0.878068 0.472609
vn 0.075090 -0.878067 0.472609
vn -0.742163 -0.470198 0.477607
vn -0.638230 -0.488543 0.594969
s 1
g pCylinder30
usemtl lambert8SG
f 655/959/1951 656/960/1952 666/971/1953 665/970/1954
s 2
f 656/960/1955 657/961/1956 667/972/1957 666/971/1958
s 3
f 657/961/1959 658/962/1960 668/973/1961 667/972/1962
s 4
f 658/962/1963 659/963/1964 669/974/1965 668/973/1966
s 5
f 659/963/1967 660/964/1968 670/975/1969 669/974/1970
s 6
f 660/964/1971 661/965/1972 671/976/1973 670/975/1974
s 7
f 661/965/1975 662/966/1976 672/977/1977 671/976/1978
s 8
f 662/966/1979 663/967/1980 673/978/1981 672/977/1982
s 9
f 663/967/1983 664/968/1984 674/979/1985 673/978/1986
s 10
f 664/968/1987 655/969/1988 665/980/1989 674/979/1990
s 1
f 665/970/1954 666/971/1953 676/982/1991 675/981/1992
s 2
f 666/971/1958 667/972/1957 677/983/1993 676/982/1994
s 3
f 667/972/1962 668/973/1961 678/984/1995 677/983/1996
s 4
f 668/973/1966 669/974/1965 679/985/1997 678/984/1998
s 5
f 669/974/1970 670/975/1969 680/986/1999 679/985/2000
s 6
f 670/975/1974 671/976/1973 681/987/2001 680/986/2002
s 7
f 671/976/1978 672/977/1977 682/988/2003 681/987/2004
s 8
f 672/977/1982 673/978/1981 683/989/2005 682/988/2006
s 9
f 673/978/1986 674/979/1985 684/990/2007 683/989/2008
s 10
f 674/979/1990 665/980/1989 675/991/2009 684/990/2010
s 1
f 675/981/1992 676/982/1991 686/993/2011 685/992/2012
s 2
f 676/982/1994 677/983/1993 687/994/2013 686/993/2014
s 3
f 677/983/1996 678/984/1995 688/995/2015 687/994/2016
s 4
f 678/984/1998 679/985/1997 689/996/2017 688/995/2018
s 5
f 679/985/2000 680/986/1999 690/997/2019 689/996/2020
s 6
f 680/986/2002 681/987/2001 691/998/2021 690/997/2022
s 7
f 681/987/2004 682/988/2003 692/999/2023 691/998/2024
s 8
f 682/988/2006 683/989/2005 693/1000/2025 692/999/2026
s 9
f 683/989/2008 684/990/2007 694/1001/2027 693/1000/2028
s 10
f 684/990/2010 675/991/2009 685/1002/2029 694/1001/2030
s 11
f 656/950/2031 655/949/2032 695/1013/2033
f 657/951/2034 656/950/2031 695/1013/2033
f 658/952/2035 657/951/2034 695/1013/2033
f 659/953/2036 658/952/2035 695/1013/2033
f 660/954/2037 659/953/2036 695/1013/2033
f 661/955/2038 660/954/2037 695/1013/2033
f 662/956/2039 661/955/2038 695/1013/2033
f 663/957/2040 662/956/2039 695/1013/2033
f 664/958/2041 663/957/2040 695/1013/2033
f 655/949/2032 664/958/2041 695/1013/2033
s 12
f 706/1025/2042 707/1026/2043 708/1014/2044
f 707/1026/2043 709/1027/2045 708/1014/2044
f 709/1027/2045 710/1028/2046 708/1014/2044
f 710/1028/2046 711/1029/2047 708/1014/2044
f 711/1029/2047 712/1030/2048 708/1014/2044
f 712/1030/2048 713/1031/2049 708/1014/2044
f 713/1031/2049 714/1032/2050 708/1014/2044
f 714/1032/2050 715/1033/2051 708/1014/2044
f 715/1033/2051 716/1034/2052 708/1014/2044
f 716/1034/2052 706/1025/2042 708/1014/2044
s off
f 685/1011/2053 686/1010/2054 697/1016/2055 696/1015/2056
f 686/1010/2057 687/1009/2058 698/1017/2059 697/1016/2060
f 687/1009/2061 688/1008/2062 699/1018/2063 698/1017/2064
f 688/1008/2065 689/1007/2066 700/1019/2067 699/1018/2068
f 689/1007/2069 690/1006/2070 701/1020/2071 700/1019/2072
f 690/1006/2073 691/1005/2074 702/1021/2075 701/1020/2076
f 691/1005/2077 692/1004/2078 703/1022/2079 702/1021/2080
f 692/1004/2081 693/1003/2082 704/1023/2083 703/1022/2084
f 693/1003/2085 694/1012/2086 705/1024/2087 704/1023/2088
f 694/1012/2089 685/1011/2090 696/1015/2091 705/1024/2092
f 696/1015/2093 697/1016/2094 707/1026/2095 706/1025/2096
f 697/1016/2097 698/1017/2098 709/1027/2099 707/1026/2100
f 698/1017/2101 699/1018/2102 710/1028/2103 709/1027/2104
f 699/1018/2105 700/1019/2106 711/1029/2107 710/1028/2108
f 700/1019/2109 701/1020/2110 712/1030/2111 711/1029/2112
f 701/1020/2113 702/1021/2114 713/1031/2115 712/1030/2116
f 702/1021/2117 703/1022/2118 714/1032/2119 713/1031/2120
f 703/1022/2121 704/1023/2122 715/1033/2123 714/1032/2124
f 704/1023/2125 705/1024/2126 716/1034/2127 715/1033/2128
f 705/1024/2129 696/1015/2130 706/1025/2131 716/1034/2132
f 717/1035/2133 718/1036/2134 728/1037/2135 727/1038/2136
f 718/1036/2137 719/1039/2138 729/1040/2139 728/1037/2140
s 13
f 719/1039/2141 720/1041/2142 776/1042/2143 729/1040/2144
s 14
f 720/1041/2145 721/1043/2146 775/1044/2147 776/1042/2148
s 15
f 721/1043/2149 722/1045/2150 774/1046/2151 775/1044/2152
s 16
f 722/1045/2153 723/1047/2154 733/1048/2155 774/1046/2156
s off
f 723/1047/2157 724/1049/2158 734/1050/2159 733/1048/2160
f 724/1049/2161 725/1051/2162 735/1052/2163 734/1050/2164
f 725/1051/2165 726/1053/2166 736/1054/2167 735/1052/2168
f 726/1053/2169 717/1055/2170 727/1056/2171 736/1054/2172
f 727/1057/2173 728/1058/2174 738/1059/2175 737/1060/2176
f 728/1058/2177 729/1061/2178 739/1062/2179 738/1059/2180
s 17
f 729/1061/2181 771/1063/2182 770/1064/2183
s 18
f 771/1063/2184 772/1065/2185 769/1066/2186 770/1064/2187
s 19
f 772/1065/2188 773/1067/2189 768/1068/2190 769/1066/2191
s 20
f 773/1067/2192 733/1069/2193 768/1068/2194
s off
f 733/1069/2195 734/1070/2196 744/1071/2197 743/1072/2198
f 734/1070/2199 735/1073/2200 745/1074/2201 744/1071/2202
f 735/1073/2203 736/1075/2204 746/1076/2205 745/1074/2206
f 736/1075/2207 727/1077/2208 737/1078/2209 746/1076/2210
s 21
f 757/1079/2211 758/1080/2212 759/1081/2213
f 758/1080/2212 760/1082/2214 759/1081/2213
f 760/1082/2214 761/1083/2215 759/1081/2213
f 761/1083/2215 762/1084/2216 759/1081/2213
f 762/1084/2216 763/1085/2217 759/1081/2213
f 763/1085/2217 764/1086/2218 759/1081/2213
f 764/1086/2218 765/1087/2219 759/1081/2213
f 765/1087/2219 766/1088/2220 759/1081/2213
f 766/1088/2220 767/1089/2221 759/1081/2213
f 767/1089/2221 757/1079/2211 759/1081/2213
s off
f 737/1090/2222 738/1091/2223 748/1092/2224 747/1093/2225
f 738/1091/2226 739/1094/2227 749/1095/2228 748/1092/2229
f 739/1094/2230 740/1096/2231 750/1097/2232 749/1095/2233
f 740/1096/2234 741/1098/2235 751/1099/2236 750/1097/2237
f 741/1098/2238 742/1100/2239 752/1101/2240 751/1099/2241
f 742/1100/2242 743/1102/2243 753/1103/2244 752/1101/2245
f 743/1102/2246 744/1104/2247 754/1105/2248 753/1103/2249
f 744/1104/2250 745/1106/2251 755/1107/2252 754/1105/2253
f 745/1106/2254 746/1108/2255 756/1109/2256 755/1107/2257
f 746/1108/2258 737/1090/2259 747/1093/2260 756/1109/2261
f 747/1093/2262 748/1092/2263 758/1080/2264 757/1079/2265
f 748/1092/2266 749/1095/2267 760/1082/2268 758/1080/2269
f 749/1095/2270 750/1097/2271 761/1083/2272 760/1082/2273
f 750/1097/2274 751/1099/2275 762/1084/2276 761/1083/2277
f 751/1099/2278 752/1101/2279 763/1085/2280 762/1084/2281
f 752/1101/2282 753/1103/2283 764/1086/2284 763/1085/2285
f 753/1103/2286 754/1105/2287 765/1087/2288 764/1086/2289
f 754/1105/2290 755/1107/2291 766/1088/2292 765/1087/2293
f 755/1107/2294 756/1109/2295 767/1089/2296 766/1088/2297
f 756/1109/2298 747/1093/2299 757/1079/2300 767/1089/2301
s 20
f 768/1068/2194 733/1069/2193 743/1072/2302 742/1110/2303
s 19
f 769/1066/2191 768/1068/2190 742/1110/2304 741/1111/2305
s 18
f 770/1064/2187 769/1066/2186 741/1111/2306 740/1112/2307
s 17
f 729/1061/2181 770/1064/2183 740/1112/2308 739/1062/2309
f 729/1061/2181 730/1113/2310 771/1063/2182
s 18
f 730/1113/2311 731/1114/2312 772/1065/2185 771/1063/2184
s 19
f 731/1114/2313 732/1115/2314 773/1067/2189 772/1065/2188
s 20
f 732/1115/2315 733/1069/2193 773/1067/2192
s 16
f 779/1116/2316 733/1048/2155 732/1117/2317
s 15
f 778/1118/2318 779/1116/2319 732/1117/2320 731/1119/2321
s 14
f 777/1120/2322 778/1118/2323 731/1119/2324 730/1121/2325
s 13
f 729/1040/2144 777/1120/2326 730/1121/2327
f 729/1040/2144 776/1042/2143 777/1120/2326
s 14
f 776/1042/2148 775/1044/2147 778/1118/2323 777/1120/2322
s 15
f 775/1044/2152 774/1046/2151 779/1116/2319 778/1118/2318
s 16
f 774/1046/2156 733/1048/2155 779/1116/2316
s off
f 780/1122/2328 781/1123/2329 791/1124/2330 790/1125/2331
f 781/1123/2332 782/1126/2333 792/1127/2334 791/1124/2335
s 22
f 782/1126/2336 783/1128/2337 839/1129/2338 792/1127/2339
s 23
f 783/1128/2340 784/1130/2341 838/1131/2342 839/1129/2343
s 24
f 784/1130/2344 785/1132/2345 837/1133/2346 838/1131/2347
s 25
f 785/1132/2348 786/1134/2349 796/1135/2350 837/1133/2351
s off
f 786/1134/2352 787/1136/2353 797/1137/2354 796/1135/2355
f 787/1136/2356 788/1138/2357 798/1139/2358 797/1137/2359
f 788/1138/2360 789/1140/2361 799/1141/2362 798/1139/2363
f 789/1140/2364 780/1142/2365 790/1143/2366 799/1141/2367
f 790/1144/2368 791/1145/2369 801/1146/2370 800/1147/2371
f 791/1145/2372 792/1148/2373 802/1149/2374 801/1146/2375
s 26
f 792/1148/2376 834/1150/2377 833/1151/2378
s 27
f 834/1150/2379 835/1152/2380 832/1153/2381 833/1151/2382
s 28
f 835/1152/2383 836/1154/2384 831/1155/2385 832/1153/2386
s 29
f 836/1154/2387 796/1156/2388 831/1155/2389
s off
f 796/1156/2390 797/1157/2391 807/1158/2392 806/1159/2393
f 797/1157/2394 798/1160/2395 808/1161/2396 807/1158/2397
f 798/1160/2398 799/1162/2399 809/1163/2400 808/1161/2401
f 799/1162/2402 790/1164/2403 800/1165/2404 809/1163/2405
s 30
f 820/1166/2406 821/1167/2407 822/1168/2408
f 821/1167/2407 823/1169/2409 822/1168/2408
f 823/1169/2409 824/1170/2410 822/1168/2408
f 824/1170/2410 825/1171/2411 822/1168/2408
f 825/1171/2411 826/1172/2412 822/1168/2408
f 826/1172/2412 827/1173/2413 822/1168/2408
f 827/1173/2413 828/1174/2414 822/1168/2408
f 828/1174/2414 829/1175/2415 822/1168/2408
f 829/1175/2415 830/1176/2416 822/1168/2408
f 830/1176/2416 820/1166/2406 822/1168/2408
s off
f 800/1177/2417 801/1178/2418 811/1179/2419 810/1180/2420
f 801/1178/2421 802/1181/2422 812/1182/2423 811/1179/2424
f 802/1181/2425 803/1183/2426 813/1184/2427 812/1182/2428
f 803/1183/2429 804/1185/2430 814/1186/2431 813/1184/2432
f 804/1185/2433 805/1187/2434 815/1188/2435 814/1186/2436
f 805/1187/2437 806/1189/2438 816/1190/2439 815/1188/2440
f 806/1189/2441 807/1191/2442 817/1192/2443 816/1190/2444
f 807/1191/2445 808/1193/2446 818/1194/2447 817/1192/2448
f 808/1193/2449 809/1195/2450 819/1196/2451 818/1194/2452
f 809/1195/2453 800/1177/2454 810/1180/2455 819/1196/2456
f 810/1180/2457 811/1179/2458 821/1167/2459 820/1166/2460
f 811/1179/2461 812/1182/2462 823/1169/2463 821/1167/2464
f 812/1182/2465 813/1184/2466 824/1170/2467 823/1169/2468
f 813/1184/2469 814/1186/2470 825/1171/2471 824/1170/2472
f 814/1186/2473 815/1188/2474 826/1172/2475 825/1171/2476
f 815/1188/2477 816/1190/2478 827/1173/2479 826/1172/2480
f 816/1190/2481 817/1192/2482 828/1174/2483 827/1173/2484
f 817/1192/2485 818/1194/2486 829/1175/2487 828/1174/2488
f 818/1194/2489 819/1196/2490 830/1176/2491 829/1175/2492
f 819/1196/2493 810/1180/2494 820/1166/2495 830/1176/2496
s 29
f 831/1155/2389 796/1156/2388 806/1159/2497 805/1197/2498
s 28
f 832/1153/2386 831/1155/2385 805/1197/2499 804/1198/2500
s 27
f 833/1151/2382 832/1153/2381 804/1198/2501 803/1199/2502
s 26
f 792/1148/2376 833/1151/2378 803/1199/2503 802/1149/2504
f 792/1148/2376 793/1200/2505 834/1150/2377
s 27
f 793/1200/2506 794/1201/2507 835/1152/2380 834/1150/2379
s 28
f 794/1201/2508 795/1202/2509 836/1154/2384 835/1152/2383
s 29
f 795/1202/2510 796/1156/2388 836/1154/2387
s 25
f 842/1203/2511 796/1135/2350 795/1204/2512
s 24
f 841/1205/2513 842/1203/2514 795/1204/2515 794/1206/2516
s 23
f 840/1207/2517 841/1205/2518 794/1206/2519 793/1208/2520
s 22
f 792/1127/2339 840/1207/2521 793/1208/2522
f 792/1127/2339 839/1129/2338 840/1207/2521
s 23
f 839/1129/2343 838/1131/2342 841/1205/2518 840/1207/2517
s 24
f 838/1131/2347 837/1133/2346 842/1203/2514 841/1205/2513
s 25
f 837/1133/2351 796/1135/2350 842/1203/2511
g default
v -1169.376200 -0.473785 843.291436
v -1173.996033 -0.473785 846.417733
v -1175.895937 -0.473785 851.662455
v -1174.350117 -0.473785 857.022089
v -1169.949286 -0.473785 860.449632
v -1164.374243 -0.473785 860.635898
v -1159.754443 -0.473785 857.509770
v -1157.854472 -0.473785 852.264930
v -1159.400224 -0.473785 846.905177
v -1163.801191 -0.473785 843.477651
v -1170.141502 36.383545 840.637622
v -1176.174985 36.383545 844.720599
v -1178.656322 36.383545 851.570278
v -1176.637550 36.383545 858.570108
v -1170.890052 36.383545 863.046626
v -1163.608907 36.383545 863.289763
v -1157.575525 36.383545 859.206854
v -1155.094189 36.383545 852.357174
v -1157.112791 36.383545 845.357158
v -1162.860458 36.383545 840.880826
v -1170.280900 73.240883 840.154471
v -1176.571765 73.240883 844.411660
v -1179.158899 73.240883 851.553466
v -1177.054090 73.240883 858.851962
v -1171.061328 73.240883 863.519386
v -1163.469475 73.240883 863.772964
v -1157.178745 73.240883 859.515792
v -1154.591611 73.240883 852.373987
v -1156.696285 73.240883 845.075473
v -1162.689216 73.240883 840.408016
v -1169.688998 105.695534 842.206772
v -1174.886628 105.695534 845.724041
v -1177.024130 105.695534 851.624628
v -1175.285073 105.695534 857.654807
v -1170.333778 105.695534 861.511030
v -1164.061444 105.695534 861.720562
v -1158.863713 105.695534 858.203225
v -1156.726212 105.695534 852.302638
v -1158.465369 105.695534 846.272527
v -1163.416699 105.695534 842.416253
v -1166.875272 -0.473785 851.963701
v -1168.789427 112.597672 845.326170
v -1172.325262 112.597672 847.718938
v -1173.779416 112.597672 851.733110
v -1172.596326 112.597672 855.835325
v -1169.228016 112.597672 858.458684
v -1164.960982 112.597672 858.601215
v -1161.425147 112.597672 856.208447
v -1159.970992 112.597672 852.194275
v -1161.154083 112.597672 848.092059
v -1164.522427 112.597672 845.468650
v -1167.698011 114.171967 849.110730
v -1169.217734 114.171967 850.139149
v -1166.875272 114.171967 851.963701
v -1169.842762 114.171967 851.864541
v -1169.334282 114.171967 853.627804
v -1167.886514 114.171967 854.755384
v -1166.052397 114.171967 854.816654
v -1164.532573 114.171967 853.788167
v -1163.907545 114.171967 852.062776
v -1164.416127 114.171967 850.299580
v -1165.863928 114.171967 849.171950
v -1162.542710 67.942490 852.918753
v -1159.496022 63.475231 854.037690
v -1159.502101 57.953396 854.054523
v -1162.558581 53.486141 852.962680
v -1167.498116 51.779797 851.179226
v -1172.433800 53.486141 849.385274
v -1175.480488 57.953396 848.266337
v -1175.474409 63.475231 848.249504
v -1172.417861 67.942490 849.341449
v -1167.478462 69.648834 851.124919
v -1151.497016 66.920532 822.426895
v -1146.911144 63.013004 819.296787
v -1146.188388 58.062069 813.581212
v -1147.348544 55.578335 810.974930
v -1152.118255 55.069714 808.722916
v -1157.223764 55.424519 807.397523
v -1160.036821 58.341000 809.625800
v -1163.686408 62.727322 815.708310
v -1161.372235 66.920532 818.849489
v -1156.716291 68.413071 821.415761
v -1152.691650 90.642395 821.288837
v -1148.836245 90.642395 818.679801
v -1147.250797 90.642395 814.303108
v -1148.540679 90.642395 809.830064
v -1152.213341 90.642395 806.969760
v -1156.865875 90.642395 806.814268
v -1160.721279 90.642395 809.423305
v -1162.306727 90.642395 813.799997
v -1161.016845 90.642395 818.273041
v -1157.344115 90.642395 821.133446
v -1153.358924 95.464233 818.974932
v -1150.736086 95.464233 817.200066
v -1149.657509 95.464233 814.222619
v -1150.535138 95.464233 811.179801
v -1153.033519 95.464233 809.233919
v -1156.198702 95.464233 809.128241
v -1158.821336 95.464233 810.902971
v -1159.899846 95.464233 813.880520
v -1159.022488 95.464233 816.923372
v -1156.523937 95.464233 818.869287
v -1154.168416 96.564026 816.167723
v -1153.041109 96.564026 815.404969
v -1154.778728 96.564026 814.051603
v -1152.577530 96.564026 814.125074
v -1152.954764 96.564026 812.817155
v -1154.028621 96.564026 811.980761
v -1155.389108 96.564026 811.935382
v -1156.516347 96.564026 812.698238
v -1156.979994 96.564026 813.978032
v -1156.602828 96.564026 815.285849
v -1155.528904 96.564026 816.122344
v -1157.148954 62.437428 807.275909
v -1151.825215 62.780903 807.402215
v -1147.623603 62.667873 810.710635
v -1147.512116 59.264622 810.817753
v -1151.775055 59.188831 807.457963
v -1157.182150 59.135342 807.329941
v -1159.956723 54.791920 813.124022
v -1154.403867 53.046810 815.032270
v -1149.683526 54.154331 817.420906
v -1148.365190 54.222759 813.781379
v -1153.131085 53.359112 811.518815
v -1158.889464 54.891926 810.387404
v -1172.567090 74.542000 851.699760
v -1175.423507 70.353806 850.650727
v -1175.417665 65.176918 850.634860
v -1172.552164 60.988724 851.658593
v -1167.921130 59.388969 853.330526
v -1163.293845 60.988724 855.012449
v -1160.437428 65.176918 856.061482
v -1160.443135 70.353806 856.077332
v -1163.308771 74.542000 855.053616
v -1167.939636 76.141754 853.381497
v -1182.922751 73.583878 880.286864
v -1187.222213 69.920456 883.221386
v -1187.899834 65.278801 888.579956
v -1186.812046 62.950218 891.023407
v -1182.340267 62.473373 893.134672
v -1177.553727 62.806007 894.377263
v -1174.916457 65.540306 892.288215
v -1171.494840 69.652618 886.585685
v -1173.664432 73.583878 883.640720
v -1178.029468 74.983185 881.234789
v -1181.802667 95.823883 881.353758
v -1185.417371 95.823883 883.799872
v -1186.903606 95.823883 887.903150
v -1185.694428 95.823883 892.096719
v -1182.251208 95.823883 894.778376
v -1177.889272 95.823883 894.924085
v -1174.274670 95.823883 892.478038
v -1172.788299 95.823883 888.374743
v -1173.997613 95.823883 884.181191
v -1177.440867 95.823883 881.499484
v -1181.177172 100.344505 883.523153
v -1183.636012 100.344505 885.187070
v -1184.647255 100.344505 887.978533
v -1183.824516 100.344505 890.831283
v -1181.482155 100.344505 892.655682
v -1178.514734 100.344505 892.754740
v -1176.055927 100.344505 891.090772
v -1175.044685 100.344505 888.299310
v -1175.867390 100.344505 885.446610
v -1178.209919 100.344505 883.622177
v -1180.418222 101.375595 886.154932
v -1181.474983 101.375595 886.870120
v -1179.846054 101.375595 888.139014
v -1181.909791 101.375595 888.070020
v -1181.556165 101.375595 889.296232
v -1180.549358 101.375595 890.080380
v -1179.273785 101.375595 890.123029
v -1178.216922 101.375595 889.407773
v -1177.782283 101.375595 888.207840
v -1178.135842 101.375595 886.981729
v -1179.142716 101.375595 886.197479
v -1177.623771 69.380836 894.491289
v -1182.615136 69.702850 894.372916
v -1186.554236 69.596878 891.271111
v -1186.658641 66.406227 891.170639
v -1182.661974 66.335175 894.320601
v -1177.592704 66.285027 894.440661
v -1174.991509 62.212929 889.008514
v -1180.197430 60.576836 887.219436
v -1184.622912 61.615166 884.980134
v -1185.858988 61.679321 888.392291
v -1181.390618 60.869621 890.513394
v -1175.992061 62.306686 891.574247
vt 0.626409 0.064409
vt 0.548284 0.007647
vt 0.451716 0.007647
vt 0.373591 0.064409
vt 0.343750 0.156250
vt 0.373591 0.248091
vt 0.451716 0.304853
vt 0.548284 0.304853
vt 0.626409 0.248091
vt 0.656250 0.156250
vt 0.375000 0.312500
vt 0.400000 0.312500
vt 0.425000 0.312500
vt 0.450000 0.312500
vt 0.475000 0.312500
vt 0.500000 0.312500
vt 0.525000 0.312500
vt 0.550000 0.312500
vt 0.575000 0.312500
vt 0.600000 0.312500
vt 0.625000 0.312500
vt 0.375000 0.437500
vt 0.400000 0.437500
vt 0.425000 0.437500
vt 0.450000 0.437500
vt 0.475000 0.437500
vt 0.500000 0.437500
vt 0.525000 0.437500
vt 0.550000 0.437500
vt 0.575000 0.437500
vt 0.600000 0.437500
vt 0.625000 0.437500
vt 0.375000 0.562500
vt 0.400000 0.562500
vt 0.425000 0.562500
vt 0.450000 0.562500
vt 0.475000 0.562500
vt 0.500000 0.562500
vt 0.525000 0.562500
vt 0.550000 0.562500
vt 0.575000 0.562500
vt 0.600000 0.562500
vt 0.625000 0.562500
vt 0.375000 0.687500
vt 0.400000 0.687500
vt 0.425000 0.687500
vt 0.450000 0.687500
vt 0.475000 0.687500
vt 0.500000 0.687500
vt 0.525000 0.687500
vt 0.550000 0.687500
vt 0.575000 0.687500
vt 0.600000 0.687500
vt 0.625000 0.687500
vt 0.626409 0.751909
vt 0.548284 0.695147
vt 0.451716 0.695147
vt 0.373591 0.751909
vt 0.343750 0.843750
vt 0.373591 0.935591
vt 0.451716 0.992353
vt 0.548284 0.992353
vt 0.626409 0.935591
vt 0.656250 0.843750
vt 0.500000 0.156250
vt 0.500000 0.843750
vt 0.626409 0.935591
vt 0.548284 0.992353
vt 0.451716 0.992353
vt 0.373591 0.935591
vt 0.343750 0.843750
vt 0.373591 0.751909
vt 0.451716 0.695147
vt 0.548284 0.695147
vt 0.626409 0.751909
vt 0.656250 0.843750
vt 0.626409 0.935591
vt 0.548284 0.992353
vt 0.451716 0.992353
vt 0.373591 0.935591
vt 0.343750 0.843750
vt 0.373591 0.751909
vt 0.451716 0.695147
vt 0.548284 0.695147
vt 0.626409 0.751909
vt 0.656250 0.843750
vt 0.375000 0.312500
vt 0.400000 0.312500
vt 0.400000 0.687500
vt 0.375000 0.687500
vt 0.425000 0.312500
vt 0.425000 0.687500
vt 0.450000 0.312500
vt 0.450000 0.629930
vt 0.475000 0.312500
vt 0.475000 0.623183
vt 0.500000 0.312500
vt 0.500000 0.634472
vt 0.525000 0.312500
vt 0.525000 0.687500
vt 0.550000 0.312500
vt 0.550000 0.687500
vt 0.575000 0.312500
vt 0.575000 0.687500
vt 0.600000 0.312500
vt 0.600000 0.687500
vt 0.625000 0.312500
vt 0.625000 0.687500
vt 0.375000 0.562500
vt 0.400000 0.562500
vt 0.400000 0.687500
vt 0.375000 0.687500
vt 0.425000 0.562500
vt 0.425000 0.687500
vt 0.450000 0.575218
vt 0.450000 0.591346
vt 0.475000 0.577631
vt 0.475000 0.594214
vt 0.500000 0.572594
vt 0.500000 0.588564
vt 0.525000 0.562500
vt 0.550000 0.562500
vt 0.550000 0.687500
vt 0.525000 0.687500
vt 0.575000 0.562500
vt 0.575000 0.687500
vt 0.600000 0.562500
vt 0.600000 0.687500
vt 0.625000 0.562500
vt 0.625000 0.687500
vt 0.626409 0.935591
vt 0.548284 0.992353
vt 0.500000 0.843750
vt 0.451716 0.992353
vt 0.373591 0.935591
vt 0.343750 0.843750
vt 0.373591 0.751909
vt 0.451716 0.695147
vt 0.548284 0.695147
vt 0.626409 0.751909
vt 0.656250 0.843750
vt 0.626409 0.935591
vt 0.548284 0.992353
vt 0.548284 0.992353
vt 0.626409 0.935591
vt 0.451716 0.992353
vt 0.451716 0.992353
vt 0.373591 0.935591
vt 0.373591 0.935591
vt 0.343750 0.843750
vt 0.343750 0.843750
vt 0.373591 0.751909
vt 0.373591 0.751909
vt 0.451716 0.695147
vt 0.451716 0.695147
vt 0.548284 0.695147
vt 0.548284 0.695147
vt 0.626409 0.751909
vt 0.626409 0.751909
vt 0.656250 0.843750
vt 0.656250 0.843750
vt 0.500000 0.687500
vt 0.475000 0.687500
vt 0.450000 0.687500
vt 0.450000 0.562500
vt 0.475000 0.562500
vt 0.500000 0.562500
vt 0.500000 0.659131
vt 0.500000 0.687500
vt 0.475000 0.653382
vt 0.475000 0.687500
vt 0.450000 0.662436
vt 0.450000 0.687500
vt 0.375000 0.312500
vt 0.400000 0.312500
vt 0.400000 0.687500
vt 0.375000 0.687500
vt 0.425000 0.312500
vt 0.425000 0.687500
vt 0.450000 0.312500
vt 0.450000 0.629930
vt 0.475000 0.312500
vt 0.475000 0.623183
vt 0.500000 0.312500
vt 0.500000 0.634472
vt 0.525000 0.312500
vt 0.525000 0.687500
vt 0.550000 0.312500
vt 0.550000 0.687500
vt 0.575000 0.312500
vt 0.575000 0.687500
vt 0.600000 0.312500
vt 0.600000 0.687500
vt 0.625000 0.312500
vt 0.625000 0.687500
vt 0.375000 0.562500
vt 0.400000 0.562500
vt 0.400000 0.687500
vt 0.375000 0.687500
vt 0.425000 0.562500
vt 0.425000 0.687500
vt 0.450000 0.575218
vt 0.450000 0.591346
vt 0.475000 0.577631
vt 0.475000 0.594214
vt 0.500000 0.572594
vt 0.500000 0.588564
vt 0.525000 0.562500
vt 0.550000 0.562500
vt 0.550000 0.687500
vt 0.525000 0.687500
vt 0.575000 0.562500
vt 0.575000 0.687500
vt 0.600000 0.562500
vt 0.600000 0.687500
vt 0.625000 0.562500
vt 0.625000 0.687500
vt 0.626409 0.935591
vt 0.548284 0.992353
vt 0.500000 0.843750
vt 0.451716 0.992353
vt 0.373591 0.935591
vt 0.343750 0.843750
vt 0.373591 0.751909
vt 0.451716 0.695147
vt 0.548284 0.695147
vt 0.626409 0.751909
vt 0.656250 0.843750
vt 0.626409 0.935591
vt 0.548284 0.992353
vt 0.548284 0.992353
vt 0.626409 0.935591
vt 0.451716 0.992353
vt 0.451716 0.992353
vt 0.373591 0.935591
vt 0.373591 0.935591
vt 0.343750 0.843750
vt 0.343750 0.843750
vt 0.373591 0.751909
vt 0.373591 0.751909
vt 0.451716 0.695147
vt 0.451716 0.695147
vt 0.548284 0.695147
vt 0.548284 0.695147
vt 0.626409 0.751909
vt 0.626409 0.751909
vt 0.656250 0.843750
vt 0.656250 0.843750
vt 0.500000 0.687500
vt 0.475000 0.687500
vt 0.450000 0.687500
vt 0.450000 0.562500
vt 0.475000 0.562500
vt 0.500000 0.562500
vt 0.500000 0.659131
vt 0.500000 0.687500
vt 0.475000 0.653382
vt 0.475000 0.687500
vt 0.450000 0.662436
vt 0.450000 0.687500
vn -0.559033 -0.071088 -0.826093
vn -0.559033 -0.071088 -0.826093
vn -0.560011 -0.039718 -0.827532
vn -0.560011 -0.039718 -0.827532
vn -0.937831 -0.071085 -0.339734
vn -0.937831 -0.071085 -0.339734
vn -0.939469 -0.039716 -0.340326
vn -0.939469 -0.039716 -0.340326
vn -0.958405 -0.071092 0.276414
vn -0.958406 -0.071092 0.276414
vn -0.960081 -0.039720 0.276889
vn -0.960081 -0.039720 0.276889
vn -0.612915 -0.071093 0.786944
vn -0.612915 -0.071093 0.786944
vn -0.613985 -0.039719 0.788318
vn -0.613985 -0.039719 0.788318
vn -0.033290 -0.071096 0.996914
vn -0.033290 -0.071096 0.996914
vn -0.033351 -0.039720 0.998654
vn -0.033351 -0.039720 0.998654
vn 0.559019 -0.071087 0.826102
vn 0.559019 -0.071087 0.826102
vn 0.560005 -0.039718 0.827537
vn 0.560005 -0.039718 0.827537
vn 0.937832 -0.071085 0.339733
vn 0.937832 -0.071085 0.339733
vn 0.939468 -0.039716 0.340328
vn 0.939468 -0.039716 0.340328
vn 0.958413 -0.071086 -0.276388
vn 0.958413 -0.071086 -0.276388
vn 0.960087 -0.039718 -0.276867
vn 0.960087 -0.039718 -0.276867
vn 0.612895 -0.071091 -0.786960
vn 0.612895 -0.071091 -0.786960
vn 0.613966 -0.039719 -0.788333
vn 0.613966 -0.039719 -0.788333
vn 0.033296 -0.071089 -0.996914
vn 0.033296 -0.071089 -0.996914
vn 0.033356 -0.039718 -0.998654
vn 0.033356 -0.039718 -0.998654
vn -0.560333 0.020892 -0.828004
vn -0.560333 0.020892 -0.828004
vn -0.940005 0.020892 -0.340521
vn -0.940005 0.020892 -0.340521
vn -0.960631 0.020893 0.277040
vn -0.960631 0.020893 0.277040
vn -0.614332 0.020893 0.788771
vn -0.614332 0.020893 0.788771
vn -0.033376 0.020893 0.999225
vn -0.033376 0.020893 0.999225
vn 0.560330 0.020893 0.828006
vn 0.560330 0.020893 0.828006
vn 0.940005 0.020892 0.340521
vn 0.940005 0.020891 0.340521
vn 0.960635 0.020892 -0.277029
vn 0.960635 0.020892 -0.277029
vn 0.614321 0.020894 -0.788779
vn 0.614321 0.020894 -0.788779
vn 0.033374 0.020893 -0.999225
vn 0.033374 0.020893 -0.999225
vn -0.559361 0.062469 -0.826567
vn -0.559361 0.062469 -0.826567
vn -0.938372 0.062469 -0.339933
vn -0.938372 0.062469 -0.339933
vn -0.958965 0.062471 0.276558
vn -0.958965 0.062471 0.276558
vn -0.613260 0.062468 0.787407
vn -0.613260 0.062468 0.787407
vn -0.033322 0.062470 0.997490
vn -0.033322 0.062470 0.997490
vn 0.559353 0.062472 0.826572
vn 0.559353 0.062472 0.826572
vn 0.938375 0.062467 0.339927
vn 0.938375 0.062467 0.339927
vn 0.958965 0.062473 -0.276555
vn 0.958965 0.062473 -0.276555
vn 0.613260 0.062474 -0.787407
vn 0.613260 0.062474 -0.787407
vn 0.033313 0.062470 -0.997491
vn 0.033313 0.062470 -0.997491
vn 0.000000 -1.000000 0.000000
vn -0.000000 -1.000000 -0.000000
vn 0.000000 -1.000000 0.000000
vn 0.000000 -1.000000 0.000000
vn 0.000000 -1.000000 0.000000
vn 0.000000 -1.000000 0.000000
vn 0.000000 -1.000000 0.000000
vn 0.000000 -1.000000 0.000000
vn 0.000000 -1.000000 0.000000
vn -0.000000 -1.000000 -0.000000
vn -0.000000 -1.000000 -0.000000
vn 0.000003 1.000000 0.000005
vn 0.000002 1.000000 0.000002
vn 0.000001 1.000000 0.000001
vn 0.000002 1.000000 0.000002
vn 0.000000 1.000000 0.000000
vn 0.000000 1.000000 0.000000
vn 0.000001 1.000000 0.000001
vn 0.000002 1.000000 0.000002
vn 0.000001 1.000000 0.000001
vn -0.000003 1.000000 -0.000005
vn -0.000000 1.000000 -0.000000
vn -0.511600 0.408345 -0.755989
vn -0.511600 0.408345 -0.755989
vn -0.511600 0.408345 -0.755989
vn -0.511600 0.408345 -0.755989
vn -0.858246 0.408347 -0.310913
vn -0.858246 0.408347 -0.310913
vn -0.858246 0.408347 -0.310913
vn -0.858246 0.408347 -0.310913
vn -0.877082 0.408344 0.252950
vn -0.877082 0.408344 0.252950
vn -0.877081 0.408343 0.252950
vn -0.877082 0.408344 0.252950
vn -0.560887 0.408364 0.720170
vn -0.560887 0.408364 0.720170
vn -0.560887 0.408364 0.720170
vn -0.560887 0.408364 0.720170
vn -0.030477 0.408339 0.912321
vn -0.030477 0.408339 0.912321
vn -0.030477 0.408339 0.912322
vn -0.030477 0.408339 0.912321
vn 0.511589 0.408352 0.755993
vn 0.511589 0.408352 0.755993
vn 0.511589 0.408352 0.755993
vn 0.511589 0.408352 0.755993
vn 0.858246 0.408354 0.310903
vn 0.858246 0.408354 0.310903
vn 0.858246 0.408354 0.310902
vn 0.858246 0.408354 0.310903
vn 0.877075 0.408354 -0.252955
vn 0.877075 0.408354 -0.252955
vn 0.877075 0.408354 -0.252955
vn 0.877075 0.408354 -0.252955
vn 0.560899 0.408342 -0.720173
vn 0.560899 0.408342 -0.720173
vn 0.560899 0.408342 -0.720173
vn 0.560899 0.408342 -0.720173
vn 0.030467 0.408352 -0.912316
vn 0.030467 0.408352 -0.912316
vn 0.030467 0.408352 -0.912316
vn 0.030467 0.408352 -0.912316
vn -0.217123 0.921903 -0.320861
vn -0.217123 0.921903 -0.320861
vn -0.217123 0.921903 -0.320861
vn -0.217123 0.921903 -0.320861
vn -0.364293 0.921887 -0.131967
vn -0.364293 0.921887 -0.131967
vn -0.364293 0.921887 -0.131967
vn -0.364293 0.921887 -0.131967
vn -0.372273 0.921893 0.107362
vn -0.372273 0.921893 0.107362
vn -0.372273 0.921893 0.107362
vn -0.372273 0.921893 0.107362
vn -0.238063 0.921898 0.305664
vn -0.238063 0.921898 0.305664
vn -0.238063 0.921898 0.305664
vn -0.238063 0.921898 0.305663
vn -0.012939 0.921896 0.387221
vn -0.012939 0.921896 0.387221
vn -0.012939 0.921896 0.387221
vn -0.012939 0.921896 0.387221
vn 0.217142 0.921895 0.320871
vn 0.217142 0.921895 0.320871
vn 0.217142 0.921895 0.320871
vn 0.217142 0.921895 0.320871
vn 0.364279 0.921893 0.131961
vn 0.364279 0.921893 0.131961
vn 0.364279 0.921893 0.131961
vn 0.364279 0.921893 0.131961
vn 0.372256 0.921900 -0.107362
vn 0.372256 0.921900 -0.107362
vn 0.372256 0.921900 -0.107362
vn 0.372256 0.921900 -0.107362
vn 0.238070 0.921897 -0.305662
vn 0.238070 0.921897 -0.305662
vn 0.238070 0.921897 -0.305662
vn 0.238070 0.921897 -0.305662
vn 0.012924 0.921894 -0.387226
vn 0.012923 0.921894 -0.387226
vn 0.012924 0.921894 -0.387226
vn 0.012923 0.921894 -0.387226
vn 0.744327 0.616968 0.255595
vn 0.744327 0.616968 0.255595
vn 0.744326 0.616968 0.255595
vn 0.744326 0.616968 0.255595
vn 0.939409 -0.111980 0.323994
vn 0.939409 -0.111980 0.323994
vn 0.939409 -0.111980 0.323994
vn 0.939409 -0.111980 0.323994
vn 0.799370 -0.536799 0.269915
vn 0.799370 -0.536799 0.269915
vn 0.799886 -0.535867 0.270237
vn 0.803376 -0.533228 0.265057
vn 0.252873 -0.965277 0.065546
vn 0.252873 -0.965277 0.065546
vn 0.247064 -0.967090 0.060790
vn 0.248382 -0.966685 0.061868
vn -0.268663 -0.954585 -0.128797
vn -0.268663 -0.954585 -0.128797
vn -0.266093 -0.955043 -0.130718
vn -0.266064 -0.955048 -0.130739
vn -0.809803 -0.496182 -0.313085
vn -0.809803 -0.496182 -0.313085
vn -0.810811 -0.490003 -0.320129
vn -0.810455 -0.494849 -0.313508
vn -0.926971 -0.124137 -0.353997
vn -0.926971 -0.124137 -0.353997
vn -0.926971 -0.124137 -0.353997
vn -0.926971 -0.124137 -0.353997
vn -0.745052 0.602197 -0.286803
vn -0.745052 0.602197 -0.286803
vn -0.745052 0.602197 -0.286803
vn -0.745052 0.602197 -0.286803
vn -0.260012 0.956805 -0.130072
vn -0.260012 0.956805 -0.130072
vn -0.260012 0.956805 -0.130072
vn -0.260012 0.956805 -0.130072
vn 0.282996 0.956804 0.066632
vn 0.282996 0.956804 0.066632
vn 0.282996 0.956804 0.066632
vn 0.282996 0.956804 0.066632
vn 0.580922 0.063030 0.811515
vn 0.580922 0.063030 0.811515
vn 0.580922 0.063030 0.811515
vn 0.580922 0.063030 0.811516
vn 0.978576 0.048206 0.200161
vn 0.978576 0.048206 0.200161
vn 0.978576 0.048206 0.200161
vn 0.978576 0.048206 0.200161
vn 0.939349 0.028882 -0.341746
vn 0.904823 0.018473 -0.425388
vn 0.942774 0.029834 -0.332097
vn 0.572374 -0.090894 -0.814939
vn 0.575192 -0.085951 -0.813490
vn 0.616898 -0.004087 -0.787033
vn 0.616929 -0.004085 -0.787008
vn 0.079655 -0.097821 -0.992011
vn 0.081674 -0.100813 -0.991547
vn 0.028205 -0.015884 -0.999476
vn 0.028279 -0.015884 -0.999474
vn -0.625555 -0.006802 -0.780150
vn -0.590971 -0.012233 -0.806600
vn -0.587884 -0.012691 -0.808846
vn -0.895115 -0.005293 -0.445803
vn -0.895115 -0.005293 -0.445803
vn -0.895116 -0.005293 -0.445803
vn -0.895116 -0.005293 -0.445803
vn -0.913122 0.050155 0.404589
vn -0.913122 0.050155 0.404589
vn -0.913122 0.050155 0.404589
vn -0.913122 0.050155 0.404589
vn -0.547427 0.012393 0.836761
vn -0.547427 0.012393 0.836761
vn -0.547427 0.012393 0.836761
vn -0.547427 0.012393 0.836761
vn -0.113408 0.026199 0.993203
vn -0.113408 0.026199 0.993203
vn -0.113408 0.026199 0.993203
vn -0.113408 0.026199 0.993203
vn 0.000001 1.000000 0.000002
vn 0.000001 1.000000 0.000002
vn 0.000000 1.000000 0.000000
vn 0.000000 1.000000 0.000000
vn 0.000000 1.000000 0.000000
vn 0.000000 1.000000 0.000000
vn -0.000001 1.000000 -0.000002
vn -0.000001 1.000000 -0.000002
vn 0.000000 1.000000 0.000000
vn 0.000000 1.000000 0.000000
vn 0.000000 1.000000 0.000000
vn 0.506229 0.429045 0.748099
vn 0.506229 0.429045 0.748099
vn 0.506229 0.429045 0.748099
vn 0.506229 0.429045 0.748099
vn 0.849279 0.429042 0.307649
vn 0.849279 0.429042 0.307649
vn 0.849279 0.429042 0.307649
vn 0.849279 0.429042 0.307649
vn 0.867912 0.429044 -0.250299
vn 0.867912 0.429044 -0.250299
vn 0.867912 0.429044 -0.250299
vn 0.867912 0.429044 -0.250299
vn 0.555024 0.429063 -0.712639
vn 0.555024 0.429063 -0.712639
vn 0.555024 0.429063 -0.712639
vn 0.555024 0.429063 -0.712639
vn 0.030148 0.429070 -0.902768
vn 0.030148 0.429070 -0.902768
vn 0.030148 0.429070 -0.902768
vn 0.030148 0.429070 -0.902768
vn -0.506229 0.429046 -0.748099
vn -0.506229 0.429046 -0.748099
vn -0.506229 0.429046 -0.748099
vn -0.506229 0.429046 -0.748099
vn -0.849284 0.429039 -0.307641
vn -0.849284 0.429039 -0.307641
vn -0.849284 0.429039 -0.307641
vn -0.849284 0.429039 -0.307641
vn -0.867925 0.429036 0.250271
vn -0.867925 0.429036 0.250271
vn -0.867924 0.429036 0.250271
vn -0.867924 0.429036 0.250271
vn -0.555025 0.429040 0.712651
vn -0.555025 0.429040 0.712651
vn -0.555025 0.429040 0.712651
vn -0.555025 0.429040 0.712651
vn -0.030137 0.429061 0.902773
vn -0.030137 0.429061 0.902773
vn -0.030137 0.429061 0.902773
vn -0.030137 0.429061 0.902773
vn 0.206260 0.929808 0.304816
vn 0.206260 0.929808 0.304816
vn 0.206260 0.929808 0.304817
vn 0.206260 0.929808 0.304816
vn 0.346041 0.929809 0.125345
vn 0.346041 0.929809 0.125345
vn 0.346041 0.929809 0.125345
vn 0.346041 0.929809 0.125345
vn 0.353630 0.929808 -0.101992
vn 0.353630 0.929808 -0.101992
vn 0.353630 0.929808 -0.101992
vn 0.353630 0.929808 -0.101992
vn 0.226149 0.929811 -0.290358
vn 0.226149 0.929811 -0.290358
vn 0.226149 0.929811 -0.290358
vn 0.226149 0.929811 -0.290358
vn 0.012277 0.929819 -0.367813
vn 0.012277 0.929819 -0.367813
vn 0.012277 0.929819 -0.367813
vn 0.012277 0.929819 -0.367813
vn -0.206264 0.929816 -0.304790
vn -0.206265 0.929816 -0.304790
vn -0.206265 0.929816 -0.304790
vn -0.206265 0.929816 -0.304790
vn -0.346057 0.929801 -0.125359
vn -0.346058 0.929801 -0.125359
vn -0.346058 0.929801 -0.125359
vn -0.346058 0.929801 -0.125359
vn -0.353638 0.929808 0.101970
vn -0.353638 0.929808 0.101971
vn -0.353638 0.929808 0.101971
vn -0.353638 0.929808 0.101971
vn -0.226138 0.929815 0.290355
vn -0.226138 0.929815 0.290355
vn -0.226138 0.929815 0.290355
vn -0.226138 0.929815 0.290355
vn -0.012278 0.929815 0.367823
vn -0.012278 0.929815 0.367823
vn -0.012278 0.929815 0.367823
vn -0.012278 0.929815 0.367823
vn -0.587341 -0.012779 -0.809239
vn -0.587341 -0.012779 -0.809239
vn 0.028775 -0.015887 -0.999460
vn 0.028775 -0.015887 -0.999460
vn 0.616653 -0.004100 -0.787224
vn 0.616653 -0.004100 -0.787224
vn 0.943092 0.029962 -0.331179
vn 0.943092 0.029962 -0.331179
vn 0.905363 0.022020 -0.424067
vn 0.528218 -0.163905 -0.833139
vn 0.528218 -0.163905 -0.833139
vn 0.130036 -0.172570 -0.976376
vn 0.130036 -0.172570 -0.976376
vn -0.625487 -0.007195 -0.780201
vn -0.825985 -0.368927 -0.426195
vn -0.781667 -0.370780 -0.501517
vn -0.155393 -0.948946 -0.274509
vn -0.170469 -0.952392 -0.252765
vn -0.071559 -0.918370 -0.389199
vn -0.071559 -0.918370 -0.389199
vn 0.248403 -0.955317 -0.160202
vn 0.251787 -0.952314 -0.172342
vn 0.302065 -0.878078 -0.371127
vn 0.302065 -0.878078 -0.371127
vn 0.850861 -0.470184 0.234440
vn 0.868968 -0.488555 0.078798
vn -0.744308 0.616993 -0.255588
vn -0.744308 0.616993 -0.255588
vn -0.744308 0.616993 -0.255588
vn -0.744308 0.616993 -0.255588
vn -0.939405 -0.112011 -0.323994
vn -0.939405 -0.112011 -0.323994
vn -0.939405 -0.112011 -0.323994
vn -0.939405 -0.112011 -0.323994
vn -0.799366 -0.536806 -0.269914
vn -0.799366 -0.536806 -0.269914
vn -0.799882 -0.535875 -0.270237
vn -0.803371 -0.533235 -0.265057
vn -0.252869 -0.965278 -0.065545
vn -0.252869 -0.965278 -0.065545
vn -0.247061 -0.967091 -0.060790
vn -0.248378 -0.966686 -0.061867
vn 0.268666 -0.954583 0.128799
vn 0.268666 -0.954583 0.128799
vn 0.266098 -0.955042 0.130720
vn 0.266069 -0.955047 0.130741
vn 0.809796 -0.496195 0.313082
vn 0.809796 -0.496195 0.313082
vn 0.810808 -0.490009 0.320127
vn 0.810449 -0.494860 0.313505
vn 0.926969 -0.124145 0.354000
vn 0.926969 -0.124145 0.354000
vn 0.926969 -0.124145 0.354000
vn 0.926969 -0.124145 0.354000
vn 0.745035 0.602220 0.286799
vn 0.745035 0.602220 0.286799
vn 0.745035 0.602220 0.286799
vn 0.745035 0.602220 0.286799
vn 0.260018 0.956803 0.130075
vn 0.260018 0.956803 0.130075
vn 0.260018 0.956803 0.130075
vn 0.260018 0.956803 0.130075
vn -0.282994 0.956805 -0.066631
vn -0.282994 0.956805 -0.066631
vn -0.282994 0.956805 -0.066631
vn -0.282994 0.956805 -0.066631
vn -0.580901 0.063030 -0.811530
vn -0.580901 0.063030 -0.811530
vn -0.580901 0.063030 -0.811530
vn -0.580901 0.063030 -0.811530
vn -0.978579 0.048211 -0.200146
vn -0.978579 0.048211 -0.200146
vn -0.978579 0.048211 -0.200146
vn -0.978579 0.048211 -0.200146
vn -0.939348 0.028890 0.341746
vn -0.904789 0.018497 0.425458
vn -0.942776 0.029834 0.332089
vn -0.572372 -0.090943 0.814935
vn -0.575191 -0.085999 0.813486
vn -0.616912 -0.004082 0.787022
vn -0.616943 -0.004081 0.786997
vn -0.079666 -0.097804 0.992012
vn -0.081685 -0.100797 0.991548
vn -0.028194 -0.015879 0.999476
vn -0.028268 -0.015880 0.999474
vn 0.625546 -0.006812 0.780158
vn 0.590969 -0.012233 0.806601
vn 0.587883 -0.012690 0.808847
vn 0.895120 -0.005294 0.445794
vn 0.895120 -0.005294 0.445794
vn 0.895120 -0.005294 0.445794
vn 0.895120 -0.005294 0.445794
vn 0.913121 0.050147 -0.404593
vn 0.913121 0.050147 -0.404593
vn 0.913121 0.050147 -0.404593
vn 0.913121 0.050147 -0.404593
vn 0.547429 0.012395 -0.836761
vn 0.547429 0.012395 -0.836761
vn 0.547429 0.012395 -0.836761
vn 0.547429 0.012395 -0.836760
vn 0.113393 0.026199 -0.993205
vn 0.113393 0.026199 -0.993205
vn 0.113393 0.026199 -0.993205
vn 0.113393 0.026199 -0.993205
vn 0.000000 1.000000 0.000000
vn 0.000002 1.000000 0.000003
vn -0.000000 1.000000 -0.000000
vn -0.000002 1.000000 -0.000003
vn -0.000003 1.000000 -0.000005
vn 0.000000 1.000000 0.000000
vn 0.000000 1.000000 0.000000
vn -0.000002 1.000000 -0.000003
vn 0.000002 1.000000 0.000003
vn 0.000003 1.000000 0.000005
vn 0.000000 1.000000 0.000000
vn -0.506247 0.429053 -0.748083
vn -0.506247 0.429053 -0.748083
vn -0.506247 0.429053 -0.748083
vn -0.506247 0.429053 -0.748083
vn -0.849274 0.429053 -0.307647
vn -0.849274 0.429053 -0.307647
vn -0.849274 0.429053 -0.307647
vn -0.849274 0.429053 -0.307647
vn -0.867913 0.429056 0.250277
vn -0.867913 0.429056 0.250277
vn -0.867913 0.429056 0.250277
vn -0.867913 0.429056 0.250277
vn -0.555031 0.429063 0.712633
vn -0.555031 0.429063 0.712633
vn -0.555031 0.429063 0.712633
vn -0.555031 0.429063 0.712633
vn -0.030154 0.429023 0.902790
vn -0.030155 0.429022 0.902790
vn -0.030154 0.429022 0.902790
vn -0.030154 0.429022 0.902790
vn 0.506245 0.429059 0.748080
vn 0.506245 0.429059 0.748080
vn 0.506245 0.429059 0.748080
vn 0.506245 0.429059 0.748080
vn 0.849288 0.429032 0.307639
vn 0.849288 0.429032 0.307639
vn 0.849288 0.429032 0.307639
vn 0.849288 0.429032 0.307639
vn 0.867916 0.429046 -0.250284
vn 0.867916 0.429046 -0.250284
vn 0.867916 0.429046 -0.250284
vn 0.867916 0.429046 -0.250284
vn 0.555035 0.429030 -0.712650
vn 0.555035 0.429030 -0.712649
vn 0.555035 0.429030 -0.712649
vn 0.555035 0.429030 -0.712650
vn 0.030150 0.429049 -0.902778
vn 0.030150 0.429049 -0.902778
vn 0.030150 0.429049 -0.902778
vn 0.030150 0.429049 -0.902778
vn -0.206265 0.929820 -0.304779
vn -0.206265 0.929820 -0.304779
vn -0.206265 0.929820 -0.304779
vn -0.206265 0.929820 -0.304779
vn -0.346045 0.929803 -0.125380
vn -0.346045 0.929802 -0.125380
vn -0.346045 0.929803 -0.125380
vn -0.346045 0.929803 -0.125380
vn -0.353637 0.929806 0.101993
vn -0.353636 0.929806 0.101993
vn -0.353636 0.929806 0.101993
vn -0.353636 0.929806 0.101993
vn -0.226157 0.929808 0.290363
vn -0.226157 0.929808 0.290363
vn -0.226157 0.929808 0.290363
vn -0.226157 0.929808 0.290363
vn -0.012281 0.929807 0.367843
vn -0.012282 0.929807 0.367843
vn -0.012282 0.929807 0.367843
vn -0.012281 0.929807 0.367843
vn 0.206261 0.929816 0.304792
vn 0.206261 0.929816 0.304792
vn 0.206261 0.929816 0.304792
vn 0.206261 0.929816 0.304792
vn 0.346037 0.929810 0.125344
vn 0.346037 0.929810 0.125344
vn 0.346037 0.929810 0.125344
vn 0.346037 0.929810 0.125344
vn 0.353630 0.929810 -0.101979
vn 0.353630 0.929810 -0.101979
vn 0.353630 0.929810 -0.101979
vn 0.353629 0.929810 -0.101979
vn 0.226146 0.929811 -0.290362
vn 0.226146 0.929811 -0.290362
vn 0.226146 0.929811 -0.290362
vn 0.226146 0.929811 -0.290362
vn 0.012279 0.929812 -0.367830
vn 0.012279 0.929812 -0.367830
vn 0.012279 0.929812 -0.367830
vn 0.012279 0.929812 -0.367830
vn 0.587339 -0.012778 0.809240
vn 0.587339 -0.012778 0.809240
vn -0.028762 -0.015885 0.999460
vn -0.028762 -0.015885 0.999460
vn -0.616668 -0.004092 0.787213
vn -0.616668 -0.004092 0.787213
vn -0.943095 0.029962 0.331170
vn -0.943095 0.029962 0.331170
vn -0.905334 0.022134 0.424122
vn -0.528200 -0.163981 0.833135
vn -0.528200 -0.163981 0.833135
vn -0.130053 -0.172558 0.976376
vn -0.130053 -0.172558 0.976376
vn 0.625487 -0.007218 0.780201
vn 0.826034 -0.368797 0.426212
vn 0.781687 -0.370704 0.501542
vn 0.155399 -0.948947 0.274502
vn 0.170474 -0.952392 0.252762
vn 0.071551 -0.918375 0.389189
vn 0.071551 -0.918375 0.389189
vn -0.248404 -0.955316 0.160209
vn -0.251785 -0.952315 0.172340
vn -0.302070 -0.878068 0.371149
vn -0.302070 -0.878068 0.371149
vn -0.850846 -0.470198 -0.234467
vn -0.868979 -0.488543 -0.078753
s 1
g pCylinder31
usemtl lambert8SG
f 843/1219/2523 844/1220/2524 854/1231/2525 853/1230/2526
s 2
f 844/1220/2527 845/1221/2528 855/1232/2529 854/1231/2530
s 3
f 845/1221/2531 846/1222/2532 856/1233/2533 855/1232/2534
s 4
f 846/1222/2535 847/1223/2536 857/1234/2537 856/1233/2538
s 5
f 847/1223/2539 848/1224/2540 858/1235/2541 857/1234/2542
s 6
f 848/1224/2543 849/1225/2544 859/1236/2545 858/1235/2546
s 7
f 849/1225/2547 850/1226/2548 860/1237/2549 859/1236/2550
s 8
f 850/1226/2551 851/1227/2552 861/1238/2553 860/1237/2554
s 9
f 851/1227/2555 852/1228/2556 862/1239/2557 861/1238/2558
s 10
f 852/1228/2559 843/1229/2560 853/1240/2561 862/1239/2562
s 1
f 853/1230/2526 854/1231/2525 864/1242/2563 863/1241/2564
s 2
f 854/1231/2530 855/1232/2529 865/1243/2565 864/1242/2566
s 3
f 855/1232/2534 856/1233/2533 866/1244/2567 865/1243/2568
s 4
f 856/1233/2538 857/1234/2537 867/1245/2569 866/1244/2570
s 5
f 857/1234/2542 858/1235/2541 868/1246/2571 867/1245/2572
s 6
f 858/1235/2546 859/1236/2545 869/1247/2573 868/1246/2574
s 7
f 859/1236/2550 860/1237/2549 870/1248/2575 869/1247/2576
s 8
f 860/1237/2554 861/1238/2553 871/1249/2577 870/1248/2578
s 9
f 861/1238/2558 862/1239/2557 872/1250/2579 871/1249/2580
s 10
f 862/1239/2562 853/1240/2561 863/1251/2581 872/1250/2582
s 1
f 863/1241/2564 864/1242/2563 874/1253/2583 873/1252/2584
s 2
f 864/1242/2566 865/1243/2565 875/1254/2585 874/1253/2586
s 3
f 865/1243/2568 866/1244/2567 876/1255/2587 875/1254/2588
s 4
f 866/1244/2570 867/1245/2569 877/1256/2589 876/1255/2590
s 5
f 867/1245/2572 868/1246/2571 878/1257/2591 877/1256/2592
s 6
f 868/1246/2574 869/1247/2573 879/1258/2593 878/1257/2594
s 7
f 869/1247/2576 870/1248/2575 880/1259/2595 879/1258/2596
s 8
f 870/1248/2578 871/1249/2577 881/1260/2597 880/1259/2598
s 9
f 871/1249/2580 872/1250/2579 882/1261/2599 881/1260/2600
s 10
f 872/1250/2582 863/1251/2581 873/1262/2601 882/1261/2602
s 11
f 844/1210/2603 843/1209/2604 883/1273/2605
f 845/1211/2606 844/1210/2603 883/1273/2605
f 846/1212/2607 845/1211/2606 883/1273/2605
f 847/1213/2608 846/1212/2607 883/1273/2605
f 848/1214/2609 847/1213/2608 883/1273/2605
f 849/1215/2610 848/1214/2609 883/1273/2605
f 850/1216/2611 849/1215/2610 883/1273/2605
f 851/1217/2612 850/1216/2611 883/1273/2605
f 852/1218/2613 851/1217/2612 883/1273/2605
f 843/1209/2604 852/1218/2613 883/1273/2605
s 12
f 894/1285/2614 895/1286/2615 896/1274/2616
f 895/1286/2615 897/1287/2617 896/1274/2616
f 897/1287/2617 898/1288/2618 896/1274/2616
f 898/1288/2618 899/1289/2619 896/1274/2616
f 899/1289/2619 900/1290/2620 896/1274/2616
f 900/1290/2620 901/1291/2621 896/1274/2616
f 901/1291/2621 902/1292/2622 896/1274/2616
f 902/1292/2622 903/1293/2623 896/1274/2616
f 903/1293/2623 904/1294/2624 896/1274/2616
f 904/1294/2624 894/1285/2614 896/1274/2616
s off
f 873/1271/2625 874/1270/2626 885/1276/2627 884/1275/2628
f 874/1270/2629 875/1269/2630 886/1277/2631 885/1276/2632
f 875/1269/2633 876/1268/2634 887/1278/2635 886/1277/2636
f 876/1268/2637 877/1267/2638 888/1279/2639 887/1278/2640
f 877/1267/2641 878/1266/2642 889/1280/2643 888/1279/2644
f 878/1266/2645 879/1265/2646 890/1281/2647 889/1280/2648
f 879/1265/2649 880/1264/2650 891/1282/2651 890/1281/2652
f 880/1264/2653 881/1263/2654 892/1283/2655 891/1282/2656
f 881/1263/2657 882/1272/2658 893/1284/2659 892/1283/2660
f 882/1272/2661 873/1271/2662 884/1275/2663 893/1284/2664
f 884/1275/2665 885/1276/2666 895/1286/2667 894/1285/2668
f 885/1276/2669 886/1277/2670 897/1287/2671 895/1286/2672
f 886/1277/2673 887/1278/2674 898/1288/2675 897/1287/2676
f 887/1278/2677 888/1279/2678 899/1289/2679 898/1288/2680
f 888/1279/2681 889/1280/2682 900/1290/2683 899/1289/2684
f 889/1280/2685 890/1281/2686 901/1291/2687 900/1290/2688
f 890/1281/2689 891/1282/2690 902/1292/2691 901/1291/2692
f 891/1282/2693 892/1283/2694 903/1293/2695 902/1292/2696
f 892/1283/2697 893/1284/2698 904/1294/2699 903/1293/2700
f 893/1284/2701 884/1275/2702 894/1285/2703 904/1294/2704
f 905/1295/2705 906/1296/2706 916/1297/2707 915/1298/2708
f 906/1296/2709 907/1299/2710 917/1300/2711 916/1297/2712
s 13
f 907/1299/2713 908/1301/2714 964/1302/2715 917/1300/2716
s 14
f 908/1301/2717 909/1303/2718 963/1304/2719 964/1302/2720
s 15
f 909/1303/2721 910/1305/2722 962/1306/2723 963/1304/2724
s 16
f 910/1305/2725 911/1307/2726 921/1308/2727 962/1306/2728
s off
f 911/1307/2729 912/1309/2730 922/1310/2731 921/1308/2732
f 912/1309/2733 913/1311/2734 923/1312/2735 922/1310/2736
f 913/1311/2737 914/1313/2738 924/1314/2739 923/1312/2740
f 914/1313/2741 905/1315/2742 915/1316/2743 924/1314/2744
f 915/1317/2745 916/1318/2746 926/1319/2747 925/1320/2748
f 916/1318/2749 917/1321/2750 927/1322/2751 926/1319/2752
s 17
f 917/1321/2753 959/1323/2754 958/1324/2755
s 18
f 959/1323/2756 960/1325/2757 957/1326/2758 958/1324/2759
s 19
f 960/1325/2760 961/1327/2761 956/1328/2762 957/1326/2763
s 20
f 961/1327/2764 921/1329/2765 956/1328/2766
s off
f 921/1329/2767 922/1330/2768 932/1331/2769 931/1332/2770
f 922/1330/2771 923/1333/2772 933/1334/2773 932/1331/2774
f 923/1333/2775 924/1335/2776 934/1336/2777 933/1334/2778
f 924/1335/2779 915/1337/2780 925/1338/2781 934/1336/2782
s 21
f 945/1339/2783 946/1340/2784 947/1341/2785
f 946/1340/2784 948/1342/2786 947/1341/2785
f 948/1342/2786 949/1343/2787 947/1341/2785
f 949/1343/2787 950/1344/2788 947/1341/2785
f 950/1344/2788 951/1345/2789 947/1341/2785
f 951/1345/2789 952/1346/2790 947/1341/2785
f 952/1346/2790 953/1347/2791 947/1341/2785
f 953/1347/2791 954/1348/2792 947/1341/2785
f 954/1348/2792 955/1349/2793 947/1341/2785
f 955/1349/2793 945/1339/2783 947/1341/2785
s off
f 925/1350/2794 926/1351/2795 936/1352/2796 935/1353/2797
f 926/1351/2798 927/1354/2799 937/1355/2800 936/1352/2801
f 927/1354/2802 928/1356/2803 938/1357/2804 937/1355/2805
f 928/1356/2806 929/1358/2807 939/1359/2808 938/1357/2809
f 929/1358/2810 930/1360/2811 940/1361/2812 939/1359/2813
f 930/1360/2814 931/1362/2815 941/1363/2816 940/1361/2817
f 931/1362/2818 932/1364/2819 942/1365/2820 941/1363/2821
f 932/1364/2822 933/1366/2823 943/1367/2824 942/1365/2825
f 933/1366/2826 934/1368/2827 944/1369/2828 943/1367/2829
f 934/1368/2830 925/1350/2831 935/1353/2832 944/1369/2833
f 935/1353/2834 936/1352/2835 946/1340/2836 945/1339/2837
f 936/1352/2838 937/1355/2839 948/1342/2840 946/1340/2841
f 937/1355/2842 938/1357/2843 949/1343/2844 948/1342/2845
f 938/1357/2846 939/1359/2847 950/1344/2848 949/1343/2849
f 939/1359/2850 940/1361/2851 951/1345/2852 950/1344/2853
f 940/1361/2854 941/1363/2855 952/1346/2856 951/1345/2857
f 941/1363/2858 942/1365/2859 953/1347/2860 952/1346/2861
f 942/1365/2862 943/1367/2863 954/1348/2864 953/1347/2865
f 943/1367/2866 944/1369/2867 955/1349/2868 954/1348/2869
f 944/1369/2870 935/1353/2871 945/1339/2872 955/1349/2873
s 20
f 956/1328/2766 921/1329/2765 931/1332/2874 930/1370/2875
s 19
f 957/1326/2763 956/1328/2762 930/1370/2876 929/1371/2877
s 18
f 958/1324/2759 957/1326/2758 929/1371/2878 928/1372/2879
s 17
f 917/1321/2753 958/1324/2755 928/1372/2880 927/1322/2881
f 917/1321/2753 918/1373/2882 959/1323/2754
s 18
f 918/1373/2883 919/1374/2884 960/1325/2757 959/1323/2756
s 19
f 919/1374/2885 920/1375/2886 961/1327/2761 960/1325/2760
s 20
f 920/1375/2887 921/1329/2765 961/1327/2764
s 16
f 967/1376/2888 921/1308/2727 920/1377/2889
s 15
f 966/1378/2890 967/1376/2891 920/1377/2892 919/1379/2893
s 14
f 965/1380/2894 966/1378/2895 919/1379/2896 918/1381/2897
s 13
f 917/1300/2716 965/1380/2898 918/1381/2899
f 917/1300/2716 964/1302/2715 965/1380/2898
s 14
f 964/1302/2720 963/1304/2719 966/1378/2895 965/1380/2894
s 15
f 963/1304/2724 962/1306/2723 967/1376/2891 966/1378/2890
s 16
f 962/1306/2728 921/1308/2727 967/1376/2888
s off
f 968/1382/2900 969/1383/2901 979/1384/2902 978/1385/2903
f 969/1383/2904 970/1386/2905 980/1387/2906 979/1384/2907
s 22
f 970/1386/2908 971/1388/2909 1027/1389/2910 980/1387/2911
s 23
f 971/1388/2912 972/1390/2913 1026/1391/2914 1027/1389/2915
s 24
f 972/1390/2916 973/1392/2917 1025/1393/2918 1026/1391/2919
s 25
f 973/1392/2920 974/1394/2921 984/1395/2922 1025/1393/2923
s off
f 974/1394/2924 975/1396/2925 985/1397/2926 984/1395/2927
f 975/1396/2928 976/1398/2929 986/1399/2930 985/1397/2931
f 976/1398/2932 977/1400/2933 987/1401/2934 986/1399/2935
f 977/1400/2936 968/1402/2937 978/1403/2938 987/1401/2939
f 978/1404/2940 979/1405/2941 989/1406/2942 988/1407/2943
f 979/1405/2944 980/1408/2945 990/1409/2946 989/1406/2947
s 26
f 980/1408/2948 1022/1410/2949 1021/1411/2950
s 27
f 1022/1410/2951 1023/1412/2952 1020/1413/2953 1021/1411/2954
s 28
f 1023/1412/2955 1024/1414/2956 1019/1415/2957 1020/1413/2958
s 29
f 1024/1414/2959 984/1416/2960 1019/1415/2961
s off
f 984/1416/2962 985/1417/2963 995/1418/2964 994/1419/2965
f 985/1417/2966 986/1420/2967 996/1421/2968 995/1418/2969
f 986/1420/2970 987/1422/2971 997/1423/2972 996/1421/2973
f 987/1422/2974 978/1424/2975 988/1425/2976 997/1423/2977
s 30
f 1008/1426/2978 1009/1427/2979 1010/1428/2980
f 1009/1427/2979 1011/1429/2981 1010/1428/2980
f 1011/1429/2981 1012/1430/2982 1010/1428/2980
f 1012/1430/2982 1013/1431/2983 1010/1428/2980
f 1013/1431/2983 1014/1432/2984 1010/1428/2980
f 1014/1432/2984 1015/1433/2985 1010/1428/2980
f 1015/1433/2985 1016/1434/2986 1010/1428/2980
f 1016/1434/2986 1017/1435/2987 1010/1428/2980
f 1017/1435/2987 1018/1436/2988 1010/1428/2980
f 1018/1436/2988 1008/1426/2978 1010/1428/2980
s off
f 988/1437/2989 989/1438/2990 999/1439/2991 998/1440/2992
f 989/1438/2993 990/1441/2994 1000/1442/2995 999/1439/2996
f 990/1441/2997 991/1443/2998 1001/1444/2999 1000/1442/3000
f 991/1443/3001 992/1445/3002 1002/1446/3003 1001/1444/3004
f 992/1445/3005 993/1447/3006 1003/1448/3007 1002/1446/3008
f 993/1447/3009 994/1449/3010 1004/1450/3011 1003/1448/3012
f 994/1449/3013 995/1451/3014 1005/1452/3015 1004/1450/3016
f 995/1451/3017 996/1453/3018 1006/1454/3019 1005/1452/3020
f 996/1453/3021 997/1455/3022 1007/1456/3023 1006/1454/3024
f 997/1455/3025 988/1437/3026 998/1440/3027 1007/1456/3028
f 998/1440/3029 999/1439/3030 1009/1427/3031 1008/1426/3032
f 999/1439/3033 1000/1442/3034 1011/1429/3035 1009/1427/3036
f 1000/1442/3037 1001/1444/3038 1012/1430/3039 1011/1429/3040
f 1001/1444/3041 1002/1446/3042 1013/1431/3043 1012/1430/3044
f 1002/1446/3045 1003/1448/3046 1014/1432/3047 1013/1431/3048
f 1003/1448/3049 1004/1450/3050 1015/1433/3051 1014/1432/3052
f 1004/1450/3053 1005/1452/3054 1016/1434/3055 1015/1433/3056
f 1005/1452/3057 1006/1454/3058 1017/1435/3059 1016/1434/3060
f 1006/1454/3061 1007/1456/3062 1018/1436/3063 1017/1435/3064
f 1007/1456/3065 998/1440/3066 1008/1426/3067 1018/1436/3068
s 29
f 1019/1415/2961 984/1416/2960 994/1419/3069 993/1457/3070
s 28
f 1020/1413/2958 1019/1415/2957 993/1457/3071 992/1458/3072
s 27
f 1021/1411/2954 1020/1413/2953 992/1458/3073 991/1459/3074
s 26
f 980/1408/2948 1021/1411/2950 991/1459/3075 990/1409/3076
f 980/1408/2948 981/1460/3077 1022/1410/2949
s 27
f 981/1460/3078 982/1461/3079 1023/1412/2952 1022/1410/2951
s 28
f 982/1461/3080 983/1462/3081 1024/1414/2956 1023/1412/2955
s 29
f 983/1462/3082 984/1416/2960 1024/1414/2959
s 25
f 1030/1463/3083 984/1395/2922 983/1464/3084
s 24
f 1029/1465/3085 1030/1463/3086 983/1464/3087 982/1466/3088
s 23
f 1028/1467/3089 1029/1465/3090 982/1466/3091 981/1468/3092
s 22
f 980/1387/2911 1028/1467/3093 981/1468/3094
f 980/1387/2911 1027/1389/2910 1028/1467/3093
s 23
f 1027/1389/2915 1026/1391/2914 1029/1465/3090 1028/1467/3089
s 24
f 1026/1391/2919 1025/1393/2918 1030/1463/3086 1029/1465/3085
s 25
f 1025/1393/2923 984/1395/2922 1030/1463/3083
g default
v 2253.969598 0.181357 -393.536323
v 2223.945679 -12.967676 -387.344227
v 2225.973179 8.307907 -406.235255
v 2236.666858 -4.841124 -401.384692
v 2205.389880 -4.841124 -383.517299
v 2203.362379 0.181357 -364.626270
v 2231.675808 26.897474 -388.911762
v 2206.642940 8.307907 -395.192596
v 2236.666858 21.456940 -401.384692
v 2205.389880 21.456940 -383.517299
v 2253.547472 7.113769 -391.045274
v 2233.386298 -12.967676 -370.818367
v 2250.689038 8.307907 -362.969997
v 2251.942098 -4.841124 -374.645295
v 2220.665119 -4.841124 -356.777902
v 2204.738219 8.718454 -365.412237
v 2241.116427 26.897474 -372.385903
v 2231.358798 8.307907 -351.927339
v 2252.364223 20.946652 -377.136345
v 2219.289279 17.977588 -355.991935
vt 1.000000 0.431743
vt 0.250000 0.136446
vt 0.191930 0.548443
vt 0.125000 0.347549
vt 0.375000 0.347549
vt 0.500000 0.431743
vt 0.250000 0.899086
vt 0.308070 0.548443
vt 0.125000 0.732372
vt 0.375000 0.732372
vt 1.000000 0.659117
vt 0.750000 0.136446
vt 0.808070 0.548443
vt 0.875000 0.347549
vt 0.625000 0.347549
vt 0.500000 0.659117
vt 0.750000 0.899086
vt 0.691930 0.548443
vt 0.875000 0.732372
vt 0.625000 0.732372
vt 1.250000 0.899086
vt 1.125000 0.732372
vt 1.250000 0.136446
vt 1.125000 0.347549
vt 1.191930 0.548443
vn 0.553919 0.759948 -0.340078
vn 0.553919 0.759948 -0.340078
vn 0.553919 0.759948 -0.340078
vn 0.553919 0.759948 -0.340078
vn 0.553919 0.759948 -0.340078
vn 0.393443 0.605052 0.692181
vn 0.393443 0.605052 0.692181
vn 0.393443 0.605052 0.692181
vn 0.393443 0.605052 0.692181
vn 0.393443 0.605052 0.692181
vn -0.326063 0.912224 0.248055
vn -0.326063 0.912224 0.248055
vn -0.326063 0.912224 0.248055
vn -0.326063 0.912224 0.248055
vn -0.326063 0.912224 0.248055
vn -0.370708 0.664433 -0.648926
vn -0.370708 0.664433 -0.648926
vn -0.370708 0.664433 -0.648926
vn -0.370708 0.664433 -0.648926
vn -0.370708 0.664433 -0.648926
vn 0.357121 -0.911507 -0.204010
vn 0.357121 -0.911507 -0.204010
vn 0.357121 -0.911507 -0.204010
vn 0.357121 -0.911507 -0.204010
vn 0.357121 -0.911507 -0.204010
vn -0.357121 -0.911507 0.204010
vn -0.357121 -0.911507 0.204010
vn -0.357121 -0.911507 0.204010
vn -0.357121 -0.911507 0.204010
vn -0.357121 -0.911507 0.204010
vn 0.994649 -0.002065 0.103290
vn 0.994649 -0.002065 0.103290
vn 0.994649 -0.002065 0.103290
vn 0.994649 -0.002065 0.103290
vn 0.994649 -0.002065 0.103290
vn 0.461475 0.048530 -0.885825
vn 0.461475 0.048530 -0.885825
vn 0.461475 0.048530 -0.885825
vn 0.461475 0.048530 -0.885825
vn 0.461475 0.048530 -0.885825
vn -0.401837 -0.586285 -0.703418
vn -0.401837 -0.586285 -0.703418
vn -0.401837 -0.586285 -0.703418
vn -0.401837 -0.586285 -0.703418
vn -0.401837 -0.586285 -0.703418
vn -0.996617 0.025638 -0.078089
vn -0.996617 0.025638 -0.078089
vn -0.996617 0.025638 -0.078088
vn -0.996617 0.025638 -0.078089
vn -0.996617 0.025638 -0.078089
vn 0.401837 -0.586285 0.703418
vn 0.401837 -0.586285 0.703418
vn 0.401837 -0.586285 0.703418
vn 0.401837 -0.586285 0.703418
vn 0.401837 -0.586285 0.703418
vn -0.437990 -0.017797 0.898804
vn -0.437990 -0.017797 0.898804
vn -0.437990 -0.017797 0.898804
vn -0.437990 -0.017797 0.898804
vn -0.437990 -0.017797 0.898804
s off
g pPlatonic6
usemtl lambert7SG
f 1037/1489/3095 1047/1485/3096 1049/1487/3097 1041/1479/3098 1039/1490/3099
f 1048/1486/3100 1043/1481/3101 1049/1487/3102 1047/1485/3103 1050/1488/3104
f 1046/1484/3105 1050/1488/3106 1047/1485/3107 1037/1475/3108 1040/1478/3109
f 1033/1471/3110 1038/1476/3111 1040/1478/3112 1037/1475/3113 1039/1477/3114
f 1042/1480/3115 1032/1491/3116 1034/1492/3117 1031/1469/3118 1044/1482/3119
f 1032/1470/3120 1042/1480/3121 1045/1483/3122 1036/1474/3123 1035/1473/3124
f 1044/1482/3125 1031/1469/3126 1041/1479/3127 1049/1487/3128 1043/1481/3129
f 1031/1469/3130 1034/1492/3131 1033/1493/3132 1039/1490/3133 1041/1479/3134
f 1032/1470/3135 1035/1473/3136 1038/1476/3137 1033/1471/3138 1034/1472/3139
f 1035/1473/3140 1036/1474/3141 1046/1484/3142 1040/1478/3143 1038/1476/3144
f 1042/1480/3145 1044/1482/3146 1043/1481/3147 1048/1486/3148 1045/1483/3149
f 1036/1474/3150 1045/1483/3151 1048/1486/3152 1050/1488/3153 1046/1484/3154
g default
v 1809.570325 -0.473785 -1303.653268
v 1804.012080 -0.473785 -1303.181564
v 1799.792638 -0.473785 -1299.532858
v 1798.523868 -0.473785 -1294.100965
v 1800.690074 -0.473785 -1288.960642
v 1805.463974 -0.473785 -1286.075218
v 1811.022107 -0.473785 -1286.546791
v 1815.241666 -0.473785 -1290.195568
v 1816.510553 -0.473785 -1295.627531
v 1814.344221 -0.473785 -1300.767906
v 1810.198649 36.383545 -1306.342808
v 1802.939581 36.383545 -1305.726725
v 1797.428901 36.383545 -1300.961481
v 1795.771754 36.383545 -1293.867334
v 1798.600757 36.383545 -1287.153938
v 1804.835655 36.383545 -1283.385617
v 1812.094602 36.383545 -1284.001691
v 1817.605282 36.383545 -1288.766935
v 1819.262667 36.383545 -1295.861162
v 1816.433425 36.383545 -1302.574478
v 1810.312980 73.240883 -1306.832496
v 1802.744232 73.240883 -1306.190100
v 1796.998554 73.240883 -1301.221614
v 1795.270615 73.240883 -1293.824824
v 1798.220401 73.240883 -1286.825052
v 1804.721328 73.240883 -1282.895869
v 1812.289951 73.240883 -1283.538316
v 1818.035628 73.240883 -1288.506802
v 1819.763693 73.240883 -1295.903540
v 1816.813777 73.240883 -1302.903425
v 1809.827128 105.695534 -1304.752536
v 1803.573735 105.695534 -1304.221863
v 1798.826633 105.695534 -1300.116882
v 1797.398987 105.695534 -1294.005483
v 1799.836166 105.695534 -1288.222237
v 1805.207171 105.695534 -1284.975950
v 1811.460686 105.695534 -1285.506633
v 1816.207787 105.695534 -1289.611614
v 1817.635312 105.695534 -1295.723003
v 1815.198128 105.695534 -1301.506310
v 1807.517089 -0.473785 -1294.864238
v 1809.088576 112.597672 -1301.591142
v 1804.834506 112.597672 -1301.230096
v 1801.605041 112.597672 -1298.437482
v 1800.633878 112.597672 -1294.279992
v 1802.291856 112.597672 -1290.345704
v 1805.945728 112.597672 -1288.137284
v 1810.199798 112.597672 -1288.498329
v 1813.429263 112.597672 -1291.290944
v 1814.400426 112.597672 -1295.448433
v 1812.742443 112.597672 -1299.382783
v 1808.192561 114.171967 -1297.755618
v 1806.364140 114.171967 -1297.600444
v 1807.517089 114.171967 -1294.864238
v 1804.976039 114.171967 -1296.400107
v 1804.558558 114.171967 -1294.613109
v 1805.271187 114.171967 -1292.922067
v 1806.841743 114.171967 -1291.972807
v 1808.670286 114.171967 -1292.127991
v 1810.058387 114.171967 -1293.328328
v 1810.475746 114.171967 -1295.115316
v 1809.763112 114.171967 -1296.806420
v 1810.831301 67.942490 -1291.914794
v 1812.943394 63.475231 -1289.450371
v 1812.929869 57.953396 -1289.438651
v 1810.795997 53.486141 -1291.884215
v 1807.356727 51.779797 -1295.852984
v 1803.925945 53.486141 -1299.829035
v 1801.813851 57.953396 -1302.293459
v 1801.827376 63.475231 -1302.305178
v 1803.961258 67.942490 -1299.859493
v 1807.400401 69.648834 -1295.890774
v 1835.362364 66.920532 -1313.127709
v 1840.892835 63.013004 -1313.619325
v 1844.315045 58.062069 -1318.253831
v 1844.575597 55.578335 -1321.094744
v 1841.513366 55.069714 -1325.389444
v 1837.705545 55.424519 -1329.039564
v 1834.162521 58.341000 -1328.469047
v 1828.007097 62.727322 -1324.943830
v 1828.492311 66.920532 -1321.072529
v 1831.301782 68.413071 -1316.559167
v 1834.875741 90.642395 -1314.704263
v 1839.514299 90.642395 -1315.097948
v 1843.035390 90.642395 -1318.142780
v 1844.094480 90.642395 -1322.676018
v 1842.286644 90.642395 -1326.965717
v 1838.302710 90.642395 -1329.373727
v 1833.664152 90.642395 -1328.980042
v 1830.143061 90.642395 -1325.935210
v 1829.083971 90.642395 -1321.401972
v 1830.891816 90.642395 -1317.112152
v 1835.423592 95.464233 -1317.049315
v 1838.579178 95.464233 -1317.317083
v 1840.974566 95.464233 -1319.388468
v 1841.694863 95.464233 -1322.472321
v 1840.465114 95.464233 -1325.390554
v 1837.754738 95.464233 -1327.028665
v 1834.599395 95.464233 -1326.760917
v 1832.204017 95.464233 -1324.689410
v 1831.483466 95.464233 -1321.605659
v 1832.713346 95.464233 -1318.687314
v 1836.088273 96.564026 -1319.894293
v 1837.444513 96.564026 -1320.009302
v 1836.589230 96.564026 -1322.038934
v 1838.474148 96.564026 -1320.899744
v 1838.783764 96.564026 -1322.225299
v 1838.255198 96.564026 -1323.479628
v 1837.090178 96.564026 -1324.183697
v 1835.733947 96.564026 -1324.068567
v 1834.704303 96.564026 -1323.178246
v 1834.394677 96.564026 -1321.852813
v 1834.923253 96.564026 -1320.598362
v 1837.830222 62.437428 -1329.109149
v 1842.414117 62.780903 -1326.398787
v 1844.464660 62.667873 -1321.459712
v 1844.509628 59.264622 -1321.311788
v 1842.430659 59.188831 -1326.325642
v 1837.774865 59.135342 -1329.078213
v 1832.523864 54.791920 -1325.377321
v 1836.437377 53.046810 -1321.000104
v 1839.389800 54.154331 -1316.610298
v 1842.317769 54.222759 -1319.142326
v 1839.264020 53.359112 -1323.444368
v 1834.791751 54.891926 -1327.244083
v 1802.679225 74.542000 -1297.874476
v 1800.699022 70.353806 -1300.184971
v 1800.711870 65.176918 -1300.195964
v 1802.712356 60.988724 -1297.903109
v 1805.936890 59.388969 -1294.182328
v 1809.153273 60.988724 -1290.454660
v 1811.133476 65.176918 -1288.144165
v 1811.120755 70.353806 -1288.133121
v 1809.120143 74.542000 -1290.426027
v 1805.895847 76.141754 -1294.146888
v 1779.680590 73.583878 -1277.986666
v 1774.495570 69.920456 -1277.525836
v 1771.287108 65.278801 -1273.180814
v 1771.042934 62.950218 -1270.517336
v 1773.913928 62.473373 -1266.490968
v 1777.483852 62.806007 -1263.068887
v 1780.805481 65.540306 -1263.603766
v 1786.576391 69.652618 -1266.908749
v 1786.121508 73.583878 -1270.538217
v 1783.487577 74.983185 -1274.769582
v 1780.136916 95.823883 -1276.508621
v 1775.787969 95.823883 -1276.139544
v 1772.486990 95.823883 -1273.284842
v 1771.493974 95.823883 -1269.034895
v 1773.188847 95.823883 -1265.013148
v 1776.923979 95.823883 -1262.755604
v 1781.272805 95.823883 -1263.124671
v 1784.573910 95.823883 -1265.979321
v 1785.566799 95.823883 -1270.229320
v 1783.871921 95.823883 -1274.251128
v 1779.623188 100.344505 -1274.310075
v 1776.664896 100.344505 -1274.059026
v 1774.419102 100.344505 -1272.117047
v 1773.743737 100.344505 -1269.225859
v 1774.896672 100.344505 -1266.489835
v 1777.437712 100.344505 -1264.954088
v 1780.395999 100.344505 -1265.205198
v 1782.641793 100.344505 -1267.147178
v 1783.317163 100.344505 -1270.038304
v 1782.164097 100.344505 -1272.774440
v 1779.000083 101.375595 -1271.642865
v 1777.728634 101.375595 -1271.534909
v 1778.530328 101.375595 -1269.632072
v 1776.763175 101.375595 -1270.700220
v 1776.472865 101.375595 -1269.457494
v 1776.968439 101.375595 -1268.281502
v 1778.060695 101.375595 -1267.621289
v 1779.332266 101.375595 -1267.729254
v 1780.297594 101.375595 -1268.564056
v 1780.587913 101.375595 -1269.806660
v 1780.092330 101.375595 -1270.982773
v 1777.367040 69.380836 -1263.003596
v 1773.069307 69.702850 -1265.544703
v 1771.146923 69.596878 -1270.175269
v 1771.104889 66.406227 -1270.313935
v 1773.053985 66.335175 -1265.613230
v 1777.418876 66.285027 -1263.032601
v 1782.341816 62.212929 -1266.502343
v 1778.672840 60.576836 -1270.606125
v 1775.904779 61.615166 -1274.721609
v 1773.159642 61.679321 -1272.347812
v 1776.022855 60.869621 -1268.314524
v 1780.215598 62.306686 -1264.752118
vt 0.626409 0.064409
vt 0.548284 0.007647
vt 0.451716 0.007647
vt 0.373591 0.064409
vt 0.343750 0.156250
vt 0.373591 0.248091
vt 0.451716 0.304853
vt 0.548284 0.304853
vt 0.626409 0.248091
vt 0.656250 0.156250
vt 0.375000 0.312500
vt 0.400000 0.312500
vt 0.425000 0.312500
vt 0.450000 0.312500
vt 0.475000 0.312500
vt 0.500000 0.312500
vt 0.525000 0.312500
vt 0.550000 0.312500
vt 0.575000 0.312500
vt 0.600000 0.312500
vt 0.625000 0.312500
vt 0.375000 0.437500
vt 0.400000 0.437500
vt 0.425000 0.437500
vt 0.450000 0.437500
vt 0.475000 0.437500
vt 0.500000 0.437500
vt 0.525000 0.437500
vt 0.550000 0.437500
vt 0.575000 0.437500
vt 0.600000 0.437500
vt 0.625000 0.437500
vt 0.375000 0.562500
vt 0.400000 0.562500
vt 0.425000 0.562500
vt 0.450000 0.562500
vt 0.475000 0.562500
vt 0.500000 0.562500
vt 0.525000 0.562500
vt 0.550000 0.562500
vt 0.575000 0.562500
vt 0.600000 0.562500
vt 0.625000 0.562500
vt 0.375000 0.687500
vt 0.400000 0.687500
vt 0.425000 0.687500
vt 0.450000 0.687500
vt 0.475000 0.687500
vt 0.500000 0.687500
vt 0.525000 0.687500
vt 0.550000 0.687500
vt 0.575000 0.687500
vt 0.600000 0.687500
vt 0.625000 0.687500
vt 0.626409 0.751909
vt 0.548284 0.695147
vt 0.451716 0.695147
vt 0.373591 0.751909
vt 0.343750 0.843750
vt 0.373591 0.935591
vt 0.451716 0.992353
vt 0.548284 0.992353
vt 0.626409 0.935591
vt 0.656250 0.843750
vt 0.500000 0.156250
vt 0.500000 0.843750
vt 0.626409 0.935591
vt 0.548284 0.992353
vt 0.451716 0.992353
vt 0.373591 0.935591
vt 0.343750 0.843750
vt 0.373591 0.751909
vt 0.451716 0.695147
vt 0.548284 0.695147
vt 0.626409 0.751909
vt 0.656250 0.843750
vt 0.626409 0.935591
vt 0.548284 0.992353
vt 0.451716 0.992353
vt 0.373591 0.935591
vt 0.343750 0.843750
vt 0.373591 0.751909
vt 0.451716 0.695147
vt 0.548284 0.695147
vt 0.626409 0.751909
vt 0.656250 0.843750
vt 0.375000 0.312500
vt 0.400000 0.312500
vt 0.400000 0.687500
vt 0.375000 0.687500
vt 0.425000 0.312500
vt 0.425000 0.687500
vt 0.450000 0.312500
vt 0.450000 0.629930
vt 0.475000 0.312500
vt 0.475000 0.623183
vt 0.500000 0.312500
vt 0.500000 0.634472
vt 0.525000 0.312500
vt 0.525000 0.687500
vt 0.550000 0.312500
vt 0.550000 0.687500
vt 0.575000 0.312500
vt 0.575000 0.687500
vt 0.600000 0.312500
vt 0.600000 0.687500
vt 0.625000 0.312500
vt 0.625000 0.687500
vt 0.375000 0.562500
vt 0.400000 0.562500
vt 0.400000 0.687500
vt 0.375000 0.687500
vt 0.425000 0.562500
vt 0.425000 0.687500
vt 0.450000 0.575218
vt 0.450000 0.591346
vt 0.475000 0.577631
vt 0.475000 0.594214
vt 0.500000 0.572594
vt 0.500000 0.588564
vt 0.525000 0.562500
vt 0.550000 0.562500
vt 0.550000 0.687500
vt 0.525000 0.687500
vt 0.575000 0.562500
vt 0.575000 0.687500
vt 0.600000 0.562500
vt 0.600000 0.687500
vt 0.625000 0.562500
vt 0.625000 0.687500
vt 0.626409 0.935591
vt 0.548284 0.992353
vt 0.500000 0.843750
vt 0.451716 0.992353
vt 0.373591 0.935591
vt 0.343750 0.843750
vt 0.373591 0.751909
vt 0.451716 0.695147
vt 0.548284 0.695147
vt 0.626409 0.751909
vt 0.656250 0.843750
vt 0.626409 0.935591
vt 0.548284 0.992353
vt 0.548284 0.992353
vt 0.626409 0.935591
vt 0.451716 0.992353
vt 0.451716 0.992353
vt 0.373591 0.935591
vt 0.373591 0.935591
vt 0.343750 0.843750
vt 0.343750 0.843750
vt 0.373591 0.751909
vt 0.373591 0.751909
vt 0.451716 0.695147
vt 0.451716 0.695147
vt 0.548284 0.695147
vt 0.548284 0.695147
vt 0.626409 0.751909
vt 0.626409 0.751909
vt 0.656250 0.843750
vt 0.656250 0.843750
vt 0.500000 0.687500
vt 0.475000 0.687500
vt 0.450000 0.687500
vt 0.450000 0.562500
vt 0.475000 0.562500
vt 0.500000 0.562500
vt 0.500000 0.659131
vt 0.500000 0.687500
vt 0.475000 0.653382
vt 0.475000 0.687500
vt 0.450000 0.662436
vt 0.450000 0.687500
vt 0.375000 0.312500
vt 0.400000 0.312500
vt 0.400000 0.687500
vt 0.375000 0.687500
vt 0.425000 0.312500
vt 0.425000 0.687500
vt 0.450000 0.312500
vt 0.450000 0.629930
vt 0.475000 0.312500
vt 0.475000 0.623183
vt 0.500000 0.312500
vt 0.500000 0.634472
vt 0.525000 0.312500
vt 0.525000 0.687500
vt 0.550000 0.312500
vt 0.550000 0.687500
vt 0.575000 0.312500
vt 0.575000 0.687500
vt 0.600000 0.312500
vt 0.600000 0.687500
vt 0.625000 0.312500
vt 0.625000 0.687500
vt 0.375000 0.562500
vt 0.400000 0.562500
vt 0.400000 0.687500
vt 0.375000 0.687500
vt 0.425000 0.562500
vt 0.425000 0.687500
vt 0.450000 0.575218
vt 0.450000 0.591346
vt 0.475000 0.577631
vt 0.475000 0.594214
vt 0.500000 0.572594
vt 0.500000 0.588564
vt 0.525000 0.562500
vt 0.550000 0.562500
vt 0.550000 0.687500
vt 0.525000 0.687500
vt 0.575000 0.562500
vt 0.575000 0.687500
vt 0.600000 0.562500
vt 0.600000 0.687500
vt 0.625000 0.562500
vt 0.625000 0.687500
vt 0.626409 0.935591
vt 0.548284 0.992353
vt 0.500000 0.843750
vt 0.451716 0.992353
vt 0.373591 0.935591
vt 0.343750 0.843750
vt 0.373591 0.751909
vt 0.451716 0.695147
vt 0.548284 0.695147
vt 0.626409 0.751909
vt 0.656250 0.843750
vt 0.626409 0.935591
vt 0.548284 0.992353
vt 0.548284 0.992353
vt 0.626409 0.935591
vt 0.451716 0.992353
vt 0.451716 0.992353
vt 0.373591 0.935591
vt 0.373591 0.935591
vt 0.343750 0.843750
vt 0.343750 0.843750
vt 0.373591 0.751909
vt 0.373591 0.751909
vt 0.451716 0.695147
vt 0.451716 0.695147
vt 0.548284 0.695147
vt 0.548284 0.695147
vt 0.626409 0.751909
vt 0.626409 0.751909
vt 0.656250 0.843750
vt 0.656250 0.843750
vt 0.500000 0.687500
vt 0.475000 0.687500
vt 0.450000 0.687500
vt 0.450000 0.562500
vt 0.475000 0.562500
vt 0.500000 0.562500
vt 0.500000 0.659131
vt 0.500000 0.687500
vt 0.475000 0.653382
vt 0.475000 0.687500
vt 0.450000 0.662436
vt 0.450000 0.687500
vn -0.084352 -0.071088 -0.993897
vn -0.084352 -0.071088 -0.993897
vn -0.084503 -0.039718 -0.995631
vn -0.084503 -0.039718 -0.995631
vn -0.652439 -0.071085 -0.754500
vn -0.652439 -0.071085 -0.754500
vn -0.653579 -0.039716 -0.755816
vn -0.653579 -0.039716 -0.755816
vn -0.971323 -0.071092 -0.226887
vn -0.971323 -0.071092 -0.226887
vn -0.973017 -0.039720 -0.227291
vn -0.973016 -0.039720 -0.227291
vn -0.919188 -0.071093 0.387349
vn -0.919188 -0.071093 0.387350
vn -0.920792 -0.039719 0.388025
vn -0.920792 -0.039719 0.388025
vn -0.515948 -0.071096 0.853664
vn -0.515948 -0.071096 0.853664
vn -0.516851 -0.039720 0.855153
vn -0.516851 -0.039720 0.855153
vn 0.084336 -0.071087 0.993898
vn 0.084336 -0.071087 0.993898
vn 0.084496 -0.039718 0.995632
vn 0.084496 -0.039718 0.995632
vn 0.652440 -0.071085 0.754500
vn 0.652440 -0.071085 0.754500
vn 0.653577 -0.039716 0.755818
vn 0.653577 -0.039716 0.755818
vn 0.971317 -0.071086 0.226914
vn 0.971317 -0.071086 0.226914
vn 0.973011 -0.039718 0.227313
vn 0.973011 -0.039718 0.227313
vn 0.919178 -0.071091 -0.387372
vn 0.919179 -0.071091 -0.387372
vn 0.920783 -0.039719 -0.388047
vn 0.920783 -0.039719 -0.388047
vn 0.515953 -0.071089 -0.853662
vn 0.515953 -0.071089 -0.853662
vn 0.516855 -0.039718 -0.855151
vn 0.516855 -0.039718 -0.855151
vn -0.084554 0.020892 -0.996200
vn -0.084554 0.020892 -0.996200
vn -0.653951 0.020892 -0.756248
vn -0.653951 0.020892 -0.756248
vn -0.973571 0.020893 -0.227429
vn -0.973571 0.020893 -0.227429
vn -0.921317 0.020893 0.388252
vn -0.921317 0.020893 0.388252
vn -0.517152 0.020893 0.855639
vn -0.517152 0.020893 0.855639
vn 0.084550 0.020893 0.996200
vn 0.084550 0.020893 0.996200
vn 0.653951 0.020892 0.756248
vn 0.653951 0.020891 0.756248
vn 0.973568 0.020892 0.227440
vn 0.973568 0.020892 0.227440
vn 0.921312 0.020894 -0.388264
vn 0.921311 0.020894 -0.388264
vn 0.517150 0.020893 -0.855640
vn 0.517150 0.020893 -0.855640
vn -0.084407 0.062469 -0.994471
vn -0.084407 0.062469 -0.994471
vn -0.652814 0.062469 -0.754938
vn -0.652814 0.062469 -0.754938
vn -0.971881 0.062471 -0.227035
vn -0.971881 0.062471 -0.227035
vn -0.919715 0.062468 0.387584
vn -0.919715 0.062468 0.387584
vn -0.516258 0.062470 0.854152
vn -0.516258 0.062470 0.854152
vn 0.084398 0.062472 0.994472
vn 0.084398 0.062472 0.994472
vn 0.652819 0.062467 0.754934
vn 0.652819 0.062467 0.754934
vn 0.971880 0.062473 0.227038
vn 0.971880 0.062473 0.227038
vn 0.919715 0.062474 -0.387584
vn 0.919715 0.062474 -0.387584
vn 0.516250 0.062470 -0.854157
vn 0.516250 0.062470 -0.854157
vn 0.000000 -1.000000 0.000000
vn -0.000000 -1.000000 -0.000000
vn 0.000000 -1.000000 0.000000
vn 0.000000 -1.000000 0.000000
vn 0.000000 -1.000000 0.000000
vn 0.000000 -1.000000 0.000000
vn 0.000000 -1.000000 0.000000
vn 0.000000 -1.000000 0.000000
vn 0.000000 -1.000000 0.000000
vn -0.000000 -1.000000 -0.000000
vn -0.000000 -1.000000 -0.000000
vn 0.000000 1.000000 0.000006
vn 0.000000 1.000000 0.000003
vn 0.000000 1.000000 0.000001
vn 0.000000 1.000000 0.000003
vn 0.000000 1.000000 0.000000
vn 0.000000 1.000000 0.000000
vn 0.000000 1.000000 0.000001
vn 0.000000 1.000000 0.000003
vn 0.000000 1.000000 0.000001
vn -0.000000 1.000000 -0.000006
vn -0.000000 1.000000 -0.000000
vn -0.077201 0.408345 -0.909557
vn -0.077201 0.408345 -0.909557
vn -0.077201 0.408345 -0.909557
vn -0.077201 0.408345 -0.909557
vn -0.597068 0.408347 -0.690480
vn -0.597068 0.408347 -0.690480
vn -0.597068 0.408347 -0.690480
vn -0.597068 0.408347 -0.690480
vn -0.888898 0.408344 -0.207644
vn -0.888898 0.408344 -0.207644
vn -0.888898 0.408344 -0.207644
vn -0.888898 0.408344 -0.207644
vn -0.841175 0.408364 0.354492
vn -0.841175 0.408364 0.354492
vn -0.841175 0.408364 0.354492
vn -0.841175 0.408364 0.354492
vn -0.472178 0.408339 0.781222
vn -0.472178 0.408339 0.781222
vn -0.472178 0.408339 0.781222
vn -0.472178 0.408339 0.781222
vn 0.077189 0.408352 0.909555
vn 0.077189 0.408352 0.909555
vn 0.077189 0.408352 0.909555
vn 0.077189 0.408352 0.909555
vn 0.597073 0.408354 0.690471
vn 0.597073 0.408354 0.690471
vn 0.597073 0.408354 0.690471
vn 0.597073 0.408354 0.690471
vn 0.888895 0.408354 0.207636
vn 0.888895 0.408354 0.207636
vn 0.888895 0.408354 0.207636
vn 0.888895 0.408354 0.207636
vn 0.841186 0.408342 -0.354489
vn 0.841186 0.408342 -0.354489
vn 0.841186 0.408342 -0.354489
vn 0.841186 0.408342 -0.354489
vn 0.472167 0.408352 -0.781222
vn 0.472167 0.408352 -0.781222
vn 0.472167 0.408352 -0.781222
vn 0.472167 0.408352 -0.781222
vn -0.032755 0.921903 -0.386033
vn -0.032755 0.921903 -0.386033
vn -0.032755 0.921903 -0.386033
vn -0.032755 0.921903 -0.386033
vn -0.253434 0.921887 -0.293079
vn -0.253434 0.921887 -0.293079
vn -0.253434 0.921887 -0.293079
vn -0.253434 0.921887 -0.293079
vn -0.377288 0.921893 -0.088134
vn -0.377288 0.921893 -0.088134
vn -0.377288 0.921893 -0.088134
vn -0.377288 0.921893 -0.088134
vn -0.357026 0.921898 0.150456
vn -0.357026 0.921898 0.150456
vn -0.357026 0.921898 0.150456
vn -0.357026 0.921898 0.150456
vn -0.200412 0.921896 0.331576
vn -0.200412 0.921896 0.331576
vn -0.200412 0.921896 0.331576
vn -0.200412 0.921896 0.331576
vn 0.032766 0.921895 0.386051
vn 0.032766 0.921895 0.386051
vn 0.032766 0.921895 0.386051
vn 0.032766 0.921895 0.386051
vn 0.253425 0.921893 0.293067
vn 0.253425 0.921893 0.293067
vn 0.253425 0.921893 0.293067
vn 0.253425 0.921893 0.293067
vn 0.377273 0.921900 0.088126
vn 0.377273 0.921900 0.088126
vn 0.377273 0.921900 0.088126
vn 0.377273 0.921900 0.088126
vn 0.357031 0.921897 -0.150451
vn 0.357031 0.921897 -0.150451
vn 0.357031 0.921897 -0.150451
vn 0.357031 0.921897 -0.150451
vn 0.200401 0.921894 -0.331588
vn 0.200401 0.921894 -0.331588
vn 0.200401 0.921894 -0.331588
vn 0.200401 0.921894 -0.331588
vn 0.524678 0.616968 0.586570
vn 0.524678 0.616968 0.586570
vn 0.524678 0.616968 0.586570
vn 0.524678 0.616968 0.586570
vn 0.661503 -0.111980 0.741535
vn 0.661503 -0.111980 0.741535
vn 0.661503 -0.111980 0.741535
vn 0.661503 -0.111980 0.741535
vn 0.565716 -0.536799 0.625949
vn 0.565716 -0.536799 0.625949
vn 0.566009 -0.535867 0.626483
vn 0.571583 -0.533228 0.623667
vn 0.188648 -0.965277 0.180701
vn 0.188648 -0.965277 0.180701
vn 0.185902 -0.967090 0.173714
vn 0.186525 -0.966685 0.175298
vn -0.171534 -0.954585 -0.243607
vn -0.171534 -0.954585 -0.243607
vn -0.168353 -0.955043 -0.244028
vn -0.168318 -0.955048 -0.244033
vn -0.553735 -0.496182 -0.668716
vn -0.553735 -0.496182 -0.668716
vn -0.551175 -0.490003 -0.675355
vn -0.554097 -0.494849 -0.669403
vn -0.635996 -0.124137 -0.761642
vn -0.635996 -0.124137 -0.761642
vn -0.635996 -0.124137 -0.761642
vn -0.635996 -0.124137 -0.761642
vn -0.510069 0.602197 -0.614157
vn -0.510069 0.602197 -0.614157
vn -0.510069 0.602197 -0.614157
vn -0.510069 0.602197 -0.614157
vn -0.163363 0.956805 -0.240494
vn -0.163363 0.956805 -0.240494
vn -0.163363 0.956805 -0.240494
vn -0.163363 0.956805 -0.240494
vn 0.214403 0.956804 0.196361
vn 0.214403 0.956804 0.196361
vn 0.214403 0.956804 0.196361
vn 0.214403 0.956804 0.196361
vn 0.110573 0.063030 0.991867
vn 0.110573 0.063030 0.991867
vn 0.110573 0.063030 0.991867
vn 0.110573 0.063030 0.991867
vn 0.756162 0.048206 0.652607
vn 0.756162 0.048206 0.652607
vn 0.756162 0.048206 0.652607
vn 0.756162 0.048206 0.652607
vn 0.986602 0.028882 0.160571
vn 0.997325 0.018473 0.070721
vn 0.984878 0.029834 0.170663
vn 0.897484 -0.090894 -0.431578
vn 0.899236 -0.085951 -0.428937
vn 0.922707 -0.004087 -0.385481
vn 0.922722 -0.004085 -0.385444
vn 0.554012 -0.097821 -0.826741
vn 0.555548 -0.100813 -0.825351
vn 0.512762 -0.015884 -0.858384
vn 0.512826 -0.015884 -0.858346
vn -0.164840 -0.006802 -0.986297
vn -0.121743 -0.012233 -0.992486
vn -0.117952 -0.012691 -0.992938
vn -0.563360 -0.005293 -0.826195
vn -0.563360 -0.005293 -0.826195
vn -0.563360 -0.005293 -0.826195
vn -0.563360 -0.005293 -0.826195
vn -0.994409 0.050155 -0.092923
vn -0.994409 0.050155 -0.092923
vn -0.994409 0.050155 -0.092923
vn -0.994409 0.050155 -0.092923
vn -0.886374 0.012393 0.462805
vn -0.886374 0.012393 0.462805
vn -0.886374 0.012393 0.462805
vn -0.886374 0.012393 0.462805
vn -0.584048 0.026199 0.811296
vn -0.584048 0.026199 0.811296
vn -0.584048 0.026199 0.811296
vn -0.584048 0.026199 0.811296
vn 0.000000 1.000000 0.000003
vn 0.000000 1.000000 0.000003
vn 0.000000 1.000000 0.000000
vn 0.000000 1.000000 0.000000
vn 0.000000 1.000000 0.000000
vn 0.000000 1.000000 0.000000
vn -0.000000 1.000000 -0.000003
vn -0.000000 1.000000 -0.000003
vn 0.000000 1.000000 0.000000
vn 0.000000 1.000000 0.000000
vn 0.000000 1.000000 0.000000
vn 0.076368 0.429045 0.900049
vn 0.076368 0.429045 0.900049
vn 0.076368 0.429045 0.900049
vn 0.076368 0.429045 0.900049
vn 0.590837 0.429042 0.683253
vn 0.590837 0.429042 0.683253
vn 0.590837 0.429042 0.683253
vn 0.590837 0.429042 0.683253
vn 0.879602 0.429044 0.205478
vn 0.879602 0.429044 0.205478
vn 0.879602 0.429044 0.205478
vn 0.879602 0.429044 0.205478
vn 0.832380 0.429063 -0.350783
vn 0.832380 0.429063 -0.350783
vn 0.832380 0.429063 -0.350783
vn 0.832380 0.429063 -0.350783
vn 0.467225 0.429070 -0.773046
vn 0.467225 0.429070 -0.773046
vn 0.467225 0.429070 -0.773046
vn 0.467225 0.429070 -0.773046
vn -0.076368 0.429046 -0.900049
vn -0.076368 0.429046 -0.900049
vn -0.076368 0.429046 -0.900049
vn -0.076368 0.429046 -0.900049
vn -0.590845 0.429039 -0.683248
vn -0.590845 0.429039 -0.683248
vn -0.590845 0.429039 -0.683248
vn -0.590845 0.429039 -0.683248
vn -0.879599 0.429036 -0.205509
vn -0.879599 0.429036 -0.205509
vn -0.879599 0.429036 -0.205509
vn -0.879599 0.429036 -0.205509
vn -0.832387 0.429040 0.350793
vn -0.832387 0.429040 0.350793
vn -0.832387 0.429040 0.350793
vn -0.832387 0.429040 0.350793
vn -0.467218 0.429061 0.773055
vn -0.467218 0.429061 0.773055
vn -0.467218 0.429061 0.773055
vn -0.467218 0.429061 0.773055
vn 0.031112 0.929808 0.366727
vn 0.031112 0.929808 0.366727
vn 0.031112 0.929808 0.366727
vn 0.031112 0.929808 0.366727
vn 0.240742 0.929809 0.278387
vn 0.240742 0.929809 0.278387
vn 0.240742 0.929809 0.278387
vn 0.240742 0.929809 0.278387
vn 0.358396 0.929808 0.083715
vn 0.358397 0.929808 0.083715
vn 0.358397 0.929808 0.083715
vn 0.358397 0.929808 0.083715
vn 0.339154 0.929811 -0.142919
vn 0.339154 0.929811 -0.142919
vn 0.339154 0.929811 -0.142919
vn 0.339154 0.929811 -0.142919
vn 0.190355 0.929819 -0.314963
vn 0.190355 0.929819 -0.314963
vn 0.190355 0.929819 -0.314963
vn 0.190355 0.929819 -0.314963
vn -0.031128 0.929816 -0.366706
vn -0.031128 0.929816 -0.366706
vn -0.031128 0.929816 -0.366706
vn -0.031128 0.929816 -0.366706
vn -0.240749 0.929801 -0.278407
vn -0.240749 0.929801 -0.278407
vn -0.240749 0.929801 -0.278407
vn -0.240749 0.929801 -0.278407
vn -0.358393 0.929808 -0.083738
vn -0.358393 0.929808 -0.083738
vn -0.358393 0.929808 -0.083738
vn -0.358393 0.929808 -0.083738
vn -0.339143 0.929815 0.142922
vn -0.339143 0.929815 0.142922
vn -0.339143 0.929815 0.142922
vn -0.339143 0.929815 0.142922
vn -0.190361 0.929815 0.314972
vn -0.190361 0.929815 0.314972
vn -0.190361 0.929815 0.314972
vn -0.190361 0.929815 0.314972
vn -0.117286 -0.012779 -0.993016
vn -0.117286 -0.012779 -0.993016
vn 0.513252 -0.015887 -0.858091
vn 0.513251 -0.015887 -0.858091
vn 0.922587 -0.004100 -0.385767
vn 0.922587 -0.004100 -0.385767
vn 0.984708 0.029962 0.171620
vn 0.984708 0.029962 0.171620
vn 0.997152 0.022020 0.072138
vn 0.867842 -0.163905 -0.469026
vn 0.867842 -0.163905 -0.469026
vn 0.590340 -0.172570 -0.788491
vn 0.590340 -0.172570 -0.788491
vn -0.164755 -0.007195 -0.986308
vn -0.512612 -0.368927 -0.775320
vn -0.437151 -0.370780 -0.819403
vn -0.001526 -0.948946 -0.315436
vn -0.025302 -0.952392 -0.303825
vn 0.127644 -0.918370 -0.374571
vn 0.127644 -0.918370 -0.374571
vn 0.295005 -0.955317 -0.018474
vn 0.303886 -0.952314 -0.027414
vn 0.444848 -0.878078 -0.176321
vn 0.444848 -0.878078 -0.176321
vn 0.627974 -0.470184 0.620142
vn 0.719790 -0.488555 0.493170
vn -0.524665 0.616993 -0.586555
vn -0.524665 0.616993 -0.586555
vn -0.524665 0.616993 -0.586555
vn -0.524665 0.616993 -0.586555
vn -0.661499 -0.112011 -0.741534
vn -0.661499 -0.112011 -0.741534
vn -0.661499 -0.112011 -0.741534
vn -0.661499 -0.112011 -0.741534
vn -0.565712 -0.536806 -0.625946
vn -0.565712 -0.536806 -0.625946
vn -0.566005 -0.535875 -0.626480
vn -0.571580 -0.533235 -0.623664
vn -0.188645 -0.965278 -0.180698
vn -0.188645 -0.965278 -0.180698
vn -0.185899 -0.967091 -0.173712
vn -0.186522 -0.966686 -0.175296
vn 0.171536 -0.954583 0.243611
vn 0.171536 -0.954583 0.243611
vn 0.168357 -0.955042 0.244032
vn 0.168322 -0.955047 0.244036
vn 0.553731 -0.496195 0.668710
vn 0.553731 -0.496195 0.668710
vn 0.551173 -0.490009 0.675352
vn 0.554094 -0.494860 0.669398
vn 0.635993 -0.124145 0.761644
vn 0.635993 -0.124145 0.761644
vn 0.635993 -0.124145 0.761644
vn 0.635993 -0.124145 0.761644
vn 0.510055 0.602220 0.614145
vn 0.510055 0.602220 0.614145
vn 0.510055 0.602220 0.614145
vn 0.510055 0.602220 0.614145
vn 0.163367 0.956803 0.240500
vn 0.163367 0.956803 0.240500
vn 0.163367 0.956803 0.240500
vn 0.163367 0.956803 0.240500
vn -0.214402 0.956805 -0.196359
vn -0.214402 0.956805 -0.196359
vn -0.214402 0.956805 -0.196359
vn -0.214402 0.956805 -0.196359
vn -0.110548 0.063030 -0.991870
vn -0.110548 0.063030 -0.991870
vn -0.110548 0.063030 -0.991870
vn -0.110548 0.063030 -0.991870
vn -0.756172 0.048211 -0.652595
vn -0.756172 0.048211 -0.652595
vn -0.756172 0.048211 -0.652595
vn -0.756172 0.048211 -0.652595
vn -0.986602 0.028890 -0.160570
vn -0.997330 0.018497 -0.070642
vn -0.984876 0.029834 -0.170671
vn -0.897481 -0.090943 0.431576
vn -0.899232 -0.085999 0.428935
vn -0.922714 -0.004082 0.385464
vn -0.922729 -0.004081 0.385428
vn -0.554022 -0.097804 0.826737
vn -0.555558 -0.100797 0.825346
vn -0.512753 -0.015879 0.858389
vn -0.512816 -0.015880 0.858351
vn 0.164828 -0.006812 0.986299
vn 0.121741 -0.012233 0.992487
vn 0.117950 -0.012690 0.992938
vn 0.563368 -0.005294 0.826189
vn 0.563368 -0.005294 0.826189
vn 0.563368 -0.005294 0.826189
vn 0.563368 -0.005294 0.826189
vn 0.994410 0.050147 0.092920
vn 0.994410 0.050147 0.092920
vn 0.994410 0.050147 0.092920
vn 0.994410 0.050147 0.092920
vn 0.886374 0.012395 -0.462803
vn 0.886374 0.012395 -0.462803
vn 0.886374 0.012395 -0.462803
vn 0.886374 0.012395 -0.462803
vn 0.584036 0.026199 -0.811305
vn 0.584036 0.026199 -0.811305
vn 0.584036 0.026199 -0.811305
vn 0.584036 0.026199 -0.811305
vn 0.000000 1.000000 0.000000
vn 0.000000 1.000000 0.000003
vn -0.000000 1.000000 -0.000000
vn -0.000000 1.000000 -0.000003
vn -0.000000 1.000000 -0.000006
vn 0.000000 1.000000 0.000000
vn 0.000000 1.000000 0.000000
vn -0.000000 1.000000 -0.000003
vn 0.000000 1.000000 0.000003
vn 0.000000 1.000000 0.000006
vn 0.000000 1.000000 0.000000
vn -0.076391 0.429053 -0.900043
vn -0.076391 0.429053 -0.900043
vn -0.076391 0.429053 -0.900043
vn -0.076391 0.429053 -0.900043
vn -0.590834 0.429053 -0.683248
vn -0.590834 0.429053 -0.683248
vn -0.590834 0.429053 -0.683248
vn -0.590834 0.429053 -0.683248
vn -0.879592 0.429056 -0.205498
vn -0.879592 0.429056 -0.205498
vn -0.879592 0.429056 -0.205498
vn -0.879592 0.429056 -0.205498
vn -0.832384 0.429063 0.350775
vn -0.832384 0.429063 0.350775
vn -0.832383 0.429063 0.350775
vn -0.832384 0.429063 0.350775
vn -0.467242 0.429023 0.773062
vn -0.467242 0.429023 0.773062
vn -0.467242 0.429023 0.773062
vn -0.467242 0.429023 0.773062
vn 0.076391 0.429059 0.900041
vn 0.076391 0.429059 0.900041
vn 0.076391 0.429059 0.900041
vn 0.076391 0.429059 0.900040
vn 0.590850 0.429032 0.683248
vn 0.590850 0.429032 0.683248
vn 0.590850 0.429032 0.683248
vn 0.590850 0.429032 0.683248
vn 0.879598 0.429046 0.205493
vn 0.879598 0.429046 0.205493
vn 0.879598 0.429046 0.205493
vn 0.879598 0.429046 0.205493
vn 0.832395 0.429030 -0.350787
vn 0.832395 0.429030 -0.350787
vn 0.832395 0.429030 -0.350787
vn 0.832395 0.429030 -0.350787
vn 0.467232 0.429049 -0.773053
vn 0.467232 0.429049 -0.773053
vn 0.467232 0.429049 -0.773053
vn 0.467232 0.429049 -0.773053
vn -0.031134 0.929820 -0.366696
vn -0.031134 0.929820 -0.366696
vn -0.031134 0.929820 -0.366696
vn -0.031134 0.929820 -0.366696
vn -0.240728 0.929803 -0.278419
vn -0.240728 0.929803 -0.278419
vn -0.240728 0.929803 -0.278419
vn -0.240728 0.929803 -0.278419
vn -0.358403 0.929806 -0.083717
vn -0.358403 0.929806 -0.083717
vn -0.358403 0.929806 -0.083717
vn -0.358403 0.929806 -0.083717
vn -0.339163 0.929808 0.142919
vn -0.339163 0.929808 0.142919
vn -0.339163 0.929808 0.142919
vn -0.339163 0.929808 0.142919
vn -0.190374 0.929807 0.314987
vn -0.190374 0.929807 0.314987
vn -0.190374 0.929807 0.314987
vn -0.190374 0.929807 0.314987
vn 0.031125 0.929816 0.366706
vn 0.031125 0.929816 0.366706
vn 0.031125 0.929816 0.366706
vn 0.031125 0.929816 0.366706
vn 0.240739 0.929810 0.278384
vn 0.240739 0.929810 0.278384
vn 0.240739 0.929810 0.278384
vn 0.240739 0.929810 0.278384
vn 0.358390 0.929810 0.083726
vn 0.358390 0.929810 0.083726
vn 0.358390 0.929810 0.083726
vn 0.358390 0.929810 0.083726
vn 0.339154 0.929811 -0.142923
vn 0.339154 0.929811 -0.142923
vn 0.339154 0.929811 -0.142923
vn 0.339154 0.929811 -0.142923
vn 0.190365 0.929812 -0.314978
vn 0.190365 0.929812 -0.314978
vn 0.190365 0.929812 -0.314978
vn 0.190365 0.929812 -0.314978
vn 0.117284 -0.012778 0.993016
vn 0.117284 -0.012778 0.993016
vn -0.513240 -0.015885 0.858098
vn -0.513241 -0.015885 0.858098
vn -0.922594 -0.004092 0.385751
vn -0.922594 -0.004092 0.385751
vn -0.984706 0.029962 -0.171629
vn -0.984706 0.029962 -0.171629
vn -0.997154 0.022134 -0.072075
vn -0.867825 -0.163981 0.469031
vn -0.867825 -0.163981 0.469031
vn -0.590355 -0.172558 0.788483
vn -0.590355 -0.172558 0.788483
vn 0.164756 -0.007218 0.986308
vn 0.512646 -0.368797 0.775360
vn 0.437157 -0.370704 0.819434
vn 0.001535 -0.948947 0.315433
vn 0.025308 -0.952392 0.303825
vn -0.127645 -0.918375 0.374559
vn -0.127645 -0.918375 0.374559
vn -0.295008 -0.955316 0.018479
vn -0.303883 -0.952315 0.027413
vn -0.444862 -0.878068 0.176338
vn -0.444862 -0.878067 0.176338
vn -0.627947 -0.470198 -0.620158
vn -0.719821 -0.488543 -0.493136
s 1
g pCylinder28
usemtl lambert8SG
f 1051/1504/3155 1052/1505/3156 1062/1516/3157 1061/1515/3158
s 2
f 1052/1505/3159 1053/1506/3160 1063/1517/3161 1062/1516/3162
s 3
f 1053/1506/3163 1054/1507/3164 1064/1518/3165 1063/1517/3166
s 4
f 1054/1507/3167 1055/1508/3168 1065/1519/3169 1064/1518/3170
s 5
f 1055/1508/3171 1056/1509/3172 1066/1520/3173 1065/1519/3174
s 6
f 1056/1509/3175 1057/1510/3176 1067/1521/3177 1066/1520/3178
s 7
f 1057/1510/3179 1058/1511/3180 1068/1522/3181 1067/1521/3182
s 8
f 1058/1511/3183 1059/1512/3184 1069/1523/3185 1068/1522/3186
s 9
f 1059/1512/3187 1060/1513/3188 1070/1524/3189 1069/1523/3190
s 10
f 1060/1513/3191 1051/1514/3192 1061/1525/3193 1070/1524/3194
s 1
f 1061/1515/3158 1062/1516/3157 1072/1527/3195 1071/1526/3196
s 2
f 1062/1516/3162 1063/1517/3161 1073/1528/3197 1072/1527/3198
s 3
f 1063/1517/3166 1064/1518/3165 1074/1529/3199 1073/1528/3200
s 4
f 1064/1518/3170 1065/1519/3169 1075/1530/3201 1074/1529/3202
s 5
f 1065/1519/3174 1066/1520/3173 1076/1531/3203 1075/1530/3204
s 6
f 1066/1520/3178 1067/1521/3177 1077/1532/3205 1076/1531/3206
s 7
f 1067/1521/3182 1068/1522/3181 1078/1533/3207 1077/1532/3208
s 8
f 1068/1522/3186 1069/1523/3185 1079/1534/3209 1078/1533/3210
s 9
f 1069/1523/3190 1070/1524/3189 1080/1535/3211 1079/1534/3212
s 10
f 1070/1524/3194 1061/1525/3193 1071/1536/3213 1080/1535/3214
s 1
f 1071/1526/3196 1072/1527/3195 1082/1538/3215 1081/1537/3216
s 2
f 1072/1527/3198 1073/1528/3197 1083/1539/3217 1082/1538/3218
s 3
f 1073/1528/3200 1074/1529/3199 1084/1540/3219 1083/1539/3220
s 4
f 1074/1529/3202 1075/1530/3201 1085/1541/3221 1084/1540/3222
s 5
f 1075/1530/3204 1076/1531/3203 1086/1542/3223 1085/1541/3224
s 6
f 1076/1531/3206 1077/1532/3205 1087/1543/3225 1086/1542/3226
s 7
f 1077/1532/3208 1078/1533/3207 1088/1544/3227 1087/1543/3228
s 8
f 1078/1533/3210 1079/1534/3209 1089/1545/3229 1088/1544/3230
s 9
f 1079/1534/3212 1080/1535/3211 1090/1546/3231 1089/1545/3232
s 10
f 1080/1535/3214 1071/1536/3213 1081/1547/3233 1090/1546/3234
s 11
f 1052/1495/3235 1051/1494/3236 1091/1558/3237
f 1053/1496/3238 1052/1495/3235 1091/1558/3237
f 1054/1497/3239 1053/1496/3238 1091/1558/3237
f 1055/1498/3240 1054/1497/3239 1091/1558/3237
f 1056/1499/3241 1055/1498/3240 1091/1558/3237
f 1057/1500/3242 1056/1499/3241 1091/1558/3237
f 1058/1501/3243 1057/1500/3242 1091/1558/3237
f 1059/1502/3244 1058/1501/3243 1091/1558/3237
f 1060/1503/3245 1059/1502/3244 1091/1558/3237
f 1051/1494/3236 1060/1503/3245 1091/1558/3237
s 12
f 1102/1570/3246 1103/1571/3247 1104/1559/3248
f 1103/1571/3247 1105/1572/3249 1104/1559/3248
f 1105/1572/3249 1106/1573/3250 1104/1559/3248
f 1106/1573/3250 1107/1574/3251 1104/1559/3248
f 1107/1574/3251 1108/1575/3252 1104/1559/3248
f 1108/1575/3252 1109/1576/3253 1104/1559/3248
f 1109/1576/3253 1110/1577/3254 1104/1559/3248
f 1110/1577/3254 1111/1578/3255 1104/1559/3248
f 1111/1578/3255 1112/1579/3256 1104/1559/3248
f 1112/1579/3256 1102/1570/3246 1104/1559/3248
s off
f 1081/1556/3257 1082/1555/3258 1093/1561/3259 1092/1560/3260
f 1082/1555/3261 1083/1554/3262 1094/1562/3263 1093/1561/3264
f 1083/1554/3265 1084/1553/3266 1095/1563/3267 1094/1562/3268
f 1084/1553/3269 1085/1552/3270 1096/1564/3271 1095/1563/3272
f 1085/1552/3273 1086/1551/3274 1097/1565/3275 1096/1564/3276
f 1086/1551/3277 1087/1550/3278 1098/1566/3279 1097/1565/3280
f 1087/1550/3281 1088/1549/3282 1099/1567/3283 1098/1566/3284
f 1088/1549/3285 1089/1548/3286 1100/1568/3287 1099/1567/3288
f 1089/1548/3289 1090/1557/3290 1101/1569/3291 1100/1568/3292
f 1090/1557/3293 1081/1556/3294 1092/1560/3295 1101/1569/3296
f 1092/1560/3297 1093/1561/3298 1103/1571/3299 1102/1570/3300
f 1093/1561/3301 1094/1562/3302 1105/1572/3303 1103/1571/3304
f 1094/1562/3305 1095/1563/3306 1106/1573/3307 1105/1572/3308
f 1095/1563/3309 1096/1564/3310 1107/1574/3311 1106/1573/3312
f 1096/1564/3313 1097/1565/3314 1108/1575/3315 1107/1574/3316
f 1097/1565/3317 1098/1566/3318 1109/1576/3319 1108/1575/3320
f 1098/1566/3321 1099/1567/3322 1110/1577/3323 1109/1576/3324
f 1099/1567/3325 1100/1568/3326 1111/1578/3327 1110/1577/3328
f 1100/1568/3329 1101/1569/3330 1112/1579/3331 1111/1578/3332
f 1101/1569/3333 1092/1560/3334 1102/1570/3335 1112/1579/3336
f 1113/1580/3337 1114/1581/3338 1124/1582/3339 1123/1583/3340
f 1114/1581/3341 1115/1584/3342 1125/1585/3343 1124/1582/3344
s 13
f 1115/1584/3345 1116/1586/3346 1172/1587/3347 1125/1585/3348
s 14
f 1116/1586/3349 1117/1588/3350 1171/1589/3351 1172/1587/3352
s 15
f 1117/1588/3353 1118/1590/3354 1170/1591/3355 1171/1589/3356
s 16
f 1118/1590/3357 1119/1592/3358 1129/1593/3359 1170/1591/3360
s off
f 1119/1592/3361 1120/1594/3362 1130/1595/3363 1129/1593/3364
f 1120/1594/3365 1121/1596/3366 1131/1597/3367 1130/1595/3368
f 1121/1596/3369 1122/1598/3370 1132/1599/3371 1131/1597/3372
f 1122/1598/3373 1113/1600/3374 1123/1601/3375 1132/1599/3376
f 1123/1602/3377 1124/1603/3378 1134/1604/3379 1133/1605/3380
f 1124/1603/3381 1125/1606/3382 1135/1607/3383 1134/1604/3384
s 17
f 1125/1606/3385 1167/1608/3386 1166/1609/3387
s 18
f 1167/1608/3388 1168/1610/3389 1165/1611/3390 1166/1609/3391
s 19
f 1168/1610/3392 1169/1612/3393 1164/1613/3394 1165/1611/3395
s 20
f 1169/1612/3396 1129/1614/3397 1164/1613/3398
s off
f 1129/1614/3399 1130/1615/3400 1140/1616/3401 1139/1617/3402
f 1130/1615/3403 1131/1618/3404 1141/1619/3405 1140/1616/3406
f 1131/1618/3407 1132/1620/3408 1142/1621/3409 1141/1619/3410
f 1132/1620/3411 1123/1622/3412 1133/1623/3413 1142/1621/3414
s 21
f 1153/1624/3415 1154/1625/3416 1155/1626/3417
f 1154/1625/3416 1156/1627/3418 1155/1626/3417
f 1156/1627/3418 1157/1628/3419 1155/1626/3417
f 1157/1628/3419 1158/1629/3420 1155/1626/3417
f 1158/1629/3420 1159/1630/3421 1155/1626/3417
f 1159/1630/3421 1160/1631/3422 1155/1626/3417
f 1160/1631/3422 1161/1632/3423 1155/1626/3417
f 1161/1632/3423 1162/1633/3424 1155/1626/3417
f 1162/1633/3424 1163/1634/3425 1155/1626/3417
f 1163/1634/3425 1153/1624/3415 1155/1626/3417
s off
f 1133/1635/3426 1134/1636/3427 1144/1637/3428 1143/1638/3429
f 1134/1636/3430 1135/1639/3431 1145/1640/3432 1144/1637/3433
f 1135/1639/3434 1136/1641/3435 1146/1642/3436 1145/1640/3437
f 1136/1641/3438 1137/1643/3439 1147/1644/3440 1146/1642/3441
f 1137/1643/3442 1138/1645/3443 1148/1646/3444 1147/1644/3445
f 1138/1645/3446 1139/1647/3447 1149/1648/3448 1148/1646/3449
f 1139/1647/3450 1140/1649/3451 1150/1650/3452 1149/1648/3453
f 1140/1649/3454 1141/1651/3455 1151/1652/3456 1150/1650/3457
f 1141/1651/3458 1142/1653/3459 1152/1654/3460 1151/1652/3461
f 1142/1653/3462 1133/1635/3463 1143/1638/3464 1152/1654/3465
f 1143/1638/3466 1144/1637/3467 1154/1625/3468 1153/1624/3469
f 1144/1637/3470 1145/1640/3471 1156/1627/3472 1154/1625/3473
f 1145/1640/3474 1146/1642/3475 1157/1628/3476 1156/1627/3477
f 1146/1642/3478 1147/1644/3479 1158/1629/3480 1157/1628/3481
f 1147/1644/3482 1148/1646/3483 1159/1630/3484 1158/1629/3485
f 1148/1646/3486 1149/1648/3487 1160/1631/3488 1159/1630/3489
f 1149/1648/3490 1150/1650/3491 1161/1632/3492 1160/1631/3493
f 1150/1650/3494 1151/1652/3495 1162/1633/3496 1161/1632/3497
f 1151/1652/3498 1152/1654/3499 1163/1634/3500 1162/1633/3501
f 1152/1654/3502 1143/1638/3503 1153/1624/3504 1163/1634/3505
s 20
f 1164/1613/3398 1129/1614/3397 1139/1617/3506 1138/1655/3507
s 19
f 1165/1611/3395 1164/1613/3394 1138/1655/3508 1137/1656/3509
s 18
f 1166/1609/3391 1165/1611/3390 1137/1656/3510 1136/1657/3511
s 17
f 1125/1606/3385 1166/1609/3387 1136/1657/3512 1135/1607/3513
f 1125/1606/3385 1126/1658/3514 1167/1608/3386
s 18
f 1126/1658/3515 1127/1659/3516 1168/1610/3389 1167/1608/3388
s 19
f 1127/1659/3517 1128/1660/3518 1169/1612/3393 1168/1610/3392
s 20
f 1128/1660/3519 1129/1614/3397 1169/1612/3396
s 16
f 1175/1661/3520 1129/1593/3359 1128/1662/3521
s 15
f 1174/1663/3522 1175/1661/3523 1128/1662/3524 1127/1664/3525
s 14
f 1173/1665/3526 1174/1663/3527 1127/1664/3528 1126/1666/3529
s 13
f 1125/1585/3348 1173/1665/3530 1126/1666/3531
f 1125/1585/3348 1172/1587/3347 1173/1665/3530
s 14
f 1172/1587/3352 1171/1589/3351 1174/1663/3527 1173/1665/3526
s 15
f 1171/1589/3356 1170/1591/3355 1175/1661/3523 1174/1663/3522
s 16
f 1170/1591/3360 1129/1593/3359 1175/1661/3520
s off
f 1176/1667/3532 1177/1668/3533 1187/1669/3534 1186/1670/3535
f 1177/1668/3536 1178/1671/3537 1188/1672/3538 1187/1669/3539
s 22
f 1178/1671/3540 1179/1673/3541 1235/1674/3542 1188/1672/3543
s 23
f 1179/1673/3544 1180/1675/3545 1234/1676/3546 1235/1674/3547
s 24
f 1180/1675/3548 1181/1677/3549 1233/1678/3550 1234/1676/3551
s 25
f 1181/1677/3552 1182/1679/3553 1192/1680/3554 1233/1678/3555
s off
f 1182/1679/3556 1183/1681/3557 1193/1682/3558 1192/1680/3559
f 1183/1681/3560 1184/1683/3561 1194/1684/3562 1193/1682/3563
f 1184/1683/3564 1185/1685/3565 1195/1686/3566 1194/1684/3567
f 1185/1685/3568 1176/1687/3569 1186/1688/3570 1195/1686/3571
f 1186/1689/3572 1187/1690/3573 1197/1691/3574 1196/1692/3575
f 1187/1690/3576 1188/1693/3577 1198/1694/3578 1197/1691/3579
s 26
f 1188/1693/3580 1230/1695/3581 1229/1696/3582
s 27
f 1230/1695/3583 1231/1697/3584 1228/1698/3585 1229/1696/3586
s 28
f 1231/1697/3587 1232/1699/3588 1227/1700/3589 1228/1698/3590
s 29
f 1232/1699/3591 1192/1701/3592 1227/1700/3593
s off
f 1192/1701/3594 1193/1702/3595 1203/1703/3596 1202/1704/3597
f 1193/1702/3598 1194/1705/3599 1204/1706/3600 1203/1703/3601
f 1194/1705/3602 1195/1707/3603 1205/1708/3604 1204/1706/3605
f 1195/1707/3606 1186/1709/3607 1196/1710/3608 1205/1708/3609
s 30
f 1216/1711/3610 1217/1712/3611 1218/1713/3612
f 1217/1712/3611 1219/1714/3613 1218/1713/3612
f 1219/1714/3613 1220/1715/3614 1218/1713/3612
f 1220/1715/3614 1221/1716/3615 1218/1713/3612
f 1221/1716/3615 1222/1717/3616 1218/1713/3612
f 1222/1717/3616 1223/1718/3617 1218/1713/3612
f 1223/1718/3617 1224/1719/3618 1218/1713/3612
f 1224/1719/3618 1225/1720/3619 1218/1713/3612
f 1225/1720/3619 1226/1721/3620 1218/1713/3612
f 1226/1721/3620 1216/1711/3610 1218/1713/3612
s off
f 1196/1722/3621 1197/1723/3622 1207/1724/3623 1206/1725/3624
f 1197/1723/3625 1198/1726/3626 1208/1727/3627 1207/1724/3628
f 1198/1726/3629 1199/1728/3630 1209/1729/3631 1208/1727/3632
f 1199/1728/3633 1200/1730/3634 1210/1731/3635 1209/1729/3636
f 1200/1730/3637 1201/1732/3638 1211/1733/3639 1210/1731/3640
f 1201/1732/3641 1202/1734/3642 1212/1735/3643 1211/1733/3644
f 1202/1734/3645 1203/1736/3646 1213/1737/3647 1212/1735/3648
f 1203/1736/3649 1204/1738/3650 1214/1739/3651 1213/1737/3652
f 1204/1738/3653 1205/1740/3654 1215/1741/3655 1214/1739/3656
f 1205/1740/3657 1196/1722/3658 1206/1725/3659 1215/1741/3660
f 1206/1725/3661 1207/1724/3662 1217/1712/3663 1216/1711/3664
f 1207/1724/3665 1208/1727/3666 1219/1714/3667 1217/1712/3668
f 1208/1727/3669 1209/1729/3670 1220/1715/3671 1219/1714/3672
f 1209/1729/3673 1210/1731/3674 1221/1716/3675 1220/1715/3676
f 1210/1731/3677 1211/1733/3678 1222/1717/3679 1221/1716/3680
f 1211/1733/3681 1212/1735/3682 1223/1718/3683 1222/1717/3684
f 1212/1735/3685 1213/1737/3686 1224/1719/3687 1223/1718/3688
f 1213/1737/3689 1214/1739/3690 1225/1720/3691 1224/1719/3692
f 1214/1739/3693 1215/1741/3694 1226/1721/3695 1225/1720/3696
f 1215/1741/3697 1206/1725/3698 1216/1711/3699 1226/1721/3700
s 29
f 1227/1700/3593 1192/1701/3592 1202/1704/3701 1201/1742/3702
s 28
f 1228/1698/3590 1227/1700/3589 1201/1742/3703 1200/1743/3704
s 27
f 1229/1696/3586 1228/1698/3585 1200/1743/3705 1199/1744/3706
s 26
f 1188/1693/3580 1229/1696/3582 1199/1744/3707 1198/1694/3708
f 1188/1693/3580 1189/1745/3709 1230/1695/3581
s 27
f 1189/1745/3710 1190/1746/3711 1231/1697/3584 1230/1695/3583
s 28
f 1190/1746/3712 1191/1747/3713 1232/1699/3588 1231/1697/3587
s 29
f 1191/1747/3714 1192/1701/3592 1232/1699/3591
s 25
f 1238/1748/3715 1192/1680/3554 1191/1749/3716
s 24
f 1237/1750/3717 1238/1748/3718 1191/1749/3719 1190/1751/3720
s 23
f 1236/1752/3721 1237/1750/3722 1190/1751/3723 1189/1753/3724
s 22
f 1188/1672/3543 1236/1752/3725 1189/1753/3726
f 1188/1672/3543 1235/1674/3542 1236/1752/3725
s 23
f 1235/1674/3547 1234/1676/3546 1237/1750/3722 1236/1752/3721
s 24
f 1234/1676/3551 1233/1678/3550 1238/1748/3718 1237/1750/3717
s 25
f 1233/1678/3555 1192/1680/3554 1238/1748/3715
g default
v -1115.716371 2.744699 740.394887
v -1129.130415 -3.130007 743.161383
v -1128.224572 6.375468 734.721276
v -1123.446865 0.500762 736.888404
v -1137.420749 0.500762 744.871173
v -1138.326593 2.744699 753.311280
v -1125.676759 14.680889 742.461042
v -1136.860909 6.375468 739.654900
v -1123.446865 12.250174 736.888404
v -1137.420749 12.250174 744.871173
v -1115.904968 5.841953 741.507835
v -1124.912549 -3.130007 750.544784
v -1117.182055 6.375468 754.051267
v -1116.622215 0.500762 748.834994
v -1130.596099 0.500762 756.817763
v -1137.711897 6.558891 752.960127
v -1121.458893 14.680889 749.844442
v -1125.818392 6.375468 758.984891
v -1116.433618 12.022189 747.722046
v -1131.210795 10.695674 757.168916
vt 1.000000 0.431743
vt 0.250000 0.136446
vt 0.191930 0.548443
vt 0.125000 0.347549
vt 0.375000 0.347549
vt 0.500000 0.431743
vt 0.250000 0.899086
vt 0.308070 0.548443
vt 0.125000 0.732372
vt 0.375000 0.732372
vt 1.000000 0.659117
vt 0.750000 0.136446
vt 0.808070 0.548443
vt 0.875000 0.347549
vt 0.625000 0.347549
vt 0.500000 0.659117
vt 0.750000 0.899086
vt 0.691930 0.548443
vt 0.875000 0.732372
vt 0.625000 0.732372
vt 1.250000 0.899086
vt 1.125000 0.732372
vt 1.250000 0.136446
vt 1.125000 0.347549
vt 1.191930 0.548443
vn 0.553919 0.759948 -0.340078
vn 0.553919 0.759948 -0.340078
vn 0.553919 0.759948 -0.340078
vn 0.553919 0.759948 -0.340078
vn 0.553919 0.759948 -0.340078
vn 0.393443 0.605052 0.692181
vn 0.393443 0.605052 0.692181
vn 0.393443 0.605052 0.692181
vn 0.393443 0.605052 0.692181
vn 0.393443 0.605052 0.692181
vn -0.326063 0.912224 0.248055
vn -0.326063 0.912224 0.248055
vn -0.326063 0.912224 0.248055
vn -0.326063 0.912224 0.248055
vn -0.326063 0.912224 0.248055
vn -0.370708 0.664433 -0.648926
vn -0.370708 0.664433 -0.648926
vn -0.370708 0.664433 -0.648926
vn -0.370708 0.664433 -0.648926
vn -0.370708 0.664433 -0.648926
vn 0.357121 -0.911507 -0.204010
vn 0.357121 -0.911507 -0.204010
vn 0.357121 -0.911507 -0.204010
vn 0.357121 -0.911507 -0.204010
vn 0.357121 -0.911507 -0.204010
vn -0.357121 -0.911507 0.204010
vn -0.357121 -0.911507 0.204010
vn -0.357121 -0.911507 0.204010
vn -0.357121 -0.911507 0.204010
vn -0.357121 -0.911507 0.204010
vn 0.994649 -0.002065 0.103290
vn 0.994649 -0.002065 0.103290
vn 0.994649 -0.002065 0.103290
vn 0.994649 -0.002065 0.103290
vn 0.994649 -0.002065 0.103290
vn 0.461475 0.048530 -0.885825
vn 0.461475 0.048530 -0.885825
vn 0.461475 0.048530 -0.885825
vn 0.461475 0.048530 -0.885825
vn 0.461475 0.048530 -0.885825
vn -0.401837 -0.586285 -0.703418
vn -0.401837 -0.586285 -0.703418
vn -0.401837 -0.586285 -0.703418
vn -0.401837 -0.586285 -0.703418
vn -0.401837 -0.586285 -0.703418
vn -0.996617 0.025638 -0.078088
vn -0.996617 0.025638 -0.078089
vn -0.996617 0.025638 -0.078088
vn -0.996617 0.025638 -0.078089
vn -0.996617 0.025638 -0.078088
vn 0.401837 -0.586285 0.703418
vn 0.401837 -0.586285 0.703418
vn 0.401837 -0.586285 0.703418
vn 0.401837 -0.586285 0.703418
vn 0.401837 -0.586285 0.703418
vn -0.437990 -0.017797 0.898804
vn -0.437990 -0.017797 0.898804
vn -0.437990 -0.017797 0.898804
vn -0.437990 -0.017797 0.898804
vn -0.437990 -0.017797 0.898804
s off
g pPlatonic9
usemtl lambert7SG
f 1245/1774/3727 1255/1770/3728 1257/1772/3729 1249/1764/3730 1247/1775/3731
f 1256/1771/3732 1251/1766/3733 1257/1772/3734 1255/1770/3735 1258/1773/3736
f 1254/1769/3737 1258/1773/3738 1255/1770/3739 1245/1760/3740 1248/1763/3741
f 1241/1756/3742 1246/1761/3743 1248/1763/3744 1245/1760/3745 1247/1762/3746
f 1250/1765/3747 1240/1776/3748 1242/1777/3749 1239/1754/3750 1252/1767/3751
f 1240/1755/3752 1250/1765/3753 1253/1768/3754 1244/1759/3755 1243/1758/3756
f 1252/1767/3757 1239/1754/3758 1249/1764/3759 1257/1772/3760 1251/1766/3761
f 1239/1754/3762 1242/1777/3763 1241/1778/3764 1247/1775/3765 1249/1764/3766
f 1240/1755/3767 1243/1758/3768 1246/1761/3769 1241/1756/3770 1242/1757/3771
f 1243/1758/3772 1244/1759/3773 1254/1769/3774 1248/1763/3775 1246/1761/3776
f 1250/1765/3777 1252/1767/3778 1251/1766/3779 1256/1771/3780 1253/1768/3781
f 1244/1759/3782 1253/1768/3783 1256/1771/3784 1258/1773/3785 1254/1769/3786
g default
v -722.113217 -7.362584 1077.203901
v -725.383638 -7.362584 1075.639980
v -728.948719 -7.362584 1076.297072
v -731.446572 -7.362584 1078.924174
v -731.923297 -7.362584 1082.517741
v -730.196757 -7.362584 1085.705252
v -726.926441 -7.362584 1087.269210
v -723.361271 -7.362584 1086.612117
v -720.863330 -7.362584 1083.985014
v -720.386659 -7.362584 1080.391377
v -720.876374 16.589893 1075.903157
v -725.147557 16.589893 1073.860697
v -729.803613 16.589893 1074.718848
v -733.065915 16.589893 1078.149852
v -733.688595 16.589893 1082.843106
v -731.433617 16.589893 1087.006032
v -727.162505 16.589893 1089.048457
v -722.506449 16.589893 1088.190307
v -719.243987 16.589893 1084.759335
v -718.621467 16.589893 1080.066048
v -720.651218 40.542374 1075.666306
v -725.104625 40.542374 1073.536730
v -729.959245 40.542374 1074.431494
v -733.360774 40.542374 1078.008836
v -734.009958 40.542374 1082.902326
v -731.658790 40.542374 1087.242918
v -727.205437 40.542374 1089.372424
v -722.350817 40.542374 1088.477661
v -718.949234 40.542374 1084.900388
v -718.300087 40.542374 1080.006793
v -721.607698 61.633681 1076.672260
v -725.287130 61.633681 1074.912731
v -729.298036 61.633681 1075.651988
v -732.108448 61.633681 1078.607677
v -732.644778 61.633681 1082.650719
v -730.702276 61.633681 1086.236894
v -727.022772 61.633681 1087.996457
v -723.011866 61.633681 1087.257200
v -720.201525 61.633681 1084.301477
v -719.665178 61.633681 1080.258399
v -726.155022 -7.362584 1081.454559
v -723.061530 66.119174 1078.201209
v -725.564594 66.119174 1077.004255
v -728.293219 66.119174 1077.507165
v -730.205074 66.119174 1079.517889
v -730.569941 66.119174 1082.268329
v -729.248461 66.119174 1084.707980
v -726.745397 66.119174 1085.904933
v -724.016772 66.119174 1085.402023
v -722.104917 66.119174 1083.391300
v -721.740032 66.119174 1080.640824
v -724.825362 67.142262 1080.056197
v -725.901189 67.142262 1079.541737
v -726.155022 67.142262 1081.454559
v -727.074019 67.142262 1079.757903
v -727.895812 67.142262 1080.622148
v -728.052643 67.142262 1081.804345
v -727.484629 67.142262 1082.852992
v -726.408730 67.142262 1083.367486
v -725.235900 67.142262 1083.151321
v -724.414178 67.142262 1082.287041
v -724.257330 67.142262 1081.104809
v -725.267661 37.099107 1084.197811
v -724.894518 34.195969 1086.273801
v -724.905953 30.607494 1086.275921
v -725.297507 27.704359 1084.203337
v -725.919668 26.595456 1080.847643
v -726.534678 27.704359 1077.490659
v -726.907821 30.607494 1075.414669
v -726.896386 34.195969 1075.412549
v -726.504867 37.099107 1077.485204
v -725.882760 38.208009 1080.840828
v -704.540931 36.434968 1080.377602
v -701.279526 33.895582 1081.921226
v -697.837011 30.678117 1080.449381
v -696.756503 29.064013 1078.942823
v -697.060134 28.733475 1075.528474
v -697.993674 28.964052 1072.230145
v -700.167116 30.859386 1071.384483
v -704.776649 33.709925 1071.335550
v -705.778102 36.434968 1073.664924
v -705.688064 37.404924 1077.118686
v -704.295088 51.851097 1079.333914
v -701.565792 51.851097 1080.639046
v -698.590755 51.851097 1080.090700
v -696.506021 51.851097 1077.898301
v -696.108239 51.851097 1074.899369
v -697.549060 51.851097 1072.239283
v -700.278356 51.851097 1070.934152
v -703.253393 51.851097 1071.482497
v -705.338126 51.851097 1073.674897
v -705.735943 51.851097 1076.673900
v -703.216662 54.984665 1078.199776
v -701.359954 54.984665 1079.087681
v -699.336047 54.984665 1078.714645
v -697.917951 54.984665 1077.223151
v -697.647288 54.984665 1075.183045
v -698.627557 54.984665 1073.373387
v -700.484122 54.984665 1072.485551
v -702.508064 54.984665 1072.858658
v -703.926268 54.984665 1074.350012
v -704.196894 54.984665 1076.390224
v -701.908312 55.699388 1076.823871
v -701.110342 55.699388 1077.205527
v -700.922091 55.699388 1075.786634
v -700.240359 55.699388 1077.045138
v -699.630806 55.699388 1076.404040
v -699.514462 55.699388 1075.527155
v -699.935835 55.699388 1074.749326
v -700.733840 55.699388 1074.367742
v -701.603788 55.699388 1074.528060
v -702.213307 55.699388 1075.169086
v -702.329685 55.699388 1076.046042
v -697.900907 33.521532 1072.232155
v -696.223277 33.744746 1075.259050
v -696.698630 33.671292 1078.701776
v -696.722083 31.459620 1078.799476
v -696.238065 31.410366 1075.305487
v -697.942109 31.375605 1072.231285
v -702.102520 28.552945 1072.578309
v -701.348909 27.418850 1076.318924
v -701.138106 28.138595 1079.750458
v -698.664179 28.183065 1079.294428
v -698.960640 27.621806 1075.878754
v -700.217381 28.617936 1072.278021
v -727.876356 41.387931 1078.176053
v -728.226210 38.666149 1076.229719
v -728.215394 35.301845 1076.227784
v -727.848369 32.580063 1078.170903
v -727.264990 31.540430 1081.316971
v -726.688444 32.580063 1084.464219
v -726.338590 35.301845 1086.410553
v -726.349352 38.666149 1086.412559
v -726.716431 41.387931 1084.469369
v -727.299650 42.427564 1081.323334
v -747.308325 40.765276 1081.757642
v -750.365986 38.384528 1080.310393
v -753.593479 35.368055 1081.690298
v -754.606443 33.854779 1083.102796
v -754.321733 33.544892 1086.303847
v -753.446518 33.761061 1089.396112
v -751.408885 35.538000 1090.188925
v -747.087306 38.210469 1090.234814
v -746.148399 40.765276 1088.050958
v -746.232812 41.674644 1084.812989
v -747.538746 55.218391 1082.736151
v -750.097628 55.218391 1081.512490
v -752.886757 55.218391 1082.026676
v -754.841273 55.218391 1084.082031
v -755.214229 55.218391 1086.893625
v -753.863363 55.218391 1089.387539
v -751.304552 55.218391 1090.611165
v -748.515369 55.218391 1090.097050
v -746.560907 55.218391 1088.041625
v -746.187933 55.218391 1085.229994
v -748.549856 58.156208 1083.799400
v -750.290485 58.156208 1082.967022
v -752.187983 58.156208 1083.316735
v -753.517521 58.156208 1084.715025
v -753.771302 58.156208 1086.627740
v -752.852270 58.156208 1088.324326
v -751.111623 58.156208 1089.156668
v -749.214125 58.156208 1088.806955
v -747.884605 58.156208 1087.408701
v -747.630861 58.156208 1085.495879
v -749.776429 58.826282 1085.089346
v -750.524556 58.826282 1084.731629
v -750.701134 58.826282 1086.061828
v -751.340230 58.826282 1084.881879
v -751.911717 58.826282 1085.482904
v -752.020785 58.826282 1086.305030
v -751.625769 58.826282 1087.034345
v -750.877570 58.826282 1087.392097
v -750.061932 58.826282 1087.241740
v -749.490480 58.826282 1086.640787
v -749.381378 58.826282 1085.818589
v -753.533464 38.033846 1089.394283
v -755.106382 38.243113 1086.556380
v -754.660678 38.174245 1083.328722
v -754.638625 36.100736 1083.237176
v -755.092428 36.054561 1086.512933
v -753.494871 36.021971 1089.395077
v -749.594364 33.375637 1089.069696
v -750.300860 32.312389 1085.562772
v -750.498566 32.987168 1082.345632
v -752.817973 33.028861 1082.773117
v -752.539900 32.502661 1085.975487
v -751.361768 33.436567 1089.351268
vt 0.626409 0.064409
vt 0.548284 0.007647
vt 0.451716 0.007647
vt 0.373591 0.064409
vt 0.343750 0.156250
vt 0.373591 0.248091
vt 0.451716 0.304853
vt 0.548284 0.304853
vt 0.626409 0.248091
vt 0.656250 0.156250
vt 0.375000 0.312500
vt 0.400000 0.312500
vt 0.425000 0.312500
vt 0.450000 0.312500
vt 0.475000 0.312500
vt 0.500000 0.312500
vt 0.525000 0.312500
vt 0.550000 0.312500
vt 0.575000 0.312500
vt 0.600000 0.312500
vt 0.625000 0.312500
vt 0.375000 0.437500
vt 0.400000 0.437500
vt 0.425000 0.437500
vt 0.450000 0.437500
vt 0.475000 0.437500
vt 0.500000 0.437500
vt 0.525000 0.437500
vt 0.550000 0.437500
vt 0.575000 0.437500
vt 0.600000 0.437500
vt 0.625000 0.437500
vt 0.375000 0.562500
vt 0.400000 0.562500
vt 0.425000 0.562500
vt 0.450000 0.562500
vt 0.475000 0.562500
vt 0.500000 0.562500
vt 0.525000 0.562500
vt 0.550000 0.562500
vt 0.575000 0.562500
vt 0.600000 0.562500
vt 0.625000 0.562500
vt 0.375000 0.687500
vt 0.400000 0.687500
vt 0.425000 0.687500
vt 0.450000 0.687500
vt 0.475000 0.687500
vt 0.500000 0.687500
vt 0.525000 0.687500
vt 0.550000 0.687500
vt 0.575000 0.687500
vt 0.600000 0.687500
vt 0.625000 0.687500
vt 0.626409 0.751909
vt 0.548284 0.695147
vt 0.451716 0.695147
vt 0.373591 0.751909
vt 0.343750 0.843750
vt 0.373591 0.935591
vt 0.451716 0.992353
vt 0.548284 0.992353
vt 0.626409 0.935591
vt 0.656250 0.843750
vt 0.500000 0.156250
vt 0.500000 0.843750
vt 0.626409 0.935591
vt 0.548284 0.992353
vt 0.451716 0.992353
vt 0.373591 0.935591
vt 0.343750 0.843750
vt 0.373591 0.751909
vt 0.451716 0.695147
vt 0.548284 0.695147
vt 0.626409 0.751909
vt 0.656250 0.843750
vt 0.626409 0.935591
vt 0.548284 0.992353
vt 0.451716 0.992353
vt 0.373591 0.935591
vt 0.343750 0.843750
vt 0.373591 0.751909
vt 0.451716 0.695147
vt 0.548284 0.695147
vt 0.626409 0.751909
vt 0.656250 0.843750
vt 0.375000 0.312500
vt 0.400000 0.312500
vt 0.400000 0.687500
vt 0.375000 0.687500
vt 0.425000 0.312500
vt 0.425000 0.687500
vt 0.450000 0.312500
vt 0.450000 0.629930
vt 0.475000 0.312500
vt 0.475000 0.623183
vt 0.500000 0.312500
vt 0.500000 0.634472
vt 0.525000 0.312500
vt 0.525000 0.687500
vt 0.550000 0.312500
vt 0.550000 0.687500
vt 0.575000 0.312500
vt 0.575000 0.687500
vt 0.600000 0.312500
vt 0.600000 0.687500
vt 0.625000 0.312500
vt 0.625000 0.687500
vt 0.375000 0.562500
vt 0.400000 0.562500
vt 0.400000 0.687500
vt 0.375000 0.687500
vt 0.425000 0.562500
vt 0.425000 0.687500
vt 0.450000 0.575218
vt 0.450000 0.591346
vt 0.475000 0.577631
vt 0.475000 0.594214
vt 0.500000 0.572594
vt 0.500000 0.588564
vt 0.525000 0.562500
vt 0.550000 0.562500
vt 0.550000 0.687500
vt 0.525000 0.687500
vt 0.575000 0.562500
vt 0.575000 0.687500
vt 0.600000 0.562500
vt 0.600000 0.687500
vt 0.625000 0.562500
vt 0.625000 0.687500
vt 0.626409 0.935591
vt 0.548284 0.992353
vt 0.500000 0.843750
vt 0.451716 0.992353
vt 0.373591 0.935591
vt 0.343750 0.843750
vt 0.373591 0.751909
vt 0.451716 0.695147
vt 0.548284 0.695147
vt 0.626409 0.751909
vt 0.656250 0.843750
vt 0.626409 0.935591
vt 0.548284 0.992353
vt 0.548284 0.992353
vt 0.626409 0.935591
vt 0.451716 0.992353
vt 0.451716 0.992353
vt 0.373591 0.935591
vt 0.373591 0.935591
vt 0.343750 0.843750
vt 0.343750 0.843750
vt 0.373591 0.751909
vt 0.373591 0.751909
vt 0.451716 0.695147
vt 0.451716 0.695147
vt 0.548284 0.695147
vt 0.548284 0.695147
vt 0.626409 0.751909
vt 0.626409 0.751909
vt 0.656250 0.843750
vt 0.656250 0.843750
vt 0.500000 0.687500
vt 0.475000 0.687500
vt 0.450000 0.687500
vt 0.450000 0.562500
vt 0.475000 0.562500
vt 0.500000 0.562500
vt 0.500000 0.659131
vt 0.500000 0.687500
vt 0.475000 0.653382
vt 0.475000 0.687500
vt 0.450000 0.662436
vt 0.450000 0.687500
vt 0.375000 0.312500
vt 0.400000 0.312500
vt 0.400000 0.687500
vt 0.375000 0.687500
vt 0.425000 0.312500
vt 0.425000 0.687500
vt 0.450000 0.312500
vt 0.450000 0.629930
vt 0.475000 0.312500
vt 0.475000 0.623183
vt 0.500000 0.312500
vt 0.500000 0.634472
vt 0.525000 0.312500
vt 0.525000 0.687500
vt 0.550000 0.312500
vt 0.550000 0.687500
vt 0.575000 0.312500
vt 0.575000 0.687500
vt 0.600000 0.312500
vt 0.600000 0.687500
vt 0.625000 0.312500
vt 0.625000 0.687500
vt 0.375000 0.562500
vt 0.400000 0.562500
vt 0.400000 0.687500
vt 0.375000 0.687500
vt 0.425000 0.562500
vt 0.425000 0.687500
vt 0.450000 0.575218
vt 0.450000 0.591346
vt 0.475000 0.577631
vt 0.475000 0.594214
vt 0.500000 0.572594
vt 0.500000 0.588564
vt 0.525000 0.562500
vt 0.550000 0.562500
vt 0.550000 0.687500
vt 0.525000 0.687500
vt 0.575000 0.562500
vt 0.575000 0.687500
vt 0.600000 0.562500
vt 0.600000 0.687500
vt 0.625000 0.562500
vt 0.625000 0.687500
vt 0.626409 0.935591
vt 0.548284 0.992353
vt 0.500000 0.843750
vt 0.451716 0.992353
vt 0.373591 0.935591
vt 0.343750 0.843750
vt 0.373591 0.751909
vt 0.451716 0.695147
vt 0.548284 0.695147
vt 0.626409 0.751909
vt 0.656250 0.843750
vt 0.626409 0.935591
vt 0.548284 0.992353
vt 0.548284 0.992353
vt 0.626409 0.935591
vt 0.451716 0.992353
vt 0.451716 0.992353
vt 0.373591 0.935591
vt 0.373591 0.935591
vt 0.343750 0.843750
vt 0.343750 0.843750
vt 0.373591 0.751909
vt 0.373591 0.751909
vt 0.451716 0.695147
vt 0.451716 0.695147
vt 0.548284 0.695147
vt 0.548284 0.695147
vt 0.626409 0.751909
vt 0.626409 0.751909
vt 0.656250 0.843750
vt 0.656250 0.843750
vt 0.500000 0.687500
vt 0.475000 0.687500
vt 0.450000 0.687500
vt 0.450000 0.562500
vt 0.475000 0.562500
vt 0.500000 0.562500
vt 0.500000 0.659131
vt 0.500000 0.687500
vt 0.475000 0.653382
vt 0.475000 0.687500
vt 0.450000 0.662436
vt 0.450000 0.687500
vn 0.430316 -0.071088 -0.899875
vn 0.430316 -0.071088 -0.899875
vn 0.431064 -0.039718 -0.901447
vn 0.431064 -0.039718 -0.901447
vn -0.180797 -0.071085 -0.980948
vn -0.180797 -0.071085 -0.980948
vn -0.181115 -0.039716 -0.982660
vn -0.181115 -0.039716 -0.982660
vn -0.722870 -0.071092 -0.687317
vn -0.722870 -0.071092 -0.687317
vn -0.724127 -0.039720 -0.688522
vn -0.724127 -0.039720 -0.688522
vn -0.988806 -0.071093 -0.131184
vn -0.988806 -0.071093 -0.131184
vn -0.990532 -0.039719 -0.131414
vn -0.990532 -0.039719 -0.131414
vn -0.877062 -0.071096 0.475087
vn -0.877062 -0.071096 0.475087
vn -0.878594 -0.039720 0.475914
vn -0.878594 -0.039720 0.475914
vn -0.430331 -0.071087 0.899868
vn -0.430331 -0.071087 0.899868
vn -0.431071 -0.039718 0.901444
vn -0.431071 -0.039718 0.901444
vn 0.180798 -0.071085 0.980948
vn 0.180798 -0.071085 0.980948
vn 0.181112 -0.039716 0.982660
vn 0.181112 -0.039716 0.982660
vn 0.722852 -0.071086 0.687337
vn 0.722852 -0.071086 0.687337
vn 0.724111 -0.039718 0.688539
vn 0.724111 -0.039718 0.688539
vn 0.988809 -0.071091 0.131160
vn 0.988809 -0.071091 0.131160
vn 0.990535 -0.039719 0.131390
vn 0.990535 -0.039719 0.131390
vn 0.877065 -0.071089 -0.475083
vn 0.877065 -0.071089 -0.475083
vn 0.878597 -0.039718 -0.475910
vn 0.878597 -0.039718 -0.475910
vn 0.431308 0.020892 -0.901963
vn 0.431308 0.020892 -0.901963
vn -0.181217 0.020892 -0.983221
vn -0.181217 0.020892 -0.983221
vn -0.724535 0.020893 -0.688921
vn -0.724535 0.020893 -0.688921
vn -0.991098 0.020893 -0.131484
vn -0.991098 0.020893 -0.131484
vn -0.879099 0.020893 0.476181
vn -0.879099 0.020893 0.476181
vn -0.431311 0.020893 0.901961
vn -0.431311 0.020893 0.901961
vn 0.181217 0.020892 0.983221
vn 0.181217 0.020891 0.983221
vn 0.724527 0.020892 0.688930
vn 0.724527 0.020892 0.688930
vn 0.991100 0.020894 0.131471
vn 0.991100 0.020894 0.131471
vn 0.879098 0.020893 -0.476183
vn 0.879098 0.020893 -0.476183
vn 0.430560 0.062469 -0.900398
vn 0.430560 0.062469 -0.900398
vn -0.180899 0.062469 -0.981516
vn -0.180899 0.062469 -0.981516
vn -0.723277 0.062471 -0.687727
vn -0.723277 0.062471 -0.687727
vn -0.989379 0.062468 -0.131249
vn -0.989379 0.062468 -0.131249
vn -0.877575 0.062470 0.475351
vn -0.877575 0.062470 0.475351
vn -0.430568 0.062472 0.900394
vn -0.430568 0.062472 0.900394
vn 0.180906 0.062467 0.981515
vn 0.180906 0.062467 0.981515
vn 0.723275 0.062473 0.687729
vn 0.723275 0.062473 0.687729
vn 0.989379 0.062474 0.131249
vn 0.989379 0.062474 0.131249
vn 0.877571 0.062470 -0.475359
vn 0.877571 0.062470 -0.475359
vn 0.000000 -1.000000 0.000000
vn 0.000000 -1.000000 -0.000000
vn -0.000000 -1.000000 0.000000
vn 0.000000 -1.000000 0.000000
vn 0.000000 -1.000000 0.000000
vn 0.000000 -1.000000 0.000000
vn -0.000000 -1.000000 0.000000
vn -0.000000 -1.000000 0.000000
vn -0.000000 -1.000000 0.000000
vn 0.000000 -1.000000 -0.000000
vn 0.000000 -1.000000 -0.000000
vn -0.000003 1.000000 0.000005
vn -0.000001 1.000000 0.000003
vn -0.000001 1.000000 0.000001
vn -0.000001 1.000000 0.000003
vn 0.000000 1.000000 0.000000
vn 0.000000 1.000000 0.000000
vn -0.000001 1.000000 0.000001
vn -0.000001 1.000000 0.000003
vn -0.000001 1.000000 0.000001
vn 0.000003 1.000000 -0.000005
vn 0.000000 1.000000 -0.000000
vn 0.393795 0.408345 -0.823517
vn 0.393795 0.408345 -0.823517
vn 0.393795 0.408345 -0.823517
vn 0.393795 0.408345 -0.823517
vn -0.165447 0.408347 -0.897708
vn -0.165447 0.408347 -0.897708
vn -0.165447 0.408347 -0.897708
vn -0.165447 0.408347 -0.897708
vn -0.661524 0.408344 -0.629001
vn -0.661524 0.408344 -0.629001
vn -0.661524 0.408344 -0.629001
vn -0.661524 0.408344 -0.629001
vn -0.904893 0.408364 -0.120035
vn -0.904893 0.408364 -0.120035
vn -0.904893 0.408364 -0.120035
vn -0.904893 0.408364 -0.120035
vn -0.802645 0.408339 0.434764
vn -0.802645 0.408339 0.434764
vn -0.802645 0.408339 0.434764
vn -0.802645 0.408339 0.434764
vn -0.393804 0.408352 0.823509
vn -0.393804 0.408352 0.823509
vn -0.393804 0.408352 0.823509
vn -0.393804 0.408352 0.823509
vn 0.165456 0.408354 0.897703
vn 0.165456 0.408354 0.897703
vn 0.165456 0.408354 0.897703
vn 0.165456 0.408354 0.897703
vn 0.661525 0.408354 0.628992
vn 0.661525 0.408354 0.628992
vn 0.661525 0.408354 0.628992
vn 0.661525 0.408354 0.628992
vn 0.904901 0.408342 0.120044
vn 0.904901 0.408342 0.120044
vn 0.904901 0.408342 0.120044
vn 0.904901 0.408342 0.120044
vn 0.802636 0.408352 -0.434770
vn 0.802636 0.408352 -0.434770
vn 0.802636 0.408352 -0.434770
vn 0.802636 0.408352 -0.434770
vn 0.167143 0.921903 -0.349510
vn 0.167143 0.921903 -0.349510
vn 0.167143 0.921903 -0.349510
vn 0.167143 0.921903 -0.349510
vn -0.070229 0.921887 -0.381041
vn -0.070229 0.921887 -0.381041
vn -0.070229 0.921887 -0.381041
vn -0.070229 0.921887 -0.381041
vn -0.280780 0.921893 -0.266977
vn -0.280780 0.921893 -0.266977
vn -0.280780 0.921893 -0.266977
vn -0.280780 0.921893 -0.266977
vn -0.384068 0.921898 -0.050951
vn -0.384068 0.921898 -0.050951
vn -0.384068 0.921898 -0.050951
vn -0.384068 0.921898 -0.050951
vn -0.340673 0.921896 0.184526
vn -0.340673 0.921896 0.184526
vn -0.340673 0.921896 0.184526
vn -0.340673 0.921896 0.184526
vn -0.167142 0.921895 0.349532
vn -0.167142 0.921895 0.349532
vn -0.167142 0.921895 0.349532
vn -0.167142 0.921895 0.349532
vn 0.070227 0.921893 0.381026
vn 0.070227 0.921893 0.381026
vn 0.070227 0.921893 0.381026
vn 0.070227 0.921893 0.381026
vn 0.280771 0.921900 0.266962
vn 0.280770 0.921900 0.266962
vn 0.280771 0.921900 0.266962
vn 0.280770 0.921900 0.266962
vn 0.384070 0.921897 0.050957
vn 0.384070 0.921897 0.050957
vn 0.384070 0.921897 0.050957
vn 0.384070 0.921897 0.050957
vn 0.340669 0.921894 -0.184542
vn 0.340669 0.921894 -0.184542
vn 0.340669 0.921894 -0.184542
vn 0.340669 0.921894 -0.184542
vn 0.155610 0.616968 0.771451
vn 0.155610 0.616968 0.771451
vn 0.155610 0.616968 0.771451
vn 0.155610 0.616968 0.771451
vn 0.195177 -0.111980 0.974354
vn 0.195177 -0.111980 0.974354
vn 0.195177 -0.111980 0.974354
vn 0.195177 -0.111980 0.974354
vn 0.171070 -0.536799 0.826185
vn 0.171070 -0.536799 0.826185
vn 0.171053 -0.535867 0.826793
vn 0.177286 -0.533228 0.827186
vn 0.071236 -0.965277 0.251329
vn 0.071236 -0.965277 0.251329
vn 0.072403 -0.967090 0.243914
vn 0.072139 -0.966685 0.245595
vn -0.024636 -0.954585 -0.296920
vn -0.024636 -0.954585 -0.296920
vn -0.021679 -0.955043 -0.295673
vn -0.021646 -0.955048 -0.295659
vn -0.139091 -0.496182 -0.857005
vn -0.139091 -0.496182 -0.857005
vn -0.133523 -0.490003 -0.861434
vn -0.139056 -0.494849 -0.857781
vn -0.163001 -0.124137 -0.978785
vn -0.163001 -0.124137 -0.978785
vn -0.163001 -0.124137 -0.978785
vn -0.163001 -0.124137 -0.978785
vn -0.129047 0.602197 -0.787849
vn -0.129047 0.602197 -0.787849
vn -0.129047 0.602197 -0.787849
vn -0.129047 0.602197 -0.787849
vn -0.019164 0.956805 -0.290099
vn -0.019164 0.956805 -0.290099
vn -0.019164 0.956805 -0.290099
vn -0.019164 0.956805 -0.290099
vn 0.085521 0.956804 0.277871
vn 0.085521 0.956804 0.277871
vn 0.085521 0.956804 0.277871
vn 0.085521 0.956804 0.277871
vn -0.406676 0.063030 0.911396
vn -0.406676 0.063030 0.911396
vn -0.406676 0.063030 0.911396
vn -0.406676 0.063030 0.911396
vn 0.321827 0.048206 0.945571
vn 0.321826 0.048206 0.945571
vn 0.321826 0.048206 0.945571
vn 0.321826 0.048206 0.945571
vn 0.769614 0.028882 0.637856
vn 0.824340 0.018473 0.565793
vn 0.763019 0.029834 0.645688
vn 0.992474 -0.090894 0.082054
vn 0.992648 -0.085951 0.085218
vn 0.990895 -0.004087 0.134577
vn 0.990889 -0.004085 0.134617
vn 0.896263 -0.097821 -0.432601
vn 0.896883 -0.100813 -0.430625
vn 0.876703 -0.015884 -0.480770
vn 0.876738 -0.015884 -0.480705
vn 0.357054 -0.006802 -0.934059
vn 0.397355 -0.012233 -0.917583
vn 0.400853 -0.012691 -0.916054
vn -0.067683 -0.005293 -0.997693
vn -0.067683 -0.005293 -0.997693
vn -0.067683 -0.005293 -0.997693
vn -0.067683 -0.005293 -0.997693
vn -0.810587 0.050155 -0.583466
vn -0.810588 0.050155 -0.583466
vn -0.810588 0.050155 -0.583466
vn -0.810588 0.050155 -0.583466
vn -0.998697 0.012393 -0.049499
vn -0.998697 0.012393 -0.049499
vn -0.998697 0.012393 -0.049499
vn -0.998697 0.012393 -0.049499
vn -0.914349 0.026199 0.404078
vn -0.914349 0.026199 0.404078
vn -0.914349 0.026199 0.404078
vn -0.914349 0.026199 0.404078
vn -0.000001 1.000000 0.000002
vn -0.000001 1.000000 0.000002
vn -0.000000 1.000000 0.000000
vn 0.000000 1.000000 0.000000
vn 0.000000 1.000000 0.000000
vn 0.000000 1.000000 0.000000
vn 0.000001 1.000000 -0.000002
vn 0.000001 1.000000 -0.000002
vn 0.000000 1.000000 0.000000
vn 0.000000 1.000000 0.000000
vn 0.000000 1.000000 0.000000
vn -0.389701 0.429045 0.814895
vn -0.389701 0.429045 0.814895
vn -0.389701 0.429045 0.814895
vn -0.389701 0.429045 0.814895
vn 0.163732 0.429042 0.888322
vn 0.163732 0.429042 0.888321
vn 0.163732 0.429042 0.888322
vn 0.163732 0.429042 0.888322
vn 0.654603 0.429044 0.622428
vn 0.654603 0.429044 0.622428
vn 0.654603 0.429044 0.622428
vn 0.654603 0.429044 0.622428
vn 0.895431 0.429063 0.118782
vn 0.895431 0.429063 0.118782
vn 0.895431 0.429063 0.118782
vn 0.895431 0.429063 0.118782
vn 0.794235 0.429070 -0.430220
vn 0.794235 0.429070 -0.430220
vn 0.794235 0.429070 -0.430220
vn 0.794235 0.429070 -0.430220
vn 0.389701 0.429046 -0.814894
vn 0.389701 0.429046 -0.814894
vn 0.389701 0.429046 -0.814894
vn 0.389701 0.429046 -0.814894
vn -0.163741 0.429039 -0.888321
vn -0.163741 0.429039 -0.888321
vn -0.163741 0.429039 -0.888321
vn -0.163741 0.429039 -0.888321
vn -0.654585 0.429036 -0.622453
vn -0.654585 0.429036 -0.622453
vn -0.654585 0.429036 -0.622453
vn -0.654585 0.429036 -0.622453
vn -0.895442 0.429040 -0.118777
vn -0.895442 0.429040 -0.118777
vn -0.895442 0.429040 -0.118777
vn -0.895442 0.429040 -0.118777
vn -0.794234 0.429061 0.430231
vn -0.794234 0.429061 0.430231
vn -0.794234 0.429061 0.430232
vn -0.794234 0.429061 0.430232
vn -0.158788 0.929808 0.332028
vn -0.158788 0.929808 0.332028
vn -0.158788 0.929808 0.332028
vn -0.158788 0.929808 0.332028
vn 0.066719 0.929809 0.361945
vn 0.066719 0.929809 0.361945
vn 0.066719 0.929809 0.361945
vn 0.066719 0.929809 0.361945
vn 0.266724 0.929808 0.253604
vn 0.266724 0.929808 0.253604
vn 0.266724 0.929808 0.253604
vn 0.266724 0.929808 0.253604
vn 0.364840 0.929811 0.048405
vn 0.364840 0.929811 0.048405
vn 0.364840 0.929811 0.048405
vn 0.364840 0.929811 0.048405
vn 0.323591 0.929819 -0.175288
vn 0.323591 0.929819 -0.175288
vn 0.323591 0.929819 -0.175288
vn 0.323591 0.929819 -0.175288
vn 0.158763 0.929816 -0.332019
vn 0.158763 0.929816 -0.332019
vn 0.158763 0.929816 -0.332019
vn 0.158763 0.929816 -0.332019
vn -0.066716 0.929801 -0.361966
vn -0.066716 0.929801 -0.361966
vn -0.066716 0.929801 -0.361966
vn -0.066716 0.929801 -0.361966
vn -0.266710 0.929808 -0.253622
vn -0.266710 0.929808 -0.253622
vn -0.266710 0.929808 -0.253622
vn -0.266710 0.929808 -0.253622
vn -0.364832 0.929815 -0.048397
vn -0.364832 0.929815 -0.048397
vn -0.364832 0.929815 -0.048397
vn -0.364832 0.929815 -0.048397
vn -0.323600 0.929815 0.175293
vn -0.323600 0.929815 0.175293
vn -0.323600 0.929815 0.175293
vn -0.323600 0.929815 0.175293
vn 0.401467 -0.012779 -0.915784
vn 0.401467 -0.012779 -0.915784
vn 0.876977 -0.015887 -0.480270
vn 0.876977 -0.015887 -0.480270
vn 0.990936 -0.004100 0.134269
vn 0.990936 -0.004100 0.134269
vn 0.762388 0.029962 0.646426
vn 0.762388 0.029962 0.646426
vn 0.823474 0.022020 0.566927
vn 0.985864 -0.163905 0.034754
vn 0.985864 -0.163905 0.034754
vn 0.908233 -0.172570 -0.381226
vn 0.908233 -0.172570 -0.381226
vn 0.357132 -0.007195 -0.934026
vn -0.049667 -0.368927 -0.928130
vn 0.037726 -0.370780 -0.927954
vn 0.158343 -0.948946 -0.272818
vn 0.131961 -0.952392 -0.274838
vn 0.299676 -0.918370 -0.258439
vn 0.299676 -0.918370 -0.258439
vn 0.263775 -0.955317 0.133386
vn 0.275960 -0.952314 0.130171
vn 0.472901 -0.878078 0.073095
vn 0.472901 -0.878078 0.073095
vn 0.227704 -0.470184 0.852689
vn 0.371158 -0.488555 0.789656
vn -0.155606 0.616993 -0.771432
vn -0.155606 0.616993 -0.771432
vn -0.155606 0.616993 -0.771432
vn -0.155606 0.616993 -0.771432
vn -0.195175 -0.112011 -0.974351
vn -0.195175 -0.112011 -0.974351
vn -0.195175 -0.112011 -0.974351
vn -0.195175 -0.112011 -0.974351
vn -0.171069 -0.536806 -0.826181
vn -0.171069 -0.536806 -0.826181
vn -0.171051 -0.535875 -0.826789
vn -0.177284 -0.533235 -0.827182
vn -0.071235 -0.965278 -0.251326
vn -0.071235 -0.965278 -0.251326
vn -0.072402 -0.967091 -0.243910
vn -0.072138 -0.966686 -0.245591
vn 0.024636 -0.954583 0.296924
vn 0.024636 -0.954583 0.296924
vn 0.021680 -0.955042 0.295678
vn 0.021648 -0.955047 0.295664
vn 0.139090 -0.496195 0.856997
vn 0.139090 -0.496195 0.856997
vn 0.133523 -0.490009 0.861430
vn 0.139055 -0.494860 0.857774
vn 0.162998 -0.124145 0.978785
vn 0.162998 -0.124145 0.978785
vn 0.162998 -0.124145 0.978785
vn 0.162998 -0.124145 0.978785
vn 0.129041 0.602220 0.787832
vn 0.129041 0.602220 0.787832
vn 0.129041 0.602220 0.787832
vn 0.129041 0.602220 0.787832
vn 0.019165 0.956803 0.290106
vn 0.019165 0.956803 0.290106
vn 0.019165 0.956803 0.290106
vn 0.019165 0.956803 0.290106
vn -0.085522 0.956805 -0.277869
vn -0.085522 0.956805 -0.277869
vn -0.085522 0.956805 -0.277869
vn -0.085522 0.956805 -0.277869
vn 0.406699 0.063030 -0.911385
vn 0.406699 0.063030 -0.911385
vn 0.406699 0.063030 -0.911385
vn 0.406699 0.063030 -0.911385
vn -0.321841 0.048211 -0.945565
vn -0.321841 0.048211 -0.945566
vn -0.321841 0.048211 -0.945565
vn -0.321841 0.048211 -0.945565
vn -0.769614 0.028890 -0.637856
vn -0.824384 0.018497 -0.565728
vn -0.763013 0.029834 -0.645694
vn -0.992470 -0.090943 -0.082055
vn -0.992644 -0.085999 -0.085219
vn -0.990892 -0.004082 -0.134595
vn -0.990887 -0.004081 -0.134634
vn -0.896269 -0.097804 0.432592
vn -0.896889 -0.100797 0.430616
vn -0.876698 -0.015879 0.480779
vn -0.876733 -0.015880 0.480715
vn -0.357065 -0.006812 0.934055
vn -0.397357 -0.012233 0.917583
vn -0.400855 -0.012690 0.916054
vn 0.067693 -0.005294 0.997692
vn 0.067693 -0.005294 0.997692
vn 0.067693 -0.005294 0.997692
vn 0.067693 -0.005294 0.997692
vn 0.810590 0.050147 0.583463
vn 0.810590 0.050147 0.583463
vn 0.810590 0.050147 0.583463
vn 0.810590 0.050147 0.583463
vn 0.998697 0.012395 0.049501
vn 0.998697 0.012395 0.049501
vn 0.998697 0.012395 0.049501
vn 0.998697 0.012395 0.049501
vn 0.914343 0.026199 -0.404092
vn 0.914343 0.026199 -0.404092
vn 0.914343 0.026199 -0.404092
vn 0.914343 0.026199 -0.404092
vn 0.000000 1.000000 0.000000
vn -0.000001 1.000000 0.000003
vn 0.000000 1.000000 -0.000000
vn 0.000001 1.000000 -0.000003
vn 0.000003 1.000000 -0.000005
vn 0.000000 1.000000 0.000000
vn 0.000000 1.000000 0.000000
vn 0.000001 1.000000 -0.000003
vn -0.000001 1.000000 0.000003
vn -0.000003 1.000000 0.000005
vn 0.000000 1.000000 0.000000
vn 0.389678 0.429053 -0.814902
vn 0.389678 0.429053 -0.814902
vn 0.389678 0.429053 -0.814902
vn 0.389678 0.429053 -0.814902
vn -0.163732 0.429053 -0.888316
vn -0.163732 0.429053 -0.888316
vn -0.163732 0.429053 -0.888316
vn -0.163732 0.429053 -0.888316
vn -0.654584 0.429056 -0.622440
vn -0.654584 0.429056 -0.622440
vn -0.654584 0.429056 -0.622440
vn -0.654584 0.429056 -0.622440
vn -0.895429 0.429063 -0.118791
vn -0.895429 0.429063 -0.118791
vn -0.895429 0.429063 -0.118791
vn -0.895429 0.429063 -0.118791
vn -0.794258 0.429023 0.430225
vn -0.794258 0.429023 0.430225
vn -0.794258 0.429023 0.430226
vn -0.794258 0.429023 0.430225
vn -0.389677 0.429059 0.814899
vn -0.389677 0.429059 0.814899
vn -0.389677 0.429059 0.814899
vn -0.389677 0.429059 0.814899
vn 0.163746 0.429032 0.888324
vn 0.163746 0.429032 0.888324
vn 0.163746 0.429032 0.888324
vn 0.163746 0.429032 0.888324
vn 0.654592 0.429046 0.622439
vn 0.654591 0.429046 0.622439
vn 0.654591 0.429046 0.622439
vn 0.654592 0.429046 0.622439
vn 0.895446 0.429030 0.118787
vn 0.895446 0.429030 0.118787
vn 0.895446 0.429030 0.118787
vn 0.895446 0.429030 0.118787
vn 0.794245 0.429049 -0.430223
vn 0.794245 0.429049 -0.430223
vn 0.794245 0.429049 -0.430223
vn 0.794245 0.429049 -0.430223
vn 0.158753 0.929820 -0.332013
vn 0.158753 0.929820 -0.332013
vn 0.158753 0.929820 -0.332013
vn 0.158753 0.929820 -0.332013
vn -0.066691 0.929802 -0.361966
vn -0.066691 0.929802 -0.361966
vn -0.066691 0.929802 -0.361966
vn -0.066691 0.929802 -0.361966
vn -0.266728 0.929806 -0.253609
vn -0.266728 0.929806 -0.253609
vn -0.266728 0.929806 -0.253609
vn -0.266728 0.929806 -0.253609
vn -0.364848 0.929808 -0.048410
vn -0.364848 0.929808 -0.048410
vn -0.364848 0.929808 -0.048410
vn -0.364848 0.929808 -0.048410
vn -0.323619 0.929807 0.175300
vn -0.323619 0.929807 0.175300
vn -0.323619 0.929807 0.175300
vn -0.323619 0.929807 0.175300
vn -0.158767 0.929816 0.332017
vn -0.158767 0.929816 0.332017
vn -0.158767 0.929816 0.332017
vn -0.158767 0.929816 0.332017
vn 0.066718 0.929810 0.361942
vn 0.066718 0.929810 0.361941
vn 0.066718 0.929810 0.361941
vn 0.066718 0.929810 0.361941
vn 0.266713 0.929810 0.253610
vn 0.266713 0.929810 0.253610
vn 0.266713 0.929810 0.253610
vn 0.266713 0.929810 0.253610
vn 0.364842 0.929811 0.048401
vn 0.364842 0.929811 0.048401
vn 0.364842 0.929811 0.048401
vn 0.364842 0.929811 0.048401
vn 0.323607 0.929812 -0.175296
vn 0.323607 0.929812 -0.175296
vn 0.323607 0.929812 -0.175296
vn 0.323607 0.929812 -0.175296
vn -0.401468 -0.012778 0.915784
vn -0.401468 -0.012778 0.915784
vn -0.876971 -0.015885 0.480281
vn -0.876971 -0.015885 0.480281
vn -0.990934 -0.004092 -0.134287
vn -0.990934 -0.004092 -0.134287
vn -0.762382 0.029962 -0.646434
vn -0.762382 0.029962 -0.646433
vn -0.823507 0.022134 -0.566874
vn -0.985852 -0.163981 -0.034741
vn -0.985852 -0.163981 -0.034741
vn -0.908241 -0.172558 0.381211
vn -0.908241 -0.172558 0.381211
vn -0.357132 -0.007218 0.934026
vn 0.049676 -0.368797 0.928182
vn -0.037738 -0.370704 0.927984
vn -0.158334 -0.948947 0.272820
vn -0.131955 -0.952392 0.274841
vn -0.299672 -0.918375 0.258427
vn -0.299672 -0.918375 0.258427
vn -0.263781 -0.955316 -0.133382
vn -0.275957 -0.952315 -0.130170
vn -0.472923 -0.878067 -0.073087
vn -0.472923 -0.878067 -0.073087
vn -0.227672 -0.470198 -0.852689
vn -0.371202 -0.488543 -0.789642
s 1
g pCylinder32
usemtl lambert8SG
f 1259/1789/3787 1260/1790/3788 1270/1801/3789 1269/1800/3790
s 2
f 1260/1790/3791 1261/1791/3792 1271/1802/3793 1270/1801/3794
s 3
f 1261/1791/3795 1262/1792/3796 1272/1803/3797 1271/1802/3798
s 4
f 1262/1792/3799 1263/1793/3800 1273/1804/3801 1272/1803/3802
s 5
f 1263/1793/3803 1264/1794/3804 1274/1805/3805 1273/1804/3806
s 6
f 1264/1794/3807 1265/1795/3808 1275/1806/3809 1274/1805/3810
s 7
f 1265/1795/3811 1266/1796/3812 1276/1807/3813 1275/1806/3814
s 8
f 1266/1796/3815 1267/1797/3816 1277/1808/3817 1276/1807/3818
s 9
f 1267/1797/3819 1268/1798/3820 1278/1809/3821 1277/1808/3822
s 10
f 1268/1798/3823 1259/1799/3824 1269/1810/3825 1278/1809/3826
s 1
f 1269/1800/3790 1270/1801/3789 1280/1812/3827 1279/1811/3828
s 2
f 1270/1801/3794 1271/1802/3793 1281/1813/3829 1280/1812/3830
s 3
f 1271/1802/3798 1272/1803/3797 1282/1814/3831 1281/1813/3832
s 4
f 1272/1803/3802 1273/1804/3801 1283/1815/3833 1282/1814/3834
s 5
f 1273/1804/3806 1274/1805/3805 1284/1816/3835 1283/1815/3836
s 6
f 1274/1805/3810 1275/1806/3809 1285/1817/3837 1284/1816/3838
s 7
f 1275/1806/3814 1276/1807/3813 1286/1818/3839 1285/1817/3840
s 8
f 1276/1807/3818 1277/1808/3817 1287/1819/3841 1286/1818/3842
s 9
f 1277/1808/3822 1278/1809/3821 1288/1820/3843 1287/1819/3844
s 10
f 1278/1809/3826 1269/1810/3825 1279/1821/3845 1288/1820/3846
s 1
f 1279/1811/3828 1280/1812/3827 1290/1823/3847 1289/1822/3848
s 2
f 1280/1812/3830 1281/1813/3829 1291/1824/3849 1290/1823/3850
s 3
f 1281/1813/3832 1282/1814/3831 1292/1825/3851 1291/1824/3852
s 4
f 1282/1814/3834 1283/1815/3833 1293/1826/3853 1292/1825/3854
s 5
f 1283/1815/3836 1284/1816/3835 1294/1827/3855 1293/1826/3856
s 6
f 1284/1816/3838 1285/1817/3837 1295/1828/3857 1294/1827/3858
s 7
f 1285/1817/3840 1286/1818/3839 1296/1829/3859 1295/1828/3860
s 8
f 1286/1818/3842 1287/1819/3841 1297/1830/3861 1296/1829/3862
s 9
f 1287/1819/3844 1288/1820/3843 1298/1831/3863 1297/1830/3864
s 10
f 1288/1820/3846 1279/1821/3845 1289/1832/3865 1298/1831/3866
s 11
f 1260/1780/3867 1259/1779/3868 1299/1843/3869
f 1261/1781/3870 1260/1780/3867 1299/1843/3869
f 1262/1782/3871 1261/1781/3870 1299/1843/3869
f 1263/1783/3872 1262/1782/3871 1299/1843/3869
f 1264/1784/3873 1263/1783/3872 1299/1843/3869
f 1265/1785/3874 1264/1784/3873 1299/1843/3869
f 1266/1786/3875 1265/1785/3874 1299/1843/3869
f 1267/1787/3876 1266/1786/3875 1299/1843/3869
f 1268/1788/3877 1267/1787/3876 1299/1843/3869
f 1259/1779/3868 1268/1788/3877 1299/1843/3869
s 12
f 1310/1855/3878 1311/1856/3879 1312/1844/3880
f 1311/1856/3879 1313/1857/3881 1312/1844/3880
f 1313/1857/3881 1314/1858/3882 1312/1844/3880
f 1314/1858/3882 1315/1859/3883 1312/1844/3880
f 1315/1859/3883 1316/1860/3884 1312/1844/3880
f 1316/1860/3884 1317/1861/3885 1312/1844/3880
f 1317/1861/3885 1318/1862/3886 1312/1844/3880
f 1318/1862/3886 1319/1863/3887 1312/1844/3880
f 1319/1863/3887 1320/1864/3888 1312/1844/3880
f 1320/1864/3888 1310/1855/3878 1312/1844/3880
s off
f 1289/1841/3889 1290/1840/3890 1301/1846/3891 1300/1845/3892
f 1290/1840/3893 1291/1839/3894 1302/1847/3895 1301/1846/3896
f 1291/1839/3897 1292/1838/3898 1303/1848/3899 1302/1847/3900
f 1292/1838/3901 1293/1837/3902 1304/1849/3903 1303/1848/3904
f 1293/1837/3905 1294/1836/3906 1305/1850/3907 1304/1849/3908
f 1294/1836/3909 1295/1835/3910 1306/1851/3911 1305/1850/3912
f 1295/1835/3913 1296/1834/3914 1307/1852/3915 1306/1851/3916
f 1296/1834/3917 1297/1833/3918 1308/1853/3919 1307/1852/3920
f 1297/1833/3921 1298/1842/3922 1309/1854/3923 1308/1853/3924
f 1298/1842/3925 1289/1841/3926 1300/1845/3927 1309/1854/3928
f 1300/1845/3929 1301/1846/3930 1311/1856/3931 1310/1855/3932
f 1301/1846/3933 1302/1847/3934 1313/1857/3935 1311/1856/3936
f 1302/1847/3937 1303/1848/3938 1314/1858/3939 1313/1857/3940
f 1303/1848/3941 1304/1849/3942 1315/1859/3943 1314/1858/3944
f 1304/1849/3945 1305/1850/3946 1316/1860/3947 1315/1859/3948
f 1305/1850/3949 1306/1851/3950 1317/1861/3951 1316/1860/3952
f 1306/1851/3953 1307/1852/3954 1318/1862/3955 1317/1861/3956
f 1307/1852/3957 1308/1853/3958 1319/1863/3959 1318/1862/3960
f 1308/1853/3961 1309/1854/3962 1320/1864/3963 1319/1863/3964
f 1309/1854/3965 1300/1845/3966 1310/1855/3967 1320/1864/3968
f 1321/1865/3969 1322/1866/3970 1332/1867/3971 1331/1868/3972
f 1322/1866/3973 1323/1869/3974 1333/1870/3975 1332/1867/3976
s 13
f 1323/1869/3977 1324/1871/3978 1380/1872/3979 1333/1870/3980
s 14
f 1324/1871/3981 1325/1873/3982 1379/1874/3983 1380/1872/3984
s 15
f 1325/1873/3985 1326/1875/3986 1378/1876/3987 1379/1874/3988
s 16
f 1326/1875/3989 1327/1877/3990 1337/1878/3991 1378/1876/3992
s off
f 1327/1877/3993 1328/1879/3994 1338/1880/3995 1337/1878/3996
f 1328/1879/3997 1329/1881/3998 1339/1882/3999 1338/1880/4000
f 1329/1881/4001 1330/1883/4002 1340/1884/4003 1339/1882/4004
f 1330/1883/4005 1321/1885/4006 1331/1886/4007 1340/1884/4008
f 1331/1887/4009 1332/1888/4010 1342/1889/4011 1341/1890/4012
f 1332/1888/4013 1333/1891/4014 1343/1892/4015 1342/1889/4016
s 17
f 1333/1891/4017 1375/1893/4018 1374/1894/4019
s 18
f 1375/1893/4020 1376/1895/4021 1373/1896/4022 1374/1894/4023
s 19
f 1376/1895/4024 1377/1897/4025 1372/1898/4026 1373/1896/4027
s 20
f 1377/1897/4028 1337/1899/4029 1372/1898/4030
s off
f 1337/1899/4031 1338/1900/4032 1348/1901/4033 1347/1902/4034
f 1338/1900/4035 1339/1903/4036 1349/1904/4037 1348/1901/4038
f 1339/1903/4039 1340/1905/4040 1350/1906/4041 1349/1904/4042
f 1340/1905/4043 1331/1907/4044 1341/1908/4045 1350/1906/4046
s 21
f 1361/1909/4047 1362/1910/4048 1363/1911/4049
f 1362/1910/4048 1364/1912/4050 1363/1911/4049
f 1364/1912/4050 1365/1913/4051 1363/1911/4049
f 1365/1913/4051 1366/1914/4052 1363/1911/4049
f 1366/1914/4052 1367/1915/4053 1363/1911/4049
f 1367/1915/4053 1368/1916/4054 1363/1911/4049
f 1368/1916/4054 1369/1917/4055 1363/1911/4049
f 1369/1917/4055 1370/1918/4056 1363/1911/4049
f 1370/1918/4056 1371/1919/4057 1363/1911/4049
f 1371/1919/4057 1361/1909/4047 1363/1911/4049
s off
f 1341/1920/4058 1342/1921/4059 1352/1922/4060 1351/1923/4061
f 1342/1921/4062 1343/1924/4063 1353/1925/4064 1352/1922/4065
f 1343/1924/4066 1344/1926/4067 1354/1927/4068 1353/1925/4069
f 1344/1926/4070 1345/1928/4071 1355/1929/4072 1354/1927/4073
f 1345/1928/4074 1346/1930/4075 1356/1931/4076 1355/1929/4077
f 1346/1930/4078 1347/1932/4079 1357/1933/4080 1356/1931/4081
f 1347/1932/4082 1348/1934/4083 1358/1935/4084 1357/1933/4085
f 1348/1934/4086 1349/1936/4087 1359/1937/4088 1358/1935/4089
f 1349/1936/4090 1350/1938/4091 1360/1939/4092 1359/1937/4093
f 1350/1938/4094 1341/1920/4095 1351/1923/4096 1360/1939/4097
f 1351/1923/4098 1352/1922/4099 1362/1910/4100 1361/1909/4101
f 1352/1922/4102 1353/1925/4103 1364/1912/4104 1362/1910/4105
f 1353/1925/4106 1354/1927/4107 1365/1913/4108 1364/1912/4109
f 1354/1927/4110 1355/1929/4111 1366/1914/4112 1365/1913/4113
f 1355/1929/4114 1356/1931/4115 1367/1915/4116 1366/1914/4117
f 1356/1931/4118 1357/1933/4119 1368/1916/4120 1367/1915/4121
f 1357/1933/4122 1358/1935/4123 1369/1917/4124 1368/1916/4125
f 1358/1935/4126 1359/1937/4127 1370/1918/4128 1369/1917/4129
f 1359/1937/4130 1360/1939/4131 1371/1919/4132 1370/1918/4133
f 1360/1939/4134 1351/1923/4135 1361/1909/4136 1371/1919/4137
s 20
f 1372/1898/4030 1337/1899/4029 1347/1902/4138 1346/1940/4139
s 19
f 1373/1896/4027 1372/1898/4026 1346/1940/4140 1345/1941/4141
s 18
f 1374/1894/4023 1373/1896/4022 1345/1941/4142 1344/1942/4143
s 17
f 1333/1891/4017 1374/1894/4019 1344/1942/4144 1343/1892/4145
f 1333/1891/4017 1334/1943/4146 1375/1893/4018
s 18
f 1334/1943/4147 1335/1944/4148 1376/1895/4021 1375/1893/4020
s 19
f 1335/1944/4149 1336/1945/4150 1377/1897/4025 1376/1895/4024
s 20
f 1336/1945/4151 1337/1899/4029 1377/1897/4028
s 16
f 1383/1946/4152 1337/1878/3991 1336/1947/4153
s 15
f 1382/1948/4154 1383/1946/4155 1336/1947/4156 1335/1949/4157
s 14
f 1381/1950/4158 1382/1948/4159 1335/1949/4160 1334/1951/4161
s 13
f 1333/1870/3980 1381/1950/4162 1334/1951/4163
f 1333/1870/3980 1380/1872/3979 1381/1950/4162
s 14
f 1380/1872/3984 1379/1874/3983 1382/1948/4159 1381/1950/4158
s 15
f 1379/1874/3988 1378/1876/3987 1383/1946/4155 1382/1948/4154
s 16
f 1378/1876/3992 1337/1878/3991 1383/1946/4152
s off
f 1384/1952/4164 1385/1953/4165 1395/1954/4166 1394/1955/4167
f 1385/1953/4168 1386/1956/4169 1396/1957/4170 1395/1954/4171
s 22
f 1386/1956/4172 1387/1958/4173 1443/1959/4174 1396/1957/4175
s 23
f 1387/1958/4176 1388/1960/4177 1442/1961/4178 1443/1959/4179
s 24
f 1388/1960/4180 1389/1962/4181 1441/1963/4182 1442/1961/4183
s 25
f 1389/1962/4184 1390/1964/4185 1400/1965/4186 1441/1963/4187
s off
f 1390/1964/4188 1391/1966/4189 1401/1967/4190 1400/1965/4191
f 1391/1966/4192 1392/1968/4193 1402/1969/4194 1401/1967/4195
f 1392/1968/4196 1393/1970/4197 1403/1971/4198 1402/1969/4199
f 1393/1970/4200 1384/1972/4201 1394/1973/4202 1403/1971/4203
f 1394/1974/4204 1395/1975/4205 1405/1976/4206 1404/1977/4207
f 1395/1975/4208 1396/1978/4209 1406/1979/4210 1405/1976/4211
s 26
f 1396/1978/4212 1438/1980/4213 1437/1981/4214
s 27
f 1438/1980/4215 1439/1982/4216 1436/1983/4217 1437/1981/4218
s 28
f 1439/1982/4219 1440/1984/4220 1435/1985/4221 1436/1983/4222
s 29
f 1440/1984/4223 1400/1986/4224 1435/1985/4225
s off
f 1400/1986/4226 1401/1987/4227 1411/1988/4228 1410/1989/4229
f 1401/1987/4230 1402/1990/4231 1412/1991/4232 1411/1988/4233
f 1402/1990/4234 1403/1992/4235 1413/1993/4236 1412/1991/4237
f 1403/1992/4238 1394/1994/4239 1404/1995/4240 1413/1993/4241
s 30
f 1424/1996/4242 1425/1997/4243 1426/1998/4244
f 1425/1997/4243 1427/1999/4245 1426/1998/4244
f 1427/1999/4245 1428/2000/4246 1426/1998/4244
f 1428/2000/4246 1429/2001/4247 1426/1998/4244
f 1429/2001/4247 1430/2002/4248 1426/1998/4244
f 1430/2002/4248 1431/2003/4249 1426/1998/4244
f 1431/2003/4249 1432/2004/4250 1426/1998/4244
f 1432/2004/4250 1433/2005/4251 1426/1998/4244
f 1433/2005/4251 1434/2006/4252 1426/1998/4244
f 1434/2006/4252 1424/1996/4242 1426/1998/4244
s off
f 1404/2007/4253 1405/2008/4254 1415/2009/4255 1414/2010/4256
f 1405/2008/4257 1406/2011/4258 1416/2012/4259 1415/2009/4260
f 1406/2011/4261 1407/2013/4262 1417/2014/4263 1416/2012/4264
f 1407/2013/4265 1408/2015/4266 1418/2016/4267 1417/2014/4268
f 1408/2015/4269 1409/2017/4270 1419/2018/4271 1418/2016/4272
f 1409/2017/4273 1410/2019/4274 1420/2020/4275 1419/2018/4276
f 1410/2019/4277 1411/2021/4278 1421/2022/4279 1420/2020/4280
f 1411/2021/4281 1412/2023/4282 1422/2024/4283 1421/2022/4284
f 1412/2023/4285 1413/2025/4286 1423/2026/4287 1422/2024/4288
f 1413/2025/4289 1404/2007/4290 1414/2010/4291 1423/2026/4292
f 1414/2010/4293 1415/2009/4294 1425/1997/4295 1424/1996/4296
f 1415/2009/4297 1416/2012/4298 1427/1999/4299 1425/1997/4300
f 1416/2012/4301 1417/2014/4302 1428/2000/4303 1427/1999/4304
f 1417/2014/4305 1418/2016/4306 1429/2001/4307 1428/2000/4308
f 1418/2016/4309 1419/2018/4310 1430/2002/4311 1429/2001/4312
f 1419/2018/4313 1420/2020/4314 1431/2003/4315 1430/2002/4316
f 1420/2020/4317 1421/2022/4318 1432/2004/4319 1431/2003/4320
f 1421/2022/4321 1422/2024/4322 1433/2005/4323 1432/2004/4324
f 1422/2024/4325 1423/2026/4326 1434/2006/4327 1433/2005/4328
f 1423/2026/4329 1414/2010/4330 1424/1996/4331 1434/2006/4332
s 29
f 1435/1985/4225 1400/1986/4224 1410/1989/4333 1409/2027/4334
s 28
f 1436/1983/4222 1435/1985/4221 1409/2027/4335 1408/2028/4336
s 27
f 1437/1981/4218 1436/1983/4217 1408/2028/4337 1407/2029/4338
s 26
f 1396/1978/4212 1437/1981/4214 1407/2029/4339 1406/1979/4340
f 1396/1978/4212 1397/2030/4341 1438/1980/4213
s 27
f 1397/2030/4342 1398/2031/4343 1439/1982/4216 1438/1980/4215
s 28
f 1398/2031/4344 1399/2032/4345 1440/1984/4220 1439/1982/4219
s 29
f 1399/2032/4346 1400/1986/4224 1440/1984/4223
s 25
f 1446/2033/4347 1400/1965/4186 1399/2034/4348
s 24
f 1445/2035/4349 1446/2033/4350 1399/2034/4351 1398/2036/4352
s 23
f 1444/2037/4353 1445/2035/4354 1398/2036/4355 1397/2038/4356
s 22
f 1396/1957/4175 1444/2037/4357 1397/2038/4358
f 1396/1957/4175 1443/1959/4174 1444/2037/4357
s 23
f 1443/1959/4179 1442/1961/4178 1445/2035/4354 1444/2037/4353
s 24
f 1442/1961/4183 1441/1963/4182 1446/2033/4350 1445/2035/4349
s 25
f 1441/1963/4187 1400/1965/4186 1446/2033/4347
g default
v -97.996894 -2.261419 -302.408761
v -106.902283 -2.261419 -292.312363
v -104.560983 -2.261419 -279.054852
v -92.736097 -2.261419 -272.619409
v -80.331941 -2.261419 -277.852019
v -76.689133 -2.261419 -290.812465
v -84.550768 -2.261419 -301.741260
v -98.406957 51.243462 -307.192119
v -111.976124 55.869980 -295.548370
v -110.650153 62.075481 -278.203676
v -95.427489 65.187111 -268.219026
v -77.771191 62.861740 -273.112996
v -70.976755 56.850418 -289.200340
v -80.160502 51.679802 -304.367013
v -91.966880 -2.261419 -288.114432
v -91.966880 87.337761 -288.114432
v -89.982588 -1.357593 -279.101010
v -96.986723 -1.815638 -275.172666
v -98.292449 -3.608806 -267.440901
v -92.916483 -5.386806 -261.727959
v -84.907066 -5.810766 -262.335770
v -80.295387 -4.561437 -268.806599
v -82.554245 -2.579588 -276.267880
v -87.839576 34.148865 -273.861647
v -97.448360 33.520485 -268.472471
v -99.239617 31.060495 -257.865521
v -91.864516 28.621313 -250.028100
v -80.876626 28.039694 -250.861878
v -74.550004 29.753611 -259.739077
v -77.648823 32.472446 -269.974934
v -89.419253 -3.588662 -270.121833
v -85.712340 48.294418 -257.462941
v -83.329040 -4.409107 -303.098618
v -86.893843 -1.045886 -296.720414
v -84.289604 -0.709863 -289.117446
v -77.477425 -3.654070 -286.014891
v -71.586955 -7.661459 -289.748955
v -71.053900 -9.714384 -297.507993
v -76.279583 -8.266952 -303.449066
v -70.544069 17.577190 -306.621078
v -73.482791 20.349710 -301.363141
v -71.335928 20.626715 -295.095475
v -65.720226 18.199615 -292.537829
v -60.864365 14.896066 -295.616127
v -60.424906 13.203707 -302.012288
v -64.732821 14.396918 -306.909998
v -78.701467 -5.065960 -295.093896
v -61.028723 27.909748 -302.604681
vt 0.597420 0.034089
vt 0.465231 0.003918
vt 0.359224 0.088456
vt 0.359224 0.224044
vt 0.465231 0.308582
vt 0.597420 0.278411
vt 0.656250 0.156250
vt 0.375000 0.312500
vt 0.410714 0.312500
vt 0.446429 0.312500
vt 0.482143 0.312500
vt 0.517857 0.312500
vt 0.553571 0.312500
vt 0.589286 0.312500
vt 0.625000 0.312500
vt 0.375000 0.687500
vt 0.410714 0.687500
vt 0.446429 0.687500
vt 0.482143 0.687500
vt 0.517857 0.687500
vt 0.553571 0.687500
vt 0.589286 0.687500
vt 0.625000 0.687500
vt 0.597420 0.721589
vt 0.465231 0.691418
vt 0.359224 0.775956
vt 0.359224 0.911544
vt 0.465231 0.996082
vt 0.597420 0.965911
vt 0.656250 0.843750
vt 0.500000 0.156250
vt 0.500000 0.843750
vt 0.375000 0.312500
vt 0.410714 0.312500
vt 0.410714 0.687500
vt 0.375000 0.687500
vt 0.446429 0.312500
vt 0.446429 0.687500
vt 0.482143 0.312500
vt 0.482143 0.687500
vt 0.517857 0.312500
vt 0.517857 0.687500
vt 0.553571 0.312500
vt 0.553571 0.687500
vt 0.589286 0.312500
vt 0.589286 0.687500
vt 0.625000 0.312500
vt 0.625000 0.687500
vt 0.465231 0.003918
vt 0.597420 0.034089
vt 0.500000 0.156250
vt 0.359224 0.088456
vt 0.359224 0.224044
vt 0.465231 0.308582
vt 0.597420 0.278411
vt 0.656250 0.156250
vt 0.597420 0.965911
vt 0.465231 0.996082
vt 0.500000 0.843750
vt 0.359224 0.911544
vt 0.359224 0.775956
vt 0.465231 0.691418
vt 0.597420 0.721589
vt 0.656250 0.843750
vt 0.375000 0.312500
vt 0.410714 0.312500
vt 0.410714 0.687500
vt 0.375000 0.687500
vt 0.446429 0.312500
vt 0.446429 0.687500
vt 0.482143 0.312500
vt 0.482143 0.687500
vt 0.517857 0.312500
vt 0.517857 0.687500
vt 0.553571 0.312500
vt 0.553571 0.687500
vt 0.589286 0.312500
vt 0.589286 0.687500
vt 0.625000 0.312500
vt 0.625000 0.687500
vt 0.465231 0.003918
vt 0.597420 0.034089
vt 0.500000 0.156250
vt 0.359224 0.088456
vt 0.359224 0.224044
vt 0.465231 0.308582
vt 0.597420 0.278411
vt 0.656250 0.156250
vt 0.597420 0.965911
vt 0.465231 0.996082
vt 0.500000 0.843750
vt 0.359224 0.911544
vt 0.359224 0.775956
vt 0.465231 0.691418
vt 0.597420 0.721589
vt 0.656250 0.843750
vn -0.701747 -0.085281 -0.707304
vn -0.701747 -0.085281 -0.707304
vn -0.701747 -0.085281 -0.707304
vn -0.701747 -0.085281 -0.707304
vn -0.986860 -0.087305 0.135962
vn -0.986860 -0.087305 0.135962
vn -0.986860 -0.087305 0.135962
vn -0.986860 -0.087305 0.135962
vn -0.511983 -0.068235 0.856281
vn -0.511983 -0.068235 0.856281
vn -0.511983 -0.068235 0.856281
vn -0.511983 -0.068235 0.856281
vn 0.314054 -0.064988 0.947178
vn 0.314054 -0.064988 0.947178
vn 0.314054 -0.064988 0.947178
vn 0.314054 -0.064988 0.947178
vn 0.932681 -0.080090 0.351698
vn 0.932681 -0.080090 0.351698
vn 0.932681 -0.080090 0.351698
vn 0.932681 -0.080090 0.351698
vn 0.841720 -0.080004 -0.533955
vn 0.841720 -0.080004 -0.533955
vn 0.841720 -0.080004 -0.533955
vn 0.841720 -0.080004 -0.533955
vn 0.110237 -0.072438 -0.991262
vn 0.110237 -0.072438 -0.991262
vn 0.110237 -0.072438 -0.991262
vn 0.110237 -0.072438 -0.991262
vn -0.000000 -1.000000 -0.000000
vn -0.000000 -1.000000 -0.000000
vn -0.000000 -1.000000 -0.000000
vn -0.000000 -1.000000 -0.000000
vn 0.000000 -1.000000 0.000000
vn 0.000000 -1.000000 0.000000
vn 0.000000 -1.000000 0.000000
vn 0.000000 -1.000000 0.000000
vn -0.153763 0.483042 -0.861991
vn -0.642256 0.537483 -0.546461
vn 0.022975 0.972445 -0.231996
vn -0.762080 0.627000 0.161571
vn -0.137329 0.673679 0.726153
vn 0.655612 0.632776 0.412029
vn 0.772408 0.543498 -0.328627
vn 0.380118 0.484867 -0.787664
vn -0.490908 0.156104 -0.857112
vn -0.490908 0.156104 -0.857112
vn -0.490908 0.156104 -0.857112
vn -0.490908 0.156104 -0.857112
vn -0.986555 0.017915 -0.162446
vn -0.986555 0.017915 -0.162446
vn -0.986555 0.017915 -0.162446
vn -0.986555 0.017915 -0.162446
vn -0.743847 -0.196737 0.638738
vn -0.743847 -0.196737 0.638738
vn -0.743847 -0.196737 0.638738
vn -0.743847 -0.196737 0.638738
vn 0.054336 -0.326340 0.943690
vn 0.054336 -0.326340 0.943690
vn 0.054336 -0.326340 0.943689
vn 0.054336 -0.326340 0.943690
vn 0.807497 -0.273326 0.522726
vn 0.807497 -0.273326 0.522726
vn 0.807497 -0.273326 0.522726
vn 0.807497 -0.273326 0.522726
vn 0.948327 -0.077477 -0.307689
vn 0.948327 -0.077477 -0.307689
vn 0.948327 -0.077477 -0.307689
vn 0.948327 -0.077477 -0.307689
vn 0.370318 0.113689 -0.921922
vn 0.370318 0.113689 -0.921922
vn 0.370318 0.113689 -0.921922
vn 0.370318 0.113689 -0.921922
vn -0.069245 -0.969169 -0.236469
vn -0.069245 -0.969169 -0.236468
vn -0.069244 -0.969169 -0.236468
vn -0.069244 -0.969169 -0.236469
vn -0.069244 -0.969169 -0.236469
vn -0.069245 -0.969169 -0.236468
vn -0.069244 -0.969169 -0.236466
vn -0.069244 -0.969169 -0.236469
vn -0.011092 0.757873 -0.652308
vn -0.623561 0.720834 -0.302604
vn 0.071651 0.969517 0.234312
vn -0.733810 0.567247 0.373837
vn -0.265548 0.412376 0.871453
vn 0.433781 0.371138 0.821030
vn 0.842034 0.475721 0.254300
vn 0.644612 0.648583 -0.404741
vn -0.736650 0.334168 -0.587945
vn -0.736650 0.334168 -0.587945
vn -0.736650 0.334168 -0.587945
vn -0.736650 0.334168 -0.587945
vn -0.795674 0.552575 0.248121
vn -0.795674 0.552575 0.248121
vn -0.795674 0.552575 0.248121
vn -0.795674 0.552575 0.248121
vn -0.235523 0.392135 0.889246
vn -0.235523 0.392135 0.889246
vn -0.235523 0.392135 0.889246
vn -0.235523 0.392135 0.889246
vn 0.522256 -0.026557 0.852375
vn 0.522256 -0.026557 0.852375
vn 0.522256 -0.026557 0.852375
vn 0.522256 -0.026557 0.852375
vn 0.906736 -0.388096 0.164961
vn 0.906736 -0.388096 0.164961
vn 0.906736 -0.388096 0.164961
vn 0.906736 -0.388096 0.164961
vn 0.628210 -0.420064 -0.654903
vn 0.628210 -0.420064 -0.654903
vn 0.628210 -0.420064 -0.654903
vn 0.628210 -0.420064 -0.654903
vn -0.103167 -0.098587 -0.989766
vn -0.103167 -0.098587 -0.989766
vn -0.103167 -0.098587 -0.989766
vn -0.103167 -0.098587 -0.989766
vn -0.463129 -0.864159 0.196827
vn -0.463133 -0.864156 0.196830
vn -0.463130 -0.864158 0.196827
vn -0.463130 -0.864159 0.196826
vn -0.463130 -0.864159 0.196826
vn -0.463128 -0.864160 0.196826
vn -0.463131 -0.864157 0.196830
vn -0.463132 -0.864158 0.196824
vn -0.190733 0.503259 -0.842823
vn -0.520530 0.816455 -0.249901
vn 0.459884 0.865123 -0.200174
vn -0.272267 0.850095 0.450787
vn 0.357770 0.583216 0.729287
vn 0.896121 0.218704 0.386180
vn 0.946254 0.025868 -0.322390
vn 0.465559 0.150262 -0.872168
s off
g crystal_8
usemtl lambert4SG
f 1447/2046/4359 1448/2047/4360 1455/2055/4361 1454/2054/4362
f 1448/2047/4363 1449/2048/4364 1456/2056/4365 1455/2055/4366
f 1449/2048/4367 1450/2049/4368 1457/2057/4369 1456/2056/4370
f 1450/2049/4371 1451/2050/4372 1458/2058/4373 1457/2057/4374
f 1451/2050/4375 1452/2051/4376 1459/2059/4377 1458/2058/4378
f 1452/2051/4379 1453/2052/4380 1460/2060/4381 1459/2059/4382
f 1453/2052/4383 1447/2053/4384 1454/2061/4385 1460/2060/4386
s 1
f 1448/2040/4387 1447/2039/4388 1461/2069/4389
f 1449/2041/4390 1448/2040/4387 1461/2069/4389
f 1450/2042/4391 1449/2041/4390 1461/2069/4389
f 1451/2043/4392 1450/2042/4391 1461/2069/4389
f 1452/2044/4393 1451/2043/4392 1461/2069/4389
f 1453/2045/4394 1452/2044/4393 1461/2069/4389
f 1447/2039/4388 1453/2045/4394 1461/2069/4389
s 2
f 1454/2067/4395 1455/2066/4396 1462/2070/4397
f 1455/2066/4396 1456/2065/4398 1462/2070/4397
f 1456/2065/4398 1457/2064/4399 1462/2070/4397
f 1457/2064/4399 1458/2063/4400 1462/2070/4397
f 1458/2063/4400 1459/2062/4401 1462/2070/4397
f 1459/2062/4401 1460/2068/4402 1462/2070/4397
f 1460/2068/4402 1454/2067/4395 1462/2070/4397
s off
f 1463/2071/4403 1464/2072/4404 1471/2073/4405 1470/2074/4406
f 1464/2072/4407 1465/2075/4408 1472/2076/4409 1471/2073/4410
f 1465/2075/4411 1466/2077/4412 1473/2078/4413 1472/2076/4414
f 1466/2077/4415 1467/2079/4416 1474/2080/4417 1473/2078/4418
f 1467/2079/4419 1468/2081/4420 1475/2082/4421 1474/2080/4422
f 1468/2081/4423 1469/2083/4424 1476/2084/4425 1475/2082/4426
f 1469/2083/4427 1463/2085/4428 1470/2086/4429 1476/2084/4430
s 3
f 1464/2087/4431 1463/2088/4432 1477/2089/4433
f 1465/2090/4434 1464/2087/4431 1477/2089/4433
f 1466/2091/4435 1465/2090/4434 1477/2089/4433
f 1467/2092/4436 1466/2091/4435 1477/2089/4433
f 1468/2093/4437 1467/2092/4436 1477/2089/4433
f 1469/2094/4438 1468/2093/4437 1477/2089/4433
f 1463/2088/4432 1469/2094/4438 1477/2089/4433
s 4
f 1470/2095/4439 1471/2096/4440 1478/2097/4441
f 1471/2096/4440 1472/2098/4442 1478/2097/4441
f 1472/2098/4442 1473/2099/4443 1478/2097/4441
f 1473/2099/4443 1474/2100/4444 1478/2097/4441
f 1474/2100/4444 1475/2101/4445 1478/2097/4441
f 1475/2101/4445 1476/2102/4446 1478/2097/4441
f 1476/2102/4446 1470/2095/4439 1478/2097/4441
s off
f 1479/2103/4447 1480/2104/4448 1487/2105/4449 1486/2106/4450
f 1480/2104/4451 1481/2107/4452 1488/2108/4453 1487/2105/4454
f 1481/2107/4455 1482/2109/4456 1489/2110/4457 1488/2108/4458
f 1482/2109/4459 1483/2111/4460 1490/2112/4461 1489/2110/4462
f 1483/2111/4463 1484/2113/4464 1491/2114/4465 1490/2112/4466
f 1484/2113/4467 1485/2115/4468 1492/2116/4469 1491/2114/4470
f 1485/2115/4471 1479/2117/4472 1486/2118/4473 1492/2116/4474
s 5
f 1480/2119/4475 1479/2120/4476 1493/2121/4477
f 1481/2122/4478 1480/2119/4475 1493/2121/4477
f 1482/2123/4479 1481/2122/4478 1493/2121/4477
f 1483/2124/4480 1482/2123/4479 1493/2121/4477
f 1484/2125/4481 1483/2124/4480 1493/2121/4477
f 1485/2126/4482 1484/2125/4481 1493/2121/4477
f 1479/2120/4476 1485/2126/4482 1493/2121/4477
s 6
f 1486/2127/4483 1487/2128/4484 1494/2129/4485
f 1487/2128/4484 1488/2130/4486 1494/2129/4485
f 1488/2130/4486 1489/2131/4487 1494/2129/4485
f 1489/2131/4487 1490/2132/4488 1494/2129/4485
f 1490/2132/4488 1491/2133/4489 1494/2129/4485
f 1491/2133/4489 1492/2134/4490 1494/2129/4485
f 1492/2134/4490 1486/2127/4483 1494/2129/4485
g default
v -217.865583 -0.473785 -394.336607
v -223.231682 -0.473785 -392.812933
v -226.677334 -0.473785 -388.426109
v -226.886263 -0.473785 -382.851920
v -223.778974 -0.473785 -378.219413
v -218.542192 -0.473785 -376.297977
v -213.176179 -0.473785 -377.821501
v -209.730425 -0.473785 -382.208416
v -209.521395 -0.473785 -387.782697
v -212.628818 -0.473785 -392.415230
v -217.762030 36.383545 -397.096623
v -224.770147 36.383545 -395.106669
v -229.270250 36.383545 -389.377427
v -229.543224 36.383545 -382.097417
v -225.485138 36.383545 -376.047219
v -218.645729 36.383545 -373.537902
v -211.637730 36.383545 -375.527824
v -207.137626 36.383545 -381.257066
v -206.864434 36.383545 -388.537200
v -210.922738 36.383545 -394.587273
v -217.743242 73.240883 -397.599130
v -225.050328 73.240883 -395.524251
v -229.742328 73.240883 -389.550660
v -230.027042 73.240883 -381.960060
v -225.795747 73.240883 -375.651797
v -218.664501 73.240883 -373.035336
v -211.357548 73.240883 -375.110241
v -206.665549 73.240883 -381.083833
v -206.380701 73.240883 -388.674407
v -210.612146 73.240883 -394.982755
v -217.823264 105.695534 -395.464679
v -223.860484 105.695534 -393.750470
v -227.737033 105.695534 -388.815066
v -227.972254 105.695534 -382.543540
v -224.476286 105.695534 -377.331632
v -218.584511 105.695534 -375.169905
v -212.547174 105.695534 -376.884147
v -208.670625 105.695534 -381.819550
v -208.435521 105.695534 -388.091044
v -211.931506 105.695534 -393.303011
v -218.203946 -0.473785 -385.317276
v -217.944980 112.597672 -392.220444
v -222.051984 112.597672 -391.054262
v -224.689213 112.597672 -387.696708
v -224.849188 112.597672 -383.430295
v -222.470925 112.597672 -379.884679
v -218.462779 112.597672 -378.414081
v -214.355775 112.597672 -379.580264
v -211.718546 112.597672 -382.937817
v -211.558571 112.597672 -387.204231
v -213.936850 112.597672 -390.749905
v -218.092626 114.171967 -388.284420
v -219.857839 114.171967 -387.783194
v -218.203946 114.171967 -385.317276
v -220.991382 114.171967 -386.340033
v -221.060192 114.171967 -384.506207
v -220.037969 114.171967 -382.982224
v -218.315132 114.171967 -382.350105
v -216.549802 114.171967 -382.851363
v -215.416259 114.171967 -384.294525
v -215.347567 114.171967 -386.128318
v -216.369807 114.171967 -387.652360
v -214.387815 67.942490 -383.054454
v -211.844264 63.475231 -381.038351
v -211.855304 57.953396 -381.024266
v -214.416634 53.486141 -383.017700
v -218.550036 51.779797 -386.257252
v -222.676496 53.486141 -389.505572
v -225.220046 57.953396 -391.521675
v -225.209006 63.475231 -391.535760
v -222.647644 67.942490 -389.542208
v -218.514376 69.648834 -386.302682
v -194.355419 66.920532 -408.558649
v -189.020384 63.013004 -410.096569
v -186.545427 58.062069 -415.298949
v -186.831772 55.578335 -418.137378
v -190.657258 55.069714 -421.768819
v -195.091634 55.424519 -424.625249
v -198.460686 58.341000 -423.389127
v -203.830311 62.727322 -418.754094
v -202.615281 66.920532 -415.046520
v -198.996186 68.413071 -411.152203
v -195.133942 90.642395 -410.013375
v -190.655743 90.642395 -411.284967
v -187.780376 90.642395 -414.945752
v -187.605791 90.642395 -419.597788
v -190.198977 90.642395 -423.463686
v -194.569207 90.642395 -425.067224
v -199.047406 90.642395 -423.795632
v -201.922774 90.642395 -420.134848
v -202.097358 90.642395 -415.482812
v -199.504139 90.642395 -411.616796
v -195.043647 95.464233 -412.419878
v -191.997142 95.464233 -413.284882
v -190.041037 95.464233 -415.775299
v -189.922444 95.464233 -418.939933
v -191.686460 95.464233 -421.569879
v -194.659620 95.464233 -422.660688
v -197.705890 95.464233 -421.795750
v -199.661962 95.464233 -419.305216
v -199.780823 95.464233 -416.140633
v -198.016657 95.464233 -413.510603
v -194.934065 96.564026 -415.339415
v -193.624692 96.564026 -415.711111
v -194.851558 96.564026 -417.540241
v -192.783894 96.564026 -416.781669
v -192.732913 96.564026 -418.141947
v -193.491120 96.564026 -419.272365
v -194.769085 96.564026 -419.741184
v -196.078425 96.564026 -419.369371
v -196.919256 96.564026 -418.298930
v -196.970269 96.564026 -416.938770
v -196.212030 96.564026 -415.808234
v -194.982526 62.437428 -424.717346
v -189.965664 62.780903 -422.931498
v -187.010315 62.667873 -418.474470
v -186.937945 59.264622 -418.337845
v -189.935468 59.188831 -422.862854
v -195.030962 59.135342 -424.676416
v -199.479261 54.791920 -420.041520
v -194.802390 53.046810 -416.491522
v -191.066545 54.154331 -412.745769
v -188.675546 54.222759 -415.789992
v -192.494107 53.359112 -419.430259
v -197.609267 54.891926 -422.306744
v -223.527333 74.542000 -387.349026
v -225.912043 70.353806 -389.239198
v -225.901529 65.176918 -389.252440
v -223.500275 60.988724 -387.383455
v -219.624985 59.388969 -384.346358
v -215.756381 60.988724 -381.300945
v -213.371671 65.176918 -379.410774
v -213.382051 70.353806 -379.397506
v -215.783439 74.542000 -381.266517
v -219.658510 76.141754 -384.303738
v -242.308319 73.583878 -363.438008
v -247.310126 69.920456 -361.996228
v -249.630502 65.278801 -357.118802
v -249.361939 62.950218 -354.457672
v -245.775379 62.473373 -351.053140
v -241.618044 62.806007 -348.375163
v -238.459518 65.540306 -349.534055
v -233.425316 69.652618 -353.879526
v -234.564425 73.583878 -357.355499
v -237.957395 74.983185 -361.006497
v -241.578334 95.823883 -362.074200
v -245.776939 95.823883 -360.882028
v -248.472520 95.823883 -357.449882
v -248.636304 95.823883 -353.088540
v -246.205135 95.823883 -349.464114
v -242.107848 95.823883 -347.960800
v -237.909360 95.823883 -349.152939
v -235.213645 95.823883 -352.585059
v -235.049995 95.823883 -356.946427
v -237.481181 95.823883 -360.570912
v -241.663090 100.344505 -359.818023
v -244.519116 100.344505 -359.007078
v -246.353070 100.344505 -356.672236
v -246.464321 100.344505 -353.705300
v -244.810478 100.344505 -351.239558
v -242.023075 100.344505 -350.216918
v -239.167065 100.344505 -351.027921
v -237.333112 100.344505 -353.362764
v -237.221844 100.344505 -356.329641
v -238.875838 100.344505 -358.795468
v -241.765782 101.375595 -357.080921
v -242.993267 101.375595 -356.732328
v -241.843200 101.375595 -355.017438
v -243.781708 101.375595 -355.728745
v -243.829543 101.375595 -354.453457
v -243.118671 101.375595 -353.393642
v -241.920501 101.375595 -352.953987
v -240.692898 101.375595 -353.302613
v -239.904607 101.375595 -354.306281
v -239.856740 101.375595 -355.581451
v -240.567645 101.375595 -356.641384
v -241.720251 69.380836 -348.288781
v -246.423912 69.702850 -349.963091
v -249.194586 69.596878 -354.141734
v -249.262309 66.406227 -354.269831
v -246.452028 66.335175 -350.027435
v -241.674902 66.285027 -348.327145
v -237.504528 62.212929 -352.672536
v -241.889178 60.576836 -356.000787
v -245.391701 61.615166 -359.512439
v -247.633422 61.679321 -356.658427
v -244.053180 60.869621 -353.245618
v -239.257694 62.306686 -350.548742
vt 0.626409 0.064409
vt 0.548284 0.007647
vt 0.451716 0.007647
vt 0.373591 0.064409
vt 0.343750 0.156250
vt 0.373591 0.248091
vt 0.451716 0.304853
vt 0.548284 0.304853
vt 0.626409 0.248091
vt 0.656250 0.156250
vt 0.375000 0.312500
vt 0.400000 0.312500
vt 0.425000 0.312500
vt 0.450000 0.312500
vt 0.475000 0.312500
vt 0.500000 0.312500
vt 0.525000 0.312500
vt 0.550000 0.312500
vt 0.575000 0.312500
vt 0.600000 0.312500
vt 0.625000 0.312500
vt 0.375000 0.437500
vt 0.400000 0.437500
vt 0.425000 0.437500
vt 0.450000 0.437500
vt 0.475000 0.437500
vt 0.500000 0.437500
vt 0.525000 0.437500
vt 0.550000 0.437500
vt 0.575000 0.437500
vt 0.600000 0.437500
vt 0.625000 0.437500
vt 0.375000 0.562500
vt 0.400000 0.562500
vt 0.425000 0.562500
vt 0.450000 0.562500
vt 0.475000 0.562500
vt 0.500000 0.562500
vt 0.525000 0.562500
vt 0.550000 0.562500
vt 0.575000 0.562500
vt 0.600000 0.562500
vt 0.625000 0.562500
vt 0.375000 0.687500
vt 0.400000 0.687500
vt 0.425000 0.687500
vt 0.450000 0.687500
vt 0.475000 0.687500
vt 0.500000 0.687500
vt 0.525000 0.687500
vt 0.550000 0.687500
vt 0.575000 0.687500
vt 0.600000 0.687500
vt 0.625000 0.687500
vt 0.626409 0.751909
vt 0.548284 0.695147
vt 0.451716 0.695147
vt 0.373591 0.751909
vt 0.343750 0.843750
vt 0.373591 0.935591
vt 0.451716 0.992353
vt 0.548284 0.992353
vt 0.626409 0.935591
vt 0.656250 0.843750
vt 0.500000 0.156250
vt 0.500000 0.843750
vt 0.626409 0.935591
vt 0.548284 0.992353
vt 0.451716 0.992353
vt 0.373591 0.935591
vt 0.343750 0.843750
vt 0.373591 0.751909
vt 0.451716 0.695147
vt 0.548284 0.695147
vt 0.626409 0.751909
vt 0.656250 0.843750
vt 0.626409 0.935591
vt 0.548284 0.992353
vt 0.451716 0.992353
vt 0.373591 0.935591
vt 0.343750 0.843750
vt 0.373591 0.751909
vt 0.451716 0.695147
vt 0.548284 0.695147
vt 0.626409 0.751909
vt 0.656250 0.843750
vt 0.375000 0.312500
vt 0.400000 0.312500
vt 0.400000 0.687500
vt 0.375000 0.687500
vt 0.425000 0.312500
vt 0.425000 0.687500
vt 0.450000 0.312500
vt 0.450000 0.629930
vt 0.475000 0.312500
vt 0.475000 0.623183
vt 0.500000 0.312500
vt 0.500000 0.634472
vt 0.525000 0.312500
vt 0.525000 0.687500
vt 0.550000 0.312500
vt 0.550000 0.687500
vt 0.575000 0.312500
vt 0.575000 0.687500
vt 0.600000 0.312500
vt 0.600000 0.687500
vt 0.625000 0.312500
vt 0.625000 0.687500
vt 0.375000 0.562500
vt 0.400000 0.562500
vt 0.400000 0.687500
vt 0.375000 0.687500
vt 0.425000 0.562500
vt 0.425000 0.687500
vt 0.450000 0.575218
vt 0.450000 0.591346
vt 0.475000 0.577631
vt 0.475000 0.594214
vt 0.500000 0.572594
vt 0.500000 0.588564
vt 0.525000 0.562500
vt 0.550000 0.562500
vt 0.550000 0.687500
vt 0.525000 0.687500
vt 0.575000 0.562500
vt 0.575000 0.687500
vt 0.600000 0.562500
vt 0.600000 0.687500
vt 0.625000 0.562500
vt 0.625000 0.687500
vt 0.626409 0.935591
vt 0.548284 0.992353
vt 0.500000 0.843750
vt 0.451716 0.992353
vt 0.373591 0.935591
vt 0.343750 0.843750
vt 0.373591 0.751909
vt 0.451716 0.695147
vt 0.548284 0.695147
vt 0.626409 0.751909
vt 0.656250 0.843750
vt 0.626409 0.935591
vt 0.548284 0.992353
vt 0.548284 0.992353
vt 0.626409 0.935591
vt 0.451716 0.992353
vt 0.451716 0.992353
vt 0.373591 0.935591
vt 0.373591 0.935591
vt 0.343750 0.843750
vt 0.343750 0.843750
vt 0.373591 0.751909
vt 0.373591 0.751909
vt 0.451716 0.695147
vt 0.451716 0.695147
vt 0.548284 0.695147
vt 0.548284 0.695147
vt 0.626409 0.751909
vt 0.626409 0.751909
vt 0.656250 0.843750
vt 0.656250 0.843750
vt 0.500000 0.687500
vt 0.475000 0.687500
vt 0.450000 0.687500
vt 0.450000 0.562500
vt 0.475000 0.562500
vt 0.500000 0.562500
vt 0.500000 0.659131
vt 0.500000 0.687500
vt 0.475000 0.653382
vt 0.475000 0.687500
vt 0.450000 0.662436
vt 0.450000 0.687500
vt 0.375000 0.312500
vt 0.400000 0.312500
vt 0.400000 0.687500
vt 0.375000 0.687500
vt 0.425000 0.312500
vt 0.425000 0.687500
vt 0.450000 0.312500
vt 0.450000 0.629930
vt 0.475000 0.312500
vt 0.475000 0.623183
vt 0.500000 0.312500
vt 0.500000 0.634472
vt 0.525000 0.312500
vt 0.525000 0.687500
vt 0.550000 0.312500
vt 0.550000 0.687500
vt 0.575000 0.312500
vt 0.575000 0.687500
vt 0.600000 0.312500
vt 0.600000 0.687500
vt 0.625000 0.312500
vt 0.625000 0.687500
vt 0.375000 0.562500
vt 0.400000 0.562500
vt 0.400000 0.687500
vt 0.375000 0.687500
vt 0.425000 0.562500
vt 0.425000 0.687500
vt 0.450000 0.575218
vt 0.450000 0.591346
vt 0.475000 0.577631
vt 0.475000 0.594214
vt 0.500000 0.572594
vt 0.500000 0.588564
vt 0.525000 0.562500
vt 0.550000 0.562500
vt 0.550000 0.687500
vt 0.525000 0.687500
vt 0.575000 0.562500
vt 0.575000 0.687500
vt 0.600000 0.562500
vt 0.600000 0.687500
vt 0.625000 0.562500
vt 0.625000 0.687500
vt 0.626409 0.935591
vt 0.548284 0.992353
vt 0.500000 0.843750
vt 0.451716 0.992353
vt 0.373591 0.935591
vt 0.343750 0.843750
vt 0.373591 0.751909
vt 0.451716 0.695147
vt 0.548284 0.695147
vt 0.626409 0.751909
vt 0.656250 0.843750
vt 0.626409 0.935591
vt 0.548284 0.992353
vt 0.548284 0.992353
vt 0.626409 0.935591
vt 0.451716 0.992353
vt 0.451716 0.992353
vt 0.373591 0.935591
vt 0.373591 0.935591
vt 0.343750 0.843750
vt 0.343750 0.843750
vt 0.373591 0.751909
vt 0.373591 0.751909
vt 0.451716 0.695147
vt 0.451716 0.695147
vt 0.548284 0.695147
vt 0.548284 0.695147
vt 0.626409 0.751909
vt 0.626409 0.751909
vt 0.656250 0.843750
vt 0.656250 0.843750
vt 0.500000 0.687500
vt 0.475000 0.687500
vt 0.450000 0.687500
vt 0.450000 0.562500
vt 0.475000 0.562500
vt 0.500000 0.562500
vt 0.500000 0.659131
vt 0.500000 0.687500
vt 0.475000 0.653382
vt 0.475000 0.687500
vt 0.450000 0.662436
vt 0.450000 0.687500
vn -0.272460 -0.071088 -0.959537
vn -0.272460 -0.071088 -0.959537
vn -0.272939 -0.039718 -0.961211
vn -0.272939 -0.039718 -0.961211
vn -0.784425 -0.071085 -0.616136
vn -0.784425 -0.071085 -0.616136
vn -0.785796 -0.039716 -0.617210
vn -0.785796 -0.039716 -0.617210
vn -0.996770 -0.071092 -0.037368
vn -0.996770 -0.071092 -0.037368
vn -0.998509 -0.039720 -0.037441
vn -0.998509 -0.039720 -0.037441
vn -0.828382 -0.071093 0.555633
vn -0.828382 -0.071093 0.555633
vn -0.829829 -0.039719 0.556603
vn -0.829829 -0.039719 0.556603
vn -0.343569 -0.071096 0.936432
vn -0.343569 -0.071096 0.936432
vn -0.344172 -0.039720 0.938066
vn -0.344172 -0.039720 0.938066
vn 0.272445 -0.071087 0.959542
vn 0.272444 -0.071087 0.959542
vn 0.272932 -0.039718 0.961213
vn 0.272932 -0.039718 0.961213
vn 0.784426 -0.071085 0.616135
vn 0.784426 -0.071085 0.616135
vn 0.785794 -0.039716 0.617212
vn 0.785794 -0.039716 0.617212
vn 0.996769 -0.071086 0.037395
vn 0.996769 -0.071086 0.037395
vn 0.998508 -0.039718 0.037464
vn 0.998508 -0.039718 0.037464
vn 0.828369 -0.071091 -0.555654
vn 0.828369 -0.071091 -0.555654
vn 0.829815 -0.039719 -0.556623
vn 0.829815 -0.039719 -0.556623
vn 0.343574 -0.071089 -0.936431
vn 0.343574 -0.071089 -0.936431
vn 0.344176 -0.039718 -0.938065
vn 0.344176 -0.039718 -0.938065
vn -0.273098 0.020892 -0.961759
vn -0.273098 0.020892 -0.961760
vn -0.786244 0.020892 -0.617563
vn -0.786244 0.020892 -0.617564
vn -0.999079 0.020893 -0.037470
vn -0.999079 0.020893 -0.037470
vn -0.830300 0.020893 0.556925
vn -0.830300 0.020893 0.556925
vn -0.344374 0.020893 0.938600
vn -0.344374 0.020893 0.938600
vn 0.273094 0.020893 0.961760
vn 0.273094 0.020893 0.961760
vn 0.786244 0.020892 0.617563
vn 0.786244 0.020891 0.617564
vn 0.999079 0.020892 0.037482
vn 0.999079 0.020892 0.037482
vn 0.830293 0.020894 -0.556936
vn 0.830293 0.020894 -0.556936
vn 0.344372 0.020893 -0.938601
vn 0.344372 0.020893 -0.938601
vn -0.272623 0.062469 -0.960091
vn -0.272623 0.062469 -0.960091
vn -0.784877 0.062469 -0.616495
vn -0.784877 0.062469 -0.616495
vn -0.997346 0.062471 -0.037407
vn -0.997346 0.062471 -0.037407
vn -0.828856 0.062468 0.555964
vn -0.828856 0.062468 0.555964
vn -0.343780 0.062470 0.936970
vn -0.343780 0.062470 0.936970
vn 0.272615 0.062472 0.960093
vn 0.272615 0.062472 0.960093
vn 0.784882 0.062467 0.616489
vn 0.784882 0.062467 0.616489
vn 0.997345 0.062473 0.037409
vn 0.997345 0.062473 0.037409
vn 0.828855 0.062474 -0.555964
vn 0.828855 0.062474 -0.555964
vn 0.343771 0.062470 -0.936973
vn 0.343771 0.062470 -0.936973
vn 0.000000 -1.000000 0.000000
vn -0.000000 -1.000000 -0.000000
vn 0.000000 -1.000000 0.000000
vn 0.000000 -1.000000 0.000000
vn 0.000000 -1.000000 0.000000
vn 0.000000 -1.000000 0.000000
vn 0.000000 -1.000000 0.000000
vn 0.000000 -1.000000 0.000000
vn 0.000000 -1.000000 0.000000
vn -0.000000 -1.000000 -0.000000
vn -0.000000 -1.000000 -0.000000
vn 0.000002 1.000000 0.000006
vn 0.000001 1.000000 0.000003
vn 0.000000 1.000000 0.000001
vn 0.000001 1.000000 0.000003
vn 0.000000 1.000000 0.000000
vn 0.000000 1.000000 0.000000
vn 0.000000 1.000000 0.000001
vn 0.000001 1.000000 0.000003
vn 0.000000 1.000000 0.000001
vn -0.000002 1.000000 -0.000006
vn -0.000000 1.000000 -0.000000
vn -0.249347 0.408345 -0.878112
vn -0.249347 0.408345 -0.878112
vn -0.249347 0.408345 -0.878112
vn -0.249347 0.408345 -0.878112
vn -0.717856 0.408347 -0.563858
vn -0.717856 0.408347 -0.563858
vn -0.717856 0.408347 -0.563858
vn -0.717856 0.408347 -0.563858
vn -0.912187 0.408344 -0.034207
vn -0.912187 0.408344 -0.034207
vn -0.912187 0.408344 -0.034207
vn -0.912187 0.408344 -0.034207
vn -0.758073 0.408364 0.508493
vn -0.758073 0.408364 0.508493
vn -0.758073 0.408364 0.508493
vn -0.758073 0.408364 0.508493
vn -0.314427 0.408339 0.856968
vn -0.314427 0.408339 0.856968
vn -0.314427 0.408339 0.856968
vn -0.314427 0.408339 0.856968
vn 0.249334 0.408352 0.878112
vn 0.249334 0.408352 0.878112
vn 0.249334 0.408352 0.878112
vn 0.249334 0.408352 0.878112
vn 0.717859 0.408354 0.563849
vn 0.717859 0.408354 0.563849
vn 0.717859 0.408354 0.563849
vn 0.717859 0.408354 0.563849
vn 0.912183 0.408354 0.034199
vn 0.912183 0.408354 0.034199
vn 0.912183 0.408354 0.034199
vn 0.912183 0.408354 0.034199
vn 0.758085 0.408342 -0.508492
vn 0.758085 0.408342 -0.508492
vn 0.758085 0.408342 -0.508492
vn 0.758085 0.408342 -0.508492
vn 0.314416 0.408352 -0.856966
vn 0.314416 0.408352 -0.856966
vn 0.314416 0.408352 -0.856966
vn 0.314416 0.408352 -0.856966
vn -0.105817 0.921903 -0.372689
vn -0.105817 0.921903 -0.372689
vn -0.105817 0.921903 -0.372689
vn -0.105817 0.921903 -0.372689
vn -0.304704 0.921887 -0.239333
vn -0.304704 0.921887 -0.239333
vn -0.304704 0.921887 -0.239333
vn -0.304704 0.921887 -0.239333
vn -0.387173 0.921893 -0.014520
vn -0.387173 0.921893 -0.014520
vn -0.387173 0.921893 -0.014520
vn -0.387173 0.921893 -0.014520
vn -0.321755 0.921898 0.215819
vn -0.321755 0.921898 0.215819
vn -0.321755 0.921898 0.215819
vn -0.321755 0.921898 0.215819
vn -0.133457 0.921896 0.363726
vn -0.133458 0.921896 0.363726
vn -0.133458 0.921896 0.363726
vn -0.133458 0.921896 0.363726
vn 0.105832 0.921895 0.372705
vn 0.105832 0.921895 0.372705
vn 0.105832 0.921895 0.372705
vn 0.105832 0.921895 0.372705
vn 0.304692 0.921893 0.239323
vn 0.304692 0.921893 0.239323
vn 0.304692 0.921893 0.239323
vn 0.304692 0.921893 0.239323
vn 0.387157 0.921900 0.014515
vn 0.387157 0.921900 0.014515
vn 0.387157 0.921900 0.014515
vn 0.387157 0.921900 0.014515
vn 0.321761 0.921897 -0.215816
vn 0.321761 0.921897 -0.215816
vn 0.321761 0.921897 -0.215816
vn 0.321761 0.921897 -0.215816
vn 0.133444 0.921894 -0.363736
vn 0.133444 0.921894 -0.363736
vn 0.133444 0.921894 -0.363736
vn 0.133444 0.921894 -0.363736
vn 0.626967 0.616968 0.475671
vn 0.626967 0.616968 0.475671
vn 0.626967 0.616968 0.475671
vn 0.626967 0.616968 0.475671
vn 0.790849 -0.111980 0.601680
vn 0.790849 -0.111980 0.601680
vn 0.790849 -0.111980 0.601680
vn 0.790849 -0.111980 0.601680
vn 0.674765 -0.536799 0.506496
vn 0.674765 -0.536799 0.506496
vn 0.675155 -0.535867 0.506964
vn 0.680090 -0.533228 0.503136
vn 0.219663 -0.965277 0.141382
vn 0.219663 -0.965277 0.141382
vn 0.215634 -0.967090 0.135048
vn 0.216548 -0.966685 0.136484
vn -0.214868 -0.954585 -0.206398
vn -0.214868 -0.954585 -0.206398
vn -0.211826 -0.955043 -0.207418
vn -0.211792 -0.955048 -0.207430
vn -0.671166 -0.496182 -0.550763
vn -0.671166 -0.496182 -0.550763
vn -0.669919 -0.490003 -0.557768
vn -0.671652 -0.494849 -0.551368
vn -0.769648 -0.124137 -0.626285
vn -0.769648 -0.124137 -0.626285
vn -0.769648 -0.124137 -0.626285
vn -0.769648 -0.124137 -0.626285
vn -0.617891 0.602197 -0.505539
vn -0.617891 0.602197 -0.505539
vn -0.617891 0.602197 -0.505539
vn -0.617891 0.602197 -0.505539
vn -0.206253 0.956805 -0.204902
vn -0.206253 0.956805 -0.204902
vn -0.206253 0.956805 -0.204902
vn -0.206253 0.956805 -0.204902
vn 0.247933 0.956804 0.151840
vn 0.247934 0.956804 0.151840
vn 0.247934 0.956804 0.151840
vn 0.247934 0.956804 0.151840
vn 0.297811 0.063030 0.952542
vn 0.297811 0.063030 0.952542
vn 0.297811 0.063030 0.952542
vn 0.297811 0.063030 0.952542
vn 0.866799 0.048206 0.496322
vn 0.866799 0.048206 0.496322
vn 0.866799 0.048206 0.496322
vn 0.866799 0.048206 0.496322
vn 0.999113 0.028882 -0.030646
vn 0.992494 0.018473 -0.120891
vn 0.999346 0.029834 -0.020409
vn 0.798638 -0.090894 -0.594908
vn 0.800861 -0.085951 -0.592650
vn 0.832193 -0.004087 -0.554471
vn 0.832215 -0.004085 -0.554437
vn 0.386071 -0.097821 -0.917268
vn 0.387844 -0.100813 -0.916195
vn 0.339541 -0.015884 -0.940457
vn 0.339611 -0.015884 -0.940432
vn -0.350018 -0.006802 -0.936718
vn -0.308894 -0.012233 -0.951018
vn -0.305259 -0.012691 -0.952185
vn -0.710664 -0.005293 -0.703512
vn -0.710664 -0.005293 -0.703511
vn -0.710664 -0.005293 -0.703512
vn -0.710664 -0.005293 -0.703512
vn -0.993868 0.050155 0.098540
vn -0.993868 0.050155 0.098540
vn -0.993868 0.050155 0.098540
vn -0.993868 0.050155 0.098540
vn -0.781772 0.012393 0.623441
vn -0.781772 0.012393 0.623441
vn -0.781772 0.012393 0.623441
vn -0.781772 0.012393 0.623441
vn -0.418502 0.026199 0.907838
vn -0.418502 0.026199 0.907838
vn -0.418502 0.026199 0.907838
vn -0.418503 0.026199 0.907838
vn 0.000001 1.000000 0.000003
vn 0.000001 1.000000 0.000003
vn 0.000000 1.000000 0.000000
vn 0.000000 1.000000 0.000000
vn 0.000000 1.000000 0.000000
vn 0.000000 1.000000 0.000000
vn -0.000001 1.000000 -0.000003
vn -0.000001 1.000000 -0.000003
vn 0.000000 1.000000 0.000000
vn 0.000000 1.000000 0.000000
vn 0.000000 1.000000 0.000000
vn 0.246714 0.429045 0.868938
vn 0.246714 0.429045 0.868938
vn 0.246714 0.429045 0.868938
vn 0.246714 0.429045 0.868938
vn 0.710360 0.429042 0.557953
vn 0.710360 0.429042 0.557953
vn 0.710360 0.429042 0.557953
vn 0.710360 0.429042 0.557953
vn 0.902649 0.429044 0.033855
vn 0.902649 0.429044 0.033855
vn 0.902649 0.429044 0.033855
vn 0.902649 0.429044 0.033855
vn 0.750147 0.429063 -0.503174
vn 0.750147 0.429063 -0.503174
vn 0.750147 0.429063 -0.503174
vn 0.750147 0.429063 -0.503174
vn 0.311125 0.429070 -0.847998
vn 0.311125 0.429070 -0.847998
vn 0.311125 0.429070 -0.847998
vn 0.311125 0.429070 -0.847998
vn -0.246714 0.429046 -0.868937
vn -0.246714 0.429046 -0.868937
vn -0.246714 0.429046 -0.868937
vn -0.246714 0.429046 -0.868937
vn -0.710367 0.429039 -0.557947
vn -0.710367 0.429039 -0.557947
vn -0.710367 0.429039 -0.557947
vn -0.710367 0.429039 -0.557947
vn -0.902652 0.429036 -0.033885
vn -0.902652 0.429036 -0.033885
vn -0.902652 0.429036 -0.033885
vn -0.902652 0.429036 -0.033885
vn -0.750153 0.429040 0.503186
vn -0.750153 0.429040 0.503186
vn -0.750153 0.429040 0.503186
vn -0.750153 0.429040 0.503186
vn -0.311116 0.429061 0.848006
vn -0.311116 0.429061 0.848006
vn -0.311116 0.429061 0.848006
vn -0.311116 0.429061 0.848006
vn 0.100520 0.929808 0.354051
vn 0.100520 0.929808 0.354051
vn 0.100520 0.929808 0.354051
vn 0.100520 0.929808 0.354051
vn 0.289440 0.929809 0.227333
vn 0.289440 0.929809 0.227333
vn 0.289440 0.929809 0.227333
vn 0.289440 0.929809 0.227333
vn 0.367786 0.929808 0.013787
vn 0.367786 0.929808 0.013787
vn 0.367786 0.929808 0.013787
vn 0.367786 0.929808 0.013787
vn 0.305650 0.929811 -0.205011
vn 0.305650 0.929811 -0.205011
vn 0.305650 0.929811 -0.205011
vn 0.305650 0.929811 -0.205011
vn 0.126756 0.929819 -0.345500
vn 0.126756 0.929819 -0.345500
vn 0.126756 0.929819 -0.345500
vn 0.126756 0.929819 -0.345500
vn -0.100532 0.929816 -0.354027
vn -0.100532 0.929816 -0.354027
vn -0.100532 0.929816 -0.354027
vn -0.100532 0.929816 -0.354027
vn -0.289452 0.929801 -0.227351
vn -0.289452 0.929801 -0.227351
vn -0.289452 0.929801 -0.227351
vn -0.289452 0.929801 -0.227351
vn -0.367787 0.929808 -0.013810
vn -0.367787 0.929808 -0.013810
vn -0.367787 0.929808 -0.013810
vn -0.367787 0.929808 -0.013810
vn -0.305638 0.929815 0.205012
vn -0.305638 0.929815 0.205012
vn -0.305638 0.929815 0.205012
vn -0.305638 0.929815 0.205012
vn -0.126760 0.929815 0.345509
vn -0.126760 0.929815 0.345509
vn -0.126760 0.929815 0.345509
vn -0.126760 0.929815 0.345509
vn -0.304620 -0.012779 -0.952388
vn -0.304620 -0.012779 -0.952388
vn 0.340077 -0.015887 -0.940263
vn 0.340077 -0.015887 -0.940263
vn 0.832021 -0.004100 -0.554729
vn 0.832021 -0.004100 -0.554729
vn 0.999362 0.029962 -0.019438
vn 0.999362 0.029962 -0.019438
vn 0.992594 0.022020 -0.119467
vn 0.762394 -0.163905 -0.626011
vn 0.762394 -0.163905 -0.626011
vn 0.429030 -0.172570 -0.886653
vn 0.429030 -0.172570 -0.886653
vn -0.349938 -0.007195 -0.936745
vn -0.651141 -0.368927 -0.663256
vn -0.585479 -0.370780 -0.720928
vn -0.061691 -0.948946 -0.309349
vn -0.082813 -0.952392 -0.293414
vn 0.053822 -0.918370 -0.392045
vn 0.053822 -0.918370 -0.392045
vn 0.286059 -0.955317 -0.074428
vn 0.293071 -0.952314 -0.084898
vn 0.403028 -0.878078 -0.257968
vn 0.403028 -0.878078 -0.257968
vn 0.734772 -0.470184 0.488915
vn 0.800671 -0.488555 0.346756
vn -0.626952 0.616993 -0.475659
vn -0.626952 0.616993 -0.475659
vn -0.626952 0.616993 -0.475659
vn -0.626952 0.616993 -0.475659
vn -0.790845 -0.112011 -0.601679
vn -0.790845 -0.112011 -0.601679
vn -0.790845 -0.112011 -0.601679
vn -0.790845 -0.112011 -0.601679
vn -0.674762 -0.536806 -0.506494
vn -0.674762 -0.536806 -0.506494
vn -0.675151 -0.535875 -0.506962
vn -0.680086 -0.533235 -0.503134
vn -0.219660 -0.965278 -0.141380
vn -0.219660 -0.965278 -0.141380
vn -0.215631 -0.967091 -0.135046
vn -0.216545 -0.966686 -0.136482
vn 0.214871 -0.954583 0.206401
vn 0.214871 -0.954583 0.206401
vn 0.211830 -0.955042 0.207421
vn 0.211796 -0.955047 0.207433
vn 0.671160 -0.496195 0.550758
vn 0.671160 -0.496195 0.550758
vn 0.669917 -0.490009 0.557766
vn 0.671648 -0.494860 0.551364
vn 0.769645 -0.124145 0.626287
vn 0.769645 -0.124145 0.626287
vn 0.769645 -0.124145 0.626287
vn 0.769645 -0.124145 0.626287
vn 0.617876 0.602220 0.505530
vn 0.617876 0.602220 0.505530
vn 0.617876 0.602220 0.505530
vn 0.617876 0.602220 0.505530
vn 0.206258 0.956803 0.204906
vn 0.206258 0.956803 0.204906
vn 0.206258 0.956803 0.204906
vn 0.206258 0.956803 0.204906
vn -0.247932 0.956805 -0.151838
vn -0.247932 0.956805 -0.151838
vn -0.247932 0.956805 -0.151838
vn -0.247932 0.956805 -0.151838
vn -0.297787 0.063030 -0.952549
vn -0.297787 0.063030 -0.952549
vn -0.297787 0.063030 -0.952549
vn -0.297787 0.063030 -0.952549
vn -0.866807 0.048211 -0.496309
vn -0.866806 0.048211 -0.496309
vn -0.866807 0.048211 -0.496309
vn -0.866806 0.048211 -0.496309
vn -0.999113 0.028890 0.030646
vn -0.992484 0.018497 0.120969
vn -0.999347 0.029834 0.020401
vn -0.798635 -0.090943 0.594905
vn -0.800858 -0.085999 0.592647
vn -0.832203 -0.004082 0.554456
vn -0.832225 -0.004081 0.554423
vn -0.386082 -0.097804 0.917265
vn -0.387855 -0.100797 0.916193
vn -0.339531 -0.015879 0.940461
vn -0.339601 -0.015880 0.940436
vn 0.350007 -0.006812 0.936722
vn 0.308892 -0.012233 0.951018
vn 0.305258 -0.012690 0.952185
vn 0.710671 -0.005294 0.703505
vn 0.710671 -0.005294 0.703505
vn 0.710671 -0.005294 0.703505
vn 0.710671 -0.005294 0.703505
vn 0.993868 0.050147 -0.098543
vn 0.993868 0.050147 -0.098543
vn 0.993868 0.050147 -0.098543
vn 0.993868 0.050147 -0.098543
vn 0.781774 0.012395 -0.623439
vn 0.781774 0.012395 -0.623439
vn 0.781774 0.012395 -0.623439
vn 0.781774 0.012395 -0.623439
vn 0.418489 0.026199 -0.907844
vn 0.418489 0.026199 -0.907844
vn 0.418489 0.026199 -0.907844
vn 0.418489 0.026199 -0.907844
vn 0.000000 1.000000 0.000000
vn 0.000001 1.000000 0.000003
vn -0.000000 1.000000 -0.000000
vn -0.000001 1.000000 -0.000003
vn -0.000002 1.000000 -0.000006
vn 0.000000 1.000000 0.000000
vn 0.000000 1.000000 0.000000
vn -0.000001 1.000000 -0.000003
vn 0.000001 1.000000 0.000003
vn 0.000002 1.000000 0.000006
vn 0.000000 1.000000 0.000000
vn -0.246736 0.429053 -0.868927
vn -0.246736 0.429053 -0.868927
vn -0.246736 0.429053 -0.868927
vn -0.246736 0.429053 -0.868927
vn -0.710356 0.429053 -0.557949
vn -0.710356 0.429053 -0.557949
vn -0.710356 0.429053 -0.557949
vn -0.710356 0.429053 -0.557949
vn -0.902643 0.429056 -0.033876
vn -0.902642 0.429056 -0.033876
vn -0.902642 0.429056 -0.033876
vn -0.902643 0.429056 -0.033876
vn -0.750152 0.429063 0.503167
vn -0.750152 0.429063 0.503167
vn -0.750152 0.429063 0.503167
vn -0.750152 0.429063 0.503167
vn -0.311138 0.429023 0.848017
vn -0.311138 0.429023 0.848017
vn -0.311138 0.429023 0.848017
vn -0.311138 0.429023 0.848017
vn 0.246735 0.429059 0.868925
vn 0.246735 0.429059 0.868925
vn 0.246735 0.429059 0.868925
vn 0.246735 0.429059 0.868925
vn 0.710372 0.429032 0.557945
vn 0.710372 0.429032 0.557946
vn 0.710372 0.429032 0.557945
vn 0.710372 0.429032 0.557946
vn 0.902648 0.429046 0.033870
vn 0.902648 0.429046 0.033870
vn 0.902648 0.429046 0.033870
vn 0.902648 0.429046 0.033870
vn 0.750162 0.429030 -0.503181
vn 0.750162 0.429030 -0.503181
vn 0.750162 0.429030 -0.503181
vn 0.750162 0.429030 -0.503181
vn 0.311130 0.429049 -0.848006
vn 0.311130 0.429049 -0.848006
vn 0.311130 0.429049 -0.848006
vn 0.311131 0.429049 -0.848006
vn -0.100536 0.929820 -0.354017
vn -0.100536 0.929820 -0.354017
vn -0.100536 0.929820 -0.354017
vn -0.100536 0.929820 -0.354017
vn -0.289433 0.929803 -0.227367
vn -0.289433 0.929802 -0.227367
vn -0.289433 0.929803 -0.227367
vn -0.289433 0.929803 -0.227367
vn -0.367792 0.929806 -0.013787
vn -0.367792 0.929806 -0.013787
vn -0.367792 0.929806 -0.013787
vn -0.367792 0.929806 -0.013787
vn -0.305659 0.929808 0.205012
vn -0.305659 0.929808 0.205012
vn -0.305659 0.929808 0.205012
vn -0.305659 0.929808 0.205012
vn -0.126769 0.929807 0.345527
vn -0.126769 0.929807 0.345527
vn -0.126769 0.929807 0.345527
vn -0.126769 0.929807 0.345527
vn 0.100529 0.929816 0.354028
vn 0.100529 0.929816 0.354028
vn 0.100529 0.929816 0.354028
vn 0.100529 0.929816 0.354028
vn 0.289437 0.929810 0.227330
vn 0.289437 0.929810 0.227330
vn 0.289437 0.929810 0.227330
vn 0.289437 0.929810 0.227330
vn 0.367781 0.929810 0.013799
vn 0.367781 0.929810 0.013799
vn 0.367781 0.929810 0.013799
vn 0.367781 0.929810 0.013799
vn 0.305649 0.929811 -0.205015
vn 0.305649 0.929811 -0.205015
vn 0.305649 0.929811 -0.205015
vn 0.305649 0.929811 -0.205015
vn 0.126762 0.929812 -0.345516
vn 0.126762 0.929812 -0.345516
vn 0.126762 0.929812 -0.345516
vn 0.126762 0.929812 -0.345516
vn 0.304619 -0.012778 0.952389
vn 0.304619 -0.012778 0.952389
vn -0.340065 -0.015885 0.940268
vn -0.340065 -0.015885 0.940268
vn -0.832031 -0.004092 0.554714
vn -0.832031 -0.004092 0.554714
vn -0.999362 0.029962 0.019429
vn -0.999362 0.029962 0.019429
vn -0.992584 0.022134 0.119529
vn -0.762376 -0.163981 0.626013
vn -0.762376 -0.163981 0.626013
vn -0.429046 -0.172558 0.886647
vn -0.429046 -0.172558 0.886647
vn 0.349938 -0.007218 0.936745
vn 0.651182 -0.368797 0.663288
vn 0.585490 -0.370704 0.720958
vn 0.061699 -0.948947 0.309344
vn 0.082820 -0.952392 0.293412
vn -0.053826 -0.918375 0.392034
vn -0.053826 -0.918375 0.392034
vn -0.286061 -0.955316 0.074434
vn -0.293068 -0.952315 0.084897
vn -0.403038 -0.878068 0.257988
vn -0.403038 -0.878067 0.257988
vn -0.734748 -0.470198 -0.488936
vn -0.800696 -0.488543 -0.346716
s 1
g pCylinder33
usemtl lambert8SG
f 1495/2145/4491 1496/2146/4492 1506/2157/4493 1505/2156/4494
s 2
f 1496/2146/4495 1497/2147/4496 1507/2158/4497 1506/2157/4498
s 3
f 1497/2147/4499 1498/2148/4500 1508/2159/4501 1507/2158/4502
s 4
f 1498/2148/4503 1499/2149/4504 1509/2160/4505 1508/2159/4506
s 5
f 1499/2149/4507 1500/2150/4508 1510/2161/4509 1509/2160/4510
s 6
f 1500/2150/4511 1501/2151/4512 1511/2162/4513 1510/2161/4514
s 7
f 1501/2151/4515 1502/2152/4516 1512/2163/4517 1511/2162/4518
s 8
f 1502/2152/4519 1503/2153/4520 1513/2164/4521 1512/2163/4522
s 9
f 1503/2153/4523 1504/2154/4524 1514/2165/4525 1513/2164/4526
s 10
f 1504/2154/4527 1495/2155/4528 1505/2166/4529 1514/2165/4530
s 1
f 1505/2156/4494 1506/2157/4493 1516/2168/4531 1515/2167/4532
s 2
f 1506/2157/4498 1507/2158/4497 1517/2169/4533 1516/2168/4534
s 3
f 1507/2158/4502 1508/2159/4501 1518/2170/4535 1517/2169/4536
s 4
f 1508/2159/4506 1509/2160/4505 1519/2171/4537 1518/2170/4538
s 5
f 1509/2160/4510 1510/2161/4509 1520/2172/4539 1519/2171/4540
s 6
f 1510/2161/4514 1511/2162/4513 1521/2173/4541 1520/2172/4542
s 7
f 1511/2162/4518 1512/2163/4517 1522/2174/4543 1521/2173/4544
s 8
f 1512/2163/4522 1513/2164/4521 1523/2175/4545 1522/2174/4546
s 9
f 1513/2164/4526 1514/2165/4525 1524/2176/4547 1523/2175/4548
s 10
f 1514/2165/4530 1505/2166/4529 1515/2177/4549 1524/2176/4550
s 1
f 1515/2167/4532 1516/2168/4531 1526/2179/4551 1525/2178/4552
s 2
f 1516/2168/4534 1517/2169/4533 1527/2180/4553 1526/2179/4554
s 3
f 1517/2169/4536 1518/2170/4535 1528/2181/4555 1527/2180/4556
s 4
f 1518/2170/4538 1519/2171/4537 1529/2182/4557 1528/2181/4558
s 5
f 1519/2171/4540 1520/2172/4539 1530/2183/4559 1529/2182/4560
s 6
f 1520/2172/4542 1521/2173/4541 1531/2184/4561 1530/2183/4562
s 7
f 1521/2173/4544 1522/2174/4543 1532/2185/4563 1531/2184/4564
s 8
f 1522/2174/4546 1523/2175/4545 1533/2186/4565 1532/2185/4566
s 9
f 1523/2175/4548 1524/2176/4547 1534/2187/4567 1533/2186/4568
s 10
f 1524/2176/4550 1515/2177/4549 1525/2188/4569 1534/2187/4570
s 11
f 1496/2136/4571 1495/2135/4572 1535/2199/4573
f 1497/2137/4574 1496/2136/4571 1535/2199/4573
f 1498/2138/4575 1497/2137/4574 1535/2199/4573
f 1499/2139/4576 1498/2138/4575 1535/2199/4573
f 1500/2140/4577 1499/2139/4576 1535/2199/4573
f 1501/2141/4578 1500/2140/4577 1535/2199/4573
f 1502/2142/4579 1501/2141/4578 1535/2199/4573
f 1503/2143/4580 1502/2142/4579 1535/2199/4573
f 1504/2144/4581 1503/2143/4580 1535/2199/4573
f 1495/2135/4572 1504/2144/4581 1535/2199/4573
s 12
f 1546/2211/4582 1547/2212/4583 1548/2200/4584
f 1547/2212/4583 1549/2213/4585 1548/2200/4584
f 1549/2213/4585 1550/2214/4586 1548/2200/4584
f 1550/2214/4586 1551/2215/4587 1548/2200/4584
f 1551/2215/4587 1552/2216/4588 1548/2200/4584
f 1552/2216/4588 1553/2217/4589 1548/2200/4584
f 1553/2217/4589 1554/2218/4590 1548/2200/4584
f 1554/2218/4590 1555/2219/4591 1548/2200/4584
f 1555/2219/4591 1556/2220/4592 1548/2200/4584
f 1556/2220/4592 1546/2211/4582 1548/2200/4584
s off
f 1525/2197/4593 1526/2196/4594 1537/2202/4595 1536/2201/4596
f 1526/2196/4597 1527/2195/4598 1538/2203/4599 1537/2202/4600
f 1527/2195/4601 1528/2194/4602 1539/2204/4603 1538/2203/4604
f 1528/2194/4605 1529/2193/4606 1540/2205/4607 1539/2204/4608
f 1529/2193/4609 1530/2192/4610 1541/2206/4611 1540/2205/4612
f 1530/2192/4613 1531/2191/4614 1542/2207/4615 1541/2206/4616
f 1531/2191/4617 1532/2190/4618 1543/2208/4619 1542/2207/4620
f 1532/2190/4621 1533/2189/4622 1544/2209/4623 1543/2208/4624
f 1533/2189/4625 1534/2198/4626 1545/2210/4627 1544/2209/4628
f 1534/2198/4629 1525/2197/4630 1536/2201/4631 1545/2210/4632
f 1536/2201/4633 1537/2202/4634 1547/2212/4635 1546/2211/4636
f 1537/2202/4637 1538/2203/4638 1549/2213/4639 1547/2212/4640
f 1538/2203/4641 1539/2204/4642 1550/2214/4643 1549/2213/4644
f 1539/2204/4645 1540/2205/4646 1551/2215/4647 1550/2214/4648
f 1540/2205/4649 1541/2206/4650 1552/2216/4651 1551/2215/4652
f 1541/2206/4653 1542/2207/4654 1553/2217/4655 1552/2216/4656
f 1542/2207/4657 1543/2208/4658 1554/2218/4659 1553/2217/4660
f 1543/2208/4661 1544/2209/4662 1555/2219/4663 1554/2218/4664
f 1544/2209/4665 1545/2210/4666 1556/2220/4667 1555/2219/4668
f 1545/2210/4669 1536/2201/4670 1546/2211/4671 1556/2220/4672
f 1557/2221/4673 1558/2222/4674 1568/2223/4675 1567/2224/4676
f 1558/2222/4677 1559/2225/4678 1569/2226/4679 1568/2223/4680
s 13
f 1559/2225/4681 1560/2227/4682 1616/2228/4683 1569/2226/4684
s 14
f 1560/2227/4685 1561/2229/4686 1615/2230/4687 1616/2228/4688
s 15
f 1561/2229/4689 1562/2231/4690 1614/2232/4691 1615/2230/4692
s 16
f 1562/2231/4693 1563/2233/4694 1573/2234/4695 1614/2232/4696
s off
f 1563/2233/4697 1564/2235/4698 1574/2236/4699 1573/2234/4700
f 1564/2235/4701 1565/2237/4702 1575/2238/4703 1574/2236/4704
f 1565/2237/4705 1566/2239/4706 1576/2240/4707 1575/2238/4708
f 1566/2239/4709 1557/2241/4710 1567/2242/4711 1576/2240/4712
f 1567/2243/4713 1568/2244/4714 1578/2245/4715 1577/2246/4716
f 1568/2244/4717 1569/2247/4718 1579/2248/4719 1578/2245/4720
s 17
f 1569/2247/4721 1611/2249/4722 1610/2250/4723
s 18
f 1611/2249/4724 1612/2251/4725 1609/2252/4726 1610/2250/4727
s 19
f 1612/2251/4728 1613/2253/4729 1608/2254/4730 1609/2252/4731
s 20
f 1613/2253/4732 1573/2255/4733 1608/2254/4734
s off
f 1573/2255/4735 1574/2256/4736 1584/2257/4737 1583/2258/4738
f 1574/2256/4739 1575/2259/4740 1585/2260/4741 1584/2257/4742
f 1575/2259/4743 1576/2261/4744 1586/2262/4745 1585/2260/4746
f 1576/2261/4747 1567/2263/4748 1577/2264/4749 1586/2262/4750
s 21
f 1597/2265/4751 1598/2266/4752 1599/2267/4753
f 1598/2266/4752 1600/2268/4754 1599/2267/4753
f 1600/2268/4754 1601/2269/4755 1599/2267/4753
f 1601/2269/4755 1602/2270/4756 1599/2267/4753
f 1602/2270/4756 1603/2271/4757 1599/2267/4753
f 1603/2271/4757 1604/2272/4758 1599/2267/4753
f 1604/2272/4758 1605/2273/4759 1599/2267/4753
f 1605/2273/4759 1606/2274/4760 1599/2267/4753
f 1606/2274/4760 1607/2275/4761 1599/2267/4753
f 1607/2275/4761 1597/2265/4751 1599/2267/4753
s off
f 1577/2276/4762 1578/2277/4763 1588/2278/4764 1587/2279/4765
f 1578/2277/4766 1579/2280/4767 1589/2281/4768 1588/2278/4769
f 1579/2280/4770 1580/2282/4771 1590/2283/4772 1589/2281/4773
f 1580/2282/4774 1581/2284/4775 1591/2285/4776 1590/2283/4777
f 1581/2284/4778 1582/2286/4779 1592/2287/4780 1591/2285/4781
f 1582/2286/4782 1583/2288/4783 1593/2289/4784 1592/2287/4785
f 1583/2288/4786 1584/2290/4787 1594/2291/4788 1593/2289/4789
f 1584/2290/4790 1585/2292/4791 1595/2293/4792 1594/2291/4793
f 1585/2292/4794 1586/2294/4795 1596/2295/4796 1595/2293/4797
f 1586/2294/4798 1577/2276/4799 1587/2279/4800 1596/2295/4801
f 1587/2279/4802 1588/2278/4803 1598/2266/4804 1597/2265/4805
f 1588/2278/4806 1589/2281/4807 1600/2268/4808 1598/2266/4809
f 1589/2281/4810 1590/2283/4811 1601/2269/4812 1600/2268/4813
f 1590/2283/4814 1591/2285/4815 1602/2270/4816 1601/2269/4817
f 1591/2285/4818 1592/2287/4819 1603/2271/4820 1602/2270/4821
f 1592/2287/4822 1593/2289/4823 1604/2272/4824 1603/2271/4825
f 1593/2289/4826 1594/2291/4827 1605/2273/4828 1604/2272/4829
f 1594/2291/4830 1595/2293/4831 1606/2274/4832 1605/2273/4833
f 1595/2293/4834 1596/2295/4835 1607/2275/4836 1606/2274/4837
f 1596/2295/4838 1587/2279/4839 1597/2265/4840 1607/2275/4841
s 20
f 1608/2254/4734 1573/2255/4733 1583/2258/4842 1582/2296/4843
s 19
f 1609/2252/4731 1608/2254/4730 1582/2296/4844 1581/2297/4845
s 18
f 1610/2250/4727 1609/2252/4726 1581/2297/4846 1580/2298/4847
s 17
f 1569/2247/4721 1610/2250/4723 1580/2298/4848 1579/2248/4849
f 1569/2247/4721 1570/2299/4850 1611/2249/4722
s 18
f 1570/2299/4851 1571/2300/4852 1612/2251/4725 1611/2249/4724
s 19
f 1571/2300/4853 1572/2301/4854 1613/2253/4729 1612/2251/4728
s 20
f 1572/2301/4855 1573/2255/4733 1613/2253/4732
s 16
f 1619/2302/4856 1573/2234/4695 1572/2303/4857
s 15
f 1618/2304/4858 1619/2302/4859 1572/2303/4860 1571/2305/4861
s 14
f 1617/2306/4862 1618/2304/4863 1571/2305/4864 1570/2307/4865
s 13
f 1569/2226/4684 1617/2306/4866 1570/2307/4867
f 1569/2226/4684 1616/2228/4683 1617/2306/4866
s 14
f 1616/2228/4688 1615/2230/4687 1618/2304/4863 1617/2306/4862
s 15
f 1615/2230/4692 1614/2232/4691 1619/2302/4859 1618/2304/4858
s 16
f 1614/2232/4696 1573/2234/4695 1619/2302/4856
s off
f 1620/2308/4868 1621/2309/4869 1631/2310/4870 1630/2311/4871
f 1621/2309/4872 1622/2312/4873 1632/2313/4874 1631/2310/4875
s 22
f 1622/2312/4876 1623/2314/4877 1679/2315/4878 1632/2313/4879
s 23
f 1623/2314/4880 1624/2316/4881 1678/2317/4882 1679/2315/4883
s 24
f 1624/2316/4884 1625/2318/4885 1677/2319/4886 1678/2317/4887
s 25
f 1625/2318/4888 1626/2320/4889 1636/2321/4890 1677/2319/4891
s off
f 1626/2320/4892 1627/2322/4893 1637/2323/4894 1636/2321/4895
f 1627/2322/4896 1628/2324/4897 1638/2325/4898 1637/2323/4899
f 1628/2324/4900 1629/2326/4901 1639/2327/4902 1638/2325/4903
f 1629/2326/4904 1620/2328/4905 1630/2329/4906 1639/2327/4907
f 1630/2330/4908 1631/2331/4909 1641/2332/4910 1640/2333/4911
f 1631/2331/4912 1632/2334/4913 1642/2335/4914 1641/2332/4915
s 26
f 1632/2334/4916 1674/2336/4917 1673/2337/4918
s 27
f 1674/2336/4919 1675/2338/4920 1672/2339/4921 1673/2337/4922
s 28
f 1675/2338/4923 1676/2340/4924 1671/2341/4925 1672/2339/4926
s 29
f 1676/2340/4927 1636/2342/4928 1671/2341/4929
s off
f 1636/2342/4930 1637/2343/4931 1647/2344/4932 1646/2345/4933
f 1637/2343/4934 1638/2346/4935 1648/2347/4936 1647/2344/4937
f 1638/2346/4938 1639/2348/4939 1649/2349/4940 1648/2347/4941
f 1639/2348/4942 1630/2350/4943 1640/2351/4944 1649/2349/4945
s 30
f 1660/2352/4946 1661/2353/4947 1662/2354/4948
f 1661/2353/4947 1663/2355/4949 1662/2354/4948
f 1663/2355/4949 1664/2356/4950 1662/2354/4948
f 1664/2356/4950 1665/2357/4951 1662/2354/4948
f 1665/2357/4951 1666/2358/4952 1662/2354/4948
f 1666/2358/4952 1667/2359/4953 1662/2354/4948
f 1667/2359/4953 1668/2360/4954 1662/2354/4948
f 1668/2360/4954 1669/2361/4955 1662/2354/4948
f 1669/2361/4955 1670/2362/4956 1662/2354/4948
f 1670/2362/4956 1660/2352/4946 1662/2354/4948
s off
f 1640/2363/4957 1641/2364/4958 1651/2365/4959 1650/2366/4960
f 1641/2364/4961 1642/2367/4962 1652/2368/4963 1651/2365/4964
f 1642/2367/4965 1643/2369/4966 1653/2370/4967 1652/2368/4968
f 1643/2369/4969 1644/2371/4970 1654/2372/4971 1653/2370/4972
f 1644/2371/4973 1645/2373/4974 1655/2374/4975 1654/2372/4976
f 1645/2373/4977 1646/2375/4978 1656/2376/4979 1655/2374/4980
f 1646/2375/4981 1647/2377/4982 1657/2378/4983 1656/2376/4984
f 1647/2377/4985 1648/2379/4986 1658/2380/4987 1657/2378/4988
f 1648/2379/4989 1649/2381/4990 1659/2382/4991 1658/2380/4992
f 1649/2381/4993 1640/2363/4994 1650/2366/4995 1659/2382/4996
f 1650/2366/4997 1651/2365/4998 1661/2353/4999 1660/2352/5000
f 1651/2365/5001 1652/2368/5002 1663/2355/5003 1661/2353/5004
f 1652/2368/5005 1653/2370/5006 1664/2356/5007 1663/2355/5008
f 1653/2370/5009 1654/2372/5010 1665/2357/5011 1664/2356/5012
f 1654/2372/5013 1655/2374/5014 1666/2358/5015 1665/2357/5016
f 1655/2374/5017 1656/2376/5018 1667/2359/5019 1666/2358/5020
f 1656/2376/5021 1657/2378/5022 1668/2360/5023 1667/2359/5024
f 1657/2378/5025 1658/2380/5026 1669/2361/5027 1668/2360/5028
f 1658/2380/5029 1659/2382/5030 1670/2362/5031 1669/2361/5032
f 1659/2382/5033 1650/2366/5034 1660/2352/5035 1670/2362/5036
s 29
f 1671/2341/4929 1636/2342/4928 1646/2345/5037 1645/2383/5038
s 28
f 1672/2339/4926 1671/2341/4925 1645/2383/5039 1644/2384/5040
s 27
f 1673/2337/4922 1672/2339/4921 1644/2384/5041 1643/2385/5042
s 26
f 1632/2334/4916 1673/2337/4918 1643/2385/5043 1642/2335/5044
f 1632/2334/4916 1633/2386/5045 1674/2336/4917
s 27
f 1633/2386/5046 1634/2387/5047 1675/2338/4920 1674/2336/4919
s 28
f 1634/2387/5048 1635/2388/5049 1676/2340/4924 1675/2338/4923
s 29
f 1635/2388/5050 1636/2342/4928 1676/2340/4927
s 25
f 1682/2389/5051 1636/2321/4890 1635/2390/5052
s 24
f 1681/2391/5053 1682/2389/5054 1635/2390/5055 1634/2392/5056
s 23
f 1680/2393/5057 1681/2391/5058 1634/2392/5059 1633/2394/5060
s 22
f 1632/2313/4879 1680/2393/5061 1633/2394/5062
f 1632/2313/4879 1679/2315/4878 1680/2393/5061
s 23
f 1679/2315/4883 1678/2317/4882 1681/2391/5058 1680/2393/5057
s 24
f 1678/2317/4887 1677/2319/4886 1682/2389/5054 1681/2391/5053
s 25
f 1677/2319/4891 1636/2321/4890 1682/2389/5051
g default
v -1345.701347 -49.093140 794.008366
v -1365.184660 -41.195877 783.849873
v -1385.693449 -36.603951 790.164287
v -1391.784250 -38.775192 808.196860
v -1378.870518 -46.074608 824.368543
v -1356.676557 -53.005585 826.501782
v -1341.914895 -54.348961 812.990210
v -1312.958265 34.629913 811.059680
v -1336.167903 47.731514 797.133330
v -1364.037338 53.671982 802.865456
v -1375.580411 47.978024 823.939662
v -1362.104872 34.937305 844.486596
v -1333.758037 24.369761 849.034143
v -1311.885652 24.232958 834.157681
v -1366.546503 -45.585327 805.725716
v -1329.753537 80.679359 833.356258
v -1339.972692 -60.974052 665.667923
v -1361.435865 -63.716728 645.248862
v -1390.811982 -60.475761 648.664495
v -1405.980342 -53.691673 673.343024
v -1395.518778 -48.473015 700.700843
v -1367.305157 -48.749557 710.137111
v -1342.584754 -54.313042 694.545956
v -1314.518970 125.809906 626.934519
v -1339.720185 112.371094 597.456776
v -1378.402369 114.160080 598.620943
v -1401.437072 114.643127 629.550428
v -1391.478600 113.456451 666.954598
v -1356.026021 111.493683 682.667431
v -1321.775709 110.232803 664.856836
v -1371.944235 -55.770546 676.901208
v -1350.449489 198.710968 620.156048
v -1381.829380 -108.954887 801.894743
v -1378.110130 -101.835289 773.248504
v -1398.827792 -98.046883 752.235226
v -1428.381479 -100.442421 754.678276
v -1444.516781 -107.218010 778.738176
v -1435.083330 -113.271507 806.297152
v -1407.184853 -114.044487 816.602732
v -1389.784469 131.326523 868.471227
v -1380.704978 137.655457 834.549123
v -1406.780711 152.142731 803.730222
v -1443.736817 138.896576 800.474249
v -1470.700796 145.349884 825.355210
v -1462.196931 138.796692 861.033185
v -1424.300476 122.403793 880.730475
v -1410.561971 -106.259071 783.384968
v -1432.377519 250.421967 869.221836
v -1408.710003 -48.239326 647.861244
v -1422.735461 -51.973511 634.920151
v -1441.890221 -52.689522 637.514912
v -1451.750393 -49.848183 653.691646
v -1444.891143 -45.589081 671.269003
v -1426.477510 -43.119408 677.010755
v -1410.375373 -44.298874 666.593336
v -1407.534729 41.053123 628.335937
v -1424.532379 39.079880 609.778270
v -1449.613246 36.778595 610.980545
v -1463.891009 35.882198 631.037533
v -1456.614097 37.065681 654.845741
v -1433.262233 39.437874 664.477264
v -1411.419869 41.212452 652.679261
v -1429.547134 -47.965416 655.551572
v -1438.275111 83.108910 627.209348
v -1432.699818 -99.453598 692.956626
v -1449.092671 -100.910355 728.230116
v -1432.169049 -96.828613 763.043925
v -1394.672601 -90.282013 771.182493
v -1364.839065 -86.200287 746.517271
v -1365.133647 -87.657043 707.621730
v -1395.334553 -93.555313 683.785034
v -1516.323623 246.011841 643.132081
v -1555.826373 269.870911 714.284422
v -1524.618059 300.697845 785.748880
v -1446.199152 315.279358 803.711298
v -1379.620738 302.635315 754.645546
v -1375.017615 282.918182 675.499174
v -1435.856169 283.483887 625.870878
v -1404.848747 -93.555313 727.619574
v -1489.282543 484.160950 709.264918
v -1335.540483 -62.190636 725.894466
v -1360.602266 -54.549454 711.800143
v -1386.404739 -45.429153 723.469836
v -1393.518164 -41.697510 752.115960
v -1376.585950 -46.164520 776.167531
v -1348.358474 -55.466446 777.513153
v -1330.091480 -62.598747 755.139507
v -1269.884508 102.593552 714.524021
v -1299.002086 117.614357 693.700046
v -1334.386016 128.137680 705.451758
v -1349.391532 126.239250 740.929741
v -1332.719195 113.348602 773.418498
v -1296.923446 124.598511 778.453215
v -1268.959454 104.881210 752.242655
v -1361.585917 -52.585213 746.014322
v -1279.260308 195.456146 734.145892
vn 0.483992 -0.019420 -0.874857
vn 0.483992 -0.019420 -0.874857
vn 0.483992 -0.019420 -0.874857
vn 0.483992 -0.019420 -0.874857
vn -0.196811 0.194976 -0.960859
vn -0.196811 0.194976 -0.960859
vn -0.196811 0.194977 -0.960859
vn -0.196811 0.194976 -0.960859
vn -0.900552 0.249768 -0.355839
vn -0.900552 0.249768 -0.355839
vn -0.900552 0.249768 -0.355839
vn -0.900552 0.249768 -0.355839
vn -0.803485 0.030820 0.594527
vn -0.803485 0.030820 0.594527
vn -0.803485 0.030820 0.594527
vn -0.803485 0.030820 0.594527
vn -0.198653 -0.208120 0.957718
vn -0.198653 -0.208120 0.957718
vn -0.198653 -0.208120 0.957718
vn -0.198653 -0.208120 0.957718
vn 0.553114 -0.393535 0.734299
vn 0.553114 -0.393535 0.734299
vn 0.553114 -0.393535 0.734299
vn 0.553114 -0.393535 0.734299
vn 0.926022 -0.306148 -0.220810
vn 0.926022 -0.306148 -0.220810
vn 0.926022 -0.306148 -0.220810
vn 0.926022 -0.306148 -0.220810
vn -0.273670 -0.939599 -0.205570
vn -0.273673 -0.939597 -0.205572
vn -0.273669 -0.939599 -0.205572
vn -0.273669 -0.939599 -0.205571
vn -0.273668 -0.939599 -0.205571
vn -0.273668 -0.939599 -0.205571
vn -0.273667 -0.939599 -0.205573
vn -0.273669 -0.939598 -0.205573
vn 0.877635 0.426250 -0.219245
vn 0.353383 0.660031 -0.662932
vn 0.271641 0.903563 0.331340
vn -0.329860 0.859511 -0.390426
vn -0.588301 0.716461 0.374947
vn -0.283548 0.411328 0.866262
vn 0.258407 0.242013 0.935230
vn 0.796944 0.260010 0.545230
vn 0.746491 -0.244590 -0.618811
vn 0.746491 -0.244590 -0.618811
vn 0.746491 -0.244590 -0.618811
vn 0.746491 -0.244590 -0.618811
vn -0.083954 -0.260158 -0.961909
vn -0.083954 -0.260158 -0.961909
vn -0.083954 -0.260158 -0.961909
vn -0.083954 -0.260158 -0.961909
vn -0.825869 -0.110461 -0.552937
vn -0.825869 -0.110461 -0.552937
vn -0.825869 -0.110461 -0.552937
vn -0.825869 -0.110461 -0.552937
vn -0.951172 0.093763 0.294076
vn -0.951172 0.093763 0.294076
vn -0.951172 0.093763 0.294076
vn -0.951172 0.093763 0.294076
vn -0.354830 0.190780 0.915259
vn -0.354830 0.190780 0.915259
vn -0.354830 0.190780 0.915259
vn -0.354830 0.190780 0.915259
vn 0.499189 0.102111 0.860456
vn 0.499189 0.102111 0.860456
vn 0.499189 0.102111 0.860456
vn 0.499189 0.102111 0.860455
vn 0.985798 -0.104153 0.131737
vn 0.985798 -0.104153 0.131737
vn 0.985798 -0.104153 0.131737
vn 0.985798 -0.104153 0.131737
vn -0.082092 -0.972726 0.216945
vn -0.082091 -0.972726 0.216943
vn -0.082092 -0.972726 0.216944
vn -0.082093 -0.972726 0.216944
vn -0.082092 -0.972726 0.216943
vn -0.082093 -0.972726 0.216944
vn -0.082093 -0.972726 0.216945
vn -0.082092 -0.972726 0.216944
vn 0.891801 0.425156 -0.154704
vn 0.307410 0.277503 -0.910215
vn -0.001709 0.997217 -0.074530
vn -0.454262 0.357964 -0.815787
vn -0.855656 0.507775 -0.100086
vn -0.573718 0.588696 0.569460
vn 0.042352 0.580240 0.813343
vn 0.563202 0.510710 0.649599
vn 0.980520 -0.030170 0.194088
vn 0.980520 -0.030170 0.194088
vn 0.980520 -0.030170 0.194088
vn 0.980520 -0.030170 0.194088
vn 0.760165 0.161347 -0.629378
vn 0.760165 0.161347 -0.629378
vn 0.760165 0.161347 -0.629378
vn 0.760165 0.161347 -0.629378
vn -0.033474 0.193290 -0.980570
vn -0.033474 0.193290 -0.980571
vn -0.033474 0.193290 -0.980571
vn -0.033474 0.193290 -0.980571
vn -0.749294 0.060616 -0.659458
vn -0.749294 0.060616 -0.659458
vn -0.749294 0.060616 -0.659458
vn -0.749294 0.060616 -0.659458
vn -0.958623 -0.149858 0.242041
vn -0.958623 -0.149858 0.242041
vn -0.958623 -0.149858 0.242041
vn -0.958623 -0.149858 0.242041
vn -0.454889 -0.249212 0.854967
vn -0.454889 -0.249212 0.854967
vn -0.454889 -0.249212 0.854967
vn -0.454889 -0.249212 0.854967
vn 0.442508 -0.215397 0.870512
vn 0.442508 -0.215397 0.870512
vn 0.442508 -0.215397 0.870512
vn 0.442508 -0.215397 0.870512
vn 0.059366 -0.970541 -0.233506
vn 0.059366 -0.970541 -0.233506
vn 0.059366 -0.970541 -0.233506
vn 0.059366 -0.970542 -0.233506
vn 0.059366 -0.970542 -0.233505
vn 0.059366 -0.970541 -0.233507
vn 0.059366 -0.970541 -0.233508
vn 0.059366 -0.970541 -0.233507
vn 0.668492 0.234630 0.705739
vn 0.898323 0.433527 -0.071201
vn -0.007040 0.957388 0.288720
vn 0.380518 0.579407 -0.720759
vn -0.320300 0.520525 -0.791493
vn -0.826903 0.445090 -0.343694
vn -0.715049 0.140784 0.684752
vn -0.051408 0.086201 0.994951
vn 0.717479 -0.165135 -0.676723
vn 0.717479 -0.165135 -0.676723
vn 0.717479 -0.165135 -0.676723
vn 0.717479 -0.165135 -0.676723
vn -0.063336 -0.277740 -0.958566
vn -0.063336 -0.277740 -0.958566
vn -0.063336 -0.277740 -0.958566
vn -0.063336 -0.277740 -0.958566
vn -0.813665 -0.240806 -0.529114
vn -0.813665 -0.240806 -0.529114
vn -0.813665 -0.240806 -0.529114
vn -0.813665 -0.240806 -0.529114
vn -0.942452 -0.057116 0.329428
vn -0.942452 -0.057116 0.329428
vn -0.942452 -0.057116 0.329428
vn -0.942452 -0.057116 0.329428
vn -0.355310 0.122616 0.926672
vn -0.355310 0.122616 0.926672
vn -0.355310 0.122616 0.926672
vn -0.355310 0.122616 0.926672
vn 0.497108 0.157432 0.853287
vn 0.497108 0.157432 0.853287
vn 0.497108 0.157432 0.853287
vn 0.497108 0.157432 0.853287
vn 0.991809 0.023282 0.125587
vn 0.991809 0.023282 0.125587
vn 0.991809 0.023282 0.125587
vn 0.991809 0.023282 0.125587
vn 0.065034 -0.975331 0.210951
vn 0.065034 -0.975331 0.210950
vn 0.065034 -0.975331 0.210951
vn 0.065034 -0.975331 0.210951
vn 0.065034 -0.975331 0.210951
vn 0.065034 -0.975331 0.210951
vn 0.065034 -0.975331 0.210952
vn 0.065034 -0.975331 0.210952
vn 0.789620 0.571155 -0.224235
vn 0.316085 0.432886 -0.844216
vn -0.083272 0.992993 -0.083852
vn -0.488449 0.392521 -0.779323
vn -0.877874 0.467891 -0.102054
vn -0.621398 0.570096 0.537453
vn -0.027207 0.647092 0.761926
vn 0.575312 0.661352 0.481278
vn -0.874941 -0.268417 -0.403026
vn -0.874941 -0.268417 -0.403026
vn -0.874941 -0.268417 -0.403026
vn -0.874941 -0.268417 -0.403026
vn -0.856829 -0.227407 0.462741
vn -0.856829 -0.227407 0.462741
vn -0.856829 -0.227407 0.462741
vn -0.856829 -0.227407 0.462741
vn -0.200606 -0.102970 0.974246
vn -0.200606 -0.102970 0.974246
vn -0.200606 -0.102970 0.974246
vn -0.200606 -0.102970 0.974246
vn 0.608008 0.010120 0.793867
vn 0.608008 0.010120 0.793867
vn 0.608008 0.010120 0.793867
vn 0.608008 0.010120 0.793867
vn 0.998977 0.033410 0.030469
vn 0.998977 0.033410 0.030469
vn 0.998977 0.033410 0.030469
vn 0.998977 0.033410 0.030469
vn 0.628981 -0.051017 -0.775745
vn 0.628981 -0.051017 -0.775745
vn 0.628981 -0.051017 -0.775745
vn 0.628981 -0.051017 -0.775745
vn -0.155038 -0.171713 -0.972871
vn -0.155038 -0.171713 -0.972871
vn -0.155038 -0.171713 -0.972871
vn -0.155038 -0.171713 -0.972871
vn 0.164362 -0.985755 0.035675
vn 0.164362 -0.985755 0.035675
vn 0.164362 -0.985755 0.035675
vn 0.164362 -0.985755 0.035675
vn 0.164362 -0.985755 0.035675
vn 0.164362 -0.985755 0.035675
vn 0.164363 -0.985755 0.035674
vn 0.164363 -0.985755 0.035675
vn -0.590289 0.277514 -0.757987
vn -0.925679 0.281533 -0.252701
vn -0.158935 0.971756 -0.174443
vn -0.711066 0.382824 0.589772
vn 0.202108 0.516800 0.831907
vn 0.805552 0.544855 0.232849
vn 0.757437 0.500431 -0.419354
vn 0.081432 0.400882 -0.912504
vn 0.450622 -0.245263 -0.858362
vn 0.450622 -0.245263 -0.858362
vn 0.450622 -0.245263 -0.858362
vn 0.450622 -0.245263 -0.858362
vn -0.352372 0.018052 -0.935686
vn -0.352372 0.018052 -0.935686
vn -0.352372 0.018052 -0.935686
vn -0.352372 0.018052 -0.935686
vn -0.917775 0.230750 -0.323176
vn -0.917775 0.230750 -0.323176
vn -0.917775 0.230750 -0.323176
vn -0.917775 0.230750 -0.323176
vn -0.800878 0.238589 0.549245
vn -0.800878 0.238589 0.549245
vn -0.800878 0.238589 0.549245
vn -0.800878 0.238589 0.549245
vn -0.100116 0.033395 0.994415
vn -0.100116 0.033395 0.994415
vn -0.100116 0.033395 0.994415
vn -0.100116 0.033395 0.994415
vn 0.649423 -0.206222 0.731931
vn 0.649423 -0.206222 0.731931
vn 0.649423 -0.206222 0.731931
vn 0.649423 -0.206222 0.731931
vn 0.930280 -0.358356 -0.078490
vn 0.930280 -0.358356 -0.078490
vn 0.930280 -0.358356 -0.078490
vn 0.930280 -0.358356 -0.078490
vn -0.314606 -0.948137 0.045387
vn -0.314606 -0.948137 0.045388
vn -0.314607 -0.948136 0.045387
vn -0.314606 -0.948137 0.045387
vn -0.314607 -0.948136 0.045388
vn -0.314608 -0.948136 0.045388
vn -0.314608 -0.948136 0.045387
vn -0.314606 -0.948137 0.045386
vn 0.896820 0.176283 -0.405755
vn 0.291833 0.381679 -0.877015
vn 0.320616 0.947085 -0.015319
vn -0.488651 0.648792 -0.583344
vn -0.672607 0.703873 0.228392
vn -0.473380 0.611476 0.634041
vn 0.255101 0.466125 0.847143
vn 0.940869 0.166005 0.295311
s off
g Big_Crystal3
usemtl lambert4SG
f 1683//5063 1684//5064 1691//5065 1690//5066
f 1684//5067 1685//5068 1692//5069 1691//5070
f 1685//5071 1686//5072 1693//5073 1692//5074
f 1686//5075 1687//5076 1694//5077 1693//5078
f 1687//5079 1688//5080 1695//5081 1694//5082
f 1688//5083 1689//5084 1696//5085 1695//5086
f 1689//5087 1683//5088 1690//5089 1696//5090
s 1
f 1684//5091 1683//5092 1697//5093
f 1685//5094 1684//5091 1697//5093
f 1686//5095 1685//5094 1697//5093
f 1687//5096 1686//5095 1697//5093
f 1688//5097 1687//5096 1697//5093
f 1689//5098 1688//5097 1697//5093
f 1683//5092 1689//5098 1697//5093
s 2
f 1690//5099 1691//5100 1698//5101
f 1691//5100 1692//5102 1698//5101
f 1692//5102 1693//5103 1698//5101
f 1693//5103 1694//5104 1698//5101
f 1694//5104 1695//5105 1698//5101
f 1695//5105 1696//5106 1698//5101
f 1696//5106 1690//5099 1698//5101
s off
f 1699//5107 1700//5108 1707//5109 1706//5110
f 1700//5111 1701//5112 1708//5113 1707//5114
f 1701//5115 1702//5116 1709//5117 1708//5118
f 1702//5119 1703//5120 1710//5121 1709//5122
f 1703//5123 1704//5124 1711//5125 1710//5126
f 1704//5127 1705//5128 1712//5129 1711//5130
f 1705//5131 1699//5132 1706//5133 1712//5134
s 3
f 1700//5135 1699//5136 1713//5137
f 1701//5138 1700//5135 1713//5137
f 1702//5139 1701//5138 1713//5137
f 1703//5140 1702//5139 1713//5137
f 1704//5141 1703//5140 1713//5137
f 1705//5142 1704//5141 1713//5137
f 1699//5136 1705//5142 1713//5137
s 4
f 1706//5143 1707//5144 1714//5145
f 1707//5144 1708//5146 1714//5145
f 1708//5146 1709//5147 1714//5145
f 1709//5147 1710//5148 1714//5145
f 1710//5148 1711//5149 1714//5145
f 1711//5149 1712//5150 1714//5145
f 1712//5150 1706//5143 1714//5145
s off
f 1715//5151 1716//5152 1723//5153 1722//5154
f 1716//5155 1717//5156 1724//5157 1723//5158
f 1717//5159 1718//5160 1725//5161 1724//5162
f 1718//5163 1719//5164 1726//5165 1725//5166
f 1719//5167 1720//5168 1727//5169 1726//5170
f 1720//5171 1721//5172 1728//5173 1727//5174
f 1721//5175 1715//5176 1722//5177 1728//5178
s 5
f 1716//5179 1715//5180 1729//5181
f 1717//5182 1716//5179 1729//5181
f 1718//5183 1717//5182 1729//5181
f 1719//5184 1718//5183 1729//5181
f 1720//5185 1719//5184 1729//5181
f 1721//5186 1720//5185 1729//5181
f 1715//5180 1721//5186 1729//5181
s 6
f 1722//5187 1723//5188 1730//5189
f 1723//5188 1724//5190 1730//5189
f 1724//5190 1725//5191 1730//5189
f 1725//5191 1726//5192 1730//5189
f 1726//5192 1727//5193 1730//5189
f 1727//5193 1728//5194 1730//5189
f 1728//5194 1722//5187 1730//5189
s off
f 1731//5195 1732//5196 1739//5197 1738//5198
f 1732//5199 1733//5200 1740//5201 1739//5202
f 1733//5203 1734//5204 1741//5205 1740//5206
f 1734//5207 1735//5208 1742//5209 1741//5210
f 1735//5211 1736//5212 1743//5213 1742//5214
f 1736//5215 1737//5216 1744//5217 1743//5218
f 1737//5219 1731//5220 1738//5221 1744//5222
s 7
f 1732//5223 1731//5224 1745//5225
f 1733//5226 1732//5223 1745//5225
f 1734//5227 1733//5226 1745//5225
f 1735//5228 1734//5227 1745//5225
f 1736//5229 1735//5228 1745//5225
f 1737//5230 1736//5229 1745//5225
f 1731//5224 1737//5230 1745//5225
s 8
f 1738//5231 1739//5232 1746//5233
f 1739//5232 1740//5234 1746//5233
f 1740//5234 1741//5235 1746//5233
f 1741//5235 1742//5236 1746//5233
f 1742//5236 1743//5237 1746//5233
f 1743//5237 1744//5238 1746//5233
f 1744//5238 1738//5231 1746//5233
s off
f 1747//5239 1748//5240 1755//5241 1754//5242
f 1748//5243 1749//5244 1756//5245 1755//5246
f 1749//5247 1750//5248 1757//5249 1756//5250
f 1750//5251 1751//5252 1758//5253 1757//5254
f 1751//5255 1752//5256 1759//5257 1758//5258
f 1752//5259 1753//5260 1760//5261 1759//5262
f 1753//5263 1747//5264 1754//5265 1760//5266
s 9
f 1748//5267 1747//5268 1761//5269
f 1749//5270 1748//5267 1761//5269
f 1750//5271 1749//5270 1761//5269
f 1751//5272 1750//5271 1761//5269
f 1752//5273 1751//5272 1761//5269
f 1753//5274 1752//5273 1761//5269
f 1747//5268 1753//5274 1761//5269
s 10
f 1754//5275 1755//5276 1762//5277
f 1755//5276 1756//5278 1762//5277
f 1756//5278 1757//5279 1762//5277
f 1757//5279 1758//5280 1762//5277
f 1758//5280 1759//5281 1762//5277
f 1759//5281 1760//5282 1762//5277
f 1760//5282 1754//5275 1762//5277
s off
f 1763//5283 1764//5284 1771//5285 1770//5286
f 1764//5287 1765//5288 1772//5289 1771//5290
f 1765//5291 1766//5292 1773//5293 1772//5294
f 1766//5295 1767//5296 1774//5297 1773//5298
f 1767//5299 1768//5300 1775//5301 1774//5302
f 1768//5303 1769//5304 1776//5305 1775//5306
f 1769//5307 1763//5308 1770//5309 1776//5310
s 11
f 1764//5311 1763//5312 1777//5313
f 1765//5314 1764//5311 1777//5313
f 1766//5315 1765//5314 1777//5313
f 1767//5316 1766//5315 1777//5313
f 1768//5317 1767//5316 1777//5313
f 1769//5318 1768//5317 1777//5313
f 1763//5312 1769//5318 1777//5313
s 12
f 1770//5319 1771//5320 1778//5321
f 1771//5320 1772//5322 1778//5321
f 1772//5322 1773//5323 1778//5321
f 1773//5323 1774//5324 1778//5321
f 1774//5324 1775//5325 1778//5321
f 1775//5325 1776//5326 1778//5321
f 1776//5326 1770//5319 1778//5321
g default
v -94.088685 -2.261419 -152.100046
v -107.213807 -2.261419 -155.095774
v -117.739320 -2.261419 -146.701914
v -117.739320 -2.261419 -133.239268
v -107.213807 -2.261419 -124.845408
v -94.088685 -2.261419 -127.841135
v -88.247438 -2.261419 -139.970591
v -90.083253 51.243462 -154.746775
v -106.796876 55.869980 -161.099253
v -121.397706 62.075481 -151.643442
v -122.890931 65.187111 -133.499766
v -110.152223 62.861740 -120.330820
v -92.774049 56.850418 -122.053049
v -83.842469 51.679802 -137.369578
v -103.761598 -2.261419 -139.970591
v -103.761598 87.337761 -139.970591
v -110.729982 -1.357593 -133.919077
v -117.528566 -1.815638 -138.193308
v -124.943910 -3.608806 -135.644236
v -127.392030 -5.386806 -128.191355
v -123.029481 -5.810766 -121.446848
v -115.141359 -4.561437 -120.489390
v -109.667543 -2.579588 -126.040110
v -114.307557 34.148865 -129.532236
v -123.634340 33.520485 -135.395945
v -133.807191 31.060495 -131.898936
v -137.165712 28.621313 -121.674570
v -131.180909 28.039694 -112.421946
v -120.359376 29.753611 -111.108469
v -112.850038 32.472446 -118.723276
v -118.347535 -3.588662 -129.132029
v -127.694459 48.294418 -119.824839
v -86.471193 -4.409107 -139.546336
v -93.777528 -1.045886 -139.628550
v -99.210695 -0.709863 -133.706736
v -98.679445 -3.654070 -126.240183
v -92.583863 -7.661459 -122.851267
v -85.513917 -9.714384 -126.092051
v -82.793580 -8.266952 -133.521983
v -77.265748 17.577190 -130.000498
v -83.288820 20.349710 -130.068308
v -87.767762 20.626715 -125.186533
v -87.329835 18.199615 -119.031382
v -82.304811 14.896066 -116.237742
v -76.476686 13.203707 -118.909251
v -74.234071 14.396918 -125.034312
v -91.290040 -5.065960 -131.655283
v -76.244996 27.909748 -119.722788
vt 0.597420 0.034089
vt 0.465231 0.003918
vt 0.359224 0.088456
vt 0.359224 0.224044
vt 0.465231 0.308582
vt 0.597420 0.278411
vt 0.656250 0.156250
vt 0.375000 0.312500
vt 0.410714 0.312500
vt 0.446429 0.312500
vt 0.482143 0.312500
vt 0.517857 0.312500
vt 0.553571 0.312500
vt 0.589286 0.312500
vt 0.625000 0.312500
vt 0.375000 0.687500
vt 0.410714 0.687500
vt 0.446429 0.687500
vt 0.482143 0.687500
vt 0.517857 0.687500
vt 0.553571 0.687500
vt 0.589286 0.687500
vt 0.625000 0.687500
vt 0.597420 0.721589
vt 0.465231 0.691418
vt 0.359224 0.775956
vt 0.359224 0.911544
vt 0.465231 0.996082
vt 0.597420 0.965911
vt 0.656250 0.843750
vt 0.500000 0.156250
vt 0.500000 0.843750
vt 0.375000 0.312500
vt 0.410714 0.312500
vt 0.410714 0.687500
vt 0.375000 0.687500
vt 0.446429 0.312500
vt 0.446429 0.687500
vt 0.482143 0.312500
vt 0.482143 0.687500
vt 0.517857 0.312500
vt 0.517857 0.687500
vt 0.553571 0.312500
vt 0.553571 0.687500
vt 0.589286 0.312500
vt 0.589286 0.687500
vt 0.625000 0.312500
vt 0.625000 0.687500
vt 0.465231 0.003918
vt 0.597420 0.034089
vt 0.500000 0.156250
vt 0.359224 0.088456
vt 0.359224 0.224044
vt 0.465231 0.308582
vt 0.597420 0.278411
vt 0.656250 0.156250
vt 0.597420 0.965911
vt 0.465231 0.996082
vt 0.500000 0.843750
vt 0.359224 0.911544
vt 0.359224 0.775956
vt 0.465231 0.691418
vt 0.597420 0.721589
vt 0.656250 0.843750
vt 0.375000 0.312500
vt 0.410714 0.312500
vt 0.410714 0.687500
vt 0.375000 0.687500
vt 0.446429 0.312500
vt 0.446429 0.687500
vt 0.482143 0.312500
vt 0.482143 0.687500
vt 0.517857 0.312500
vt 0.517857 0.687500
vt 0.553571 0.312500
vt 0.553571 0.687500
vt 0.589286 0.312500
vt 0.589286 0.687500
vt 0.625000 0.312500
vt 0.625000 0.687500
vt 0.465231 0.003918
vt 0.597420 0.034089
vt 0.500000 0.156250
vt 0.359224 0.088456
vt 0.359224 0.224044
vt 0.465231 0.308582
vt 0.597420 0.278411
vt 0.656250 0.156250
vt 0.597420 0.965911
vt 0.465231 0.996082
vt 0.500000 0.843750
vt 0.359224 0.911544
vt 0.359224 0.775956
vt 0.465231 0.691418
vt 0.597420 0.721589
vt 0.656250 0.843750
vn 0.285808 -0.085281 -0.954485
vn 0.285808 -0.085281 -0.954485
vn 0.285808 -0.085281 -0.954485
vn 0.285808 -0.085281 -0.954485
vn -0.591163 -0.087305 -0.801813
vn -0.591163 -0.087305 -0.801813
vn -0.591163 -0.087305 -0.801813
vn -0.591163 -0.087305 -0.801813
vn -0.996852 -0.068235 -0.040378
vn -0.996852 -0.068235 -0.040378
vn -0.996852 -0.068235 -0.040378
vn -0.996852 -0.068235 -0.040378
vn -0.681827 -0.064988 0.728621
vn -0.681827 -0.064988 0.728621
vn -0.681827 -0.064988 0.728621
vn -0.681827 -0.064988 0.728621
vn 0.136929 -0.080090 0.987338
vn 0.136929 -0.080090 0.987338
vn 0.136929 -0.080090 0.987338
vn 0.136929 -0.080090 0.987338
vn 0.871358 -0.080004 0.484081
vn 0.871359 -0.080004 0.484081
vn 0.871358 -0.080004 0.484081
vn 0.871359 -0.080004 0.484081
vn 0.923368 -0.072438 -0.377019
vn 0.923368 -0.072438 -0.377019
vn 0.923368 -0.072438 -0.377019
vn 0.923369 -0.072438 -0.377019
vn 0.000000 -1.000000 -0.000000
vn 0.000000 -1.000000 -0.000000
vn 0.000000 -1.000000 -0.000000
vn 0.000000 -1.000000 -0.000000
vn 0.000000 -1.000000 0.000000
vn 0.000000 -1.000000 0.000000
vn 0.000000 -1.000000 0.000000
vn 0.000000 -1.000000 0.000000
vn 0.683626 0.483042 -0.547108
vn 0.172971 0.537483 -0.825345
vn 0.214756 0.972445 -0.090720
vn -0.506206 0.627000 -0.592137
vn -0.703461 0.673679 0.226495
vn -0.048508 0.632776 0.772814
vn 0.657877 0.543498 0.521352
vn 0.873548 0.484867 -0.042645
vn 0.518178 0.156104 -0.840906
vn 0.518178 0.156104 -0.840906
vn 0.518178 0.156104 -0.840906
vn 0.518178 0.156104 -0.840906
vn -0.328911 0.017915 -0.944191
vn -0.328911 0.017915 -0.944191
vn -0.328911 0.017915 -0.944191
vn -0.328911 0.017915 -0.944191
vn -0.916609 -0.196737 -0.348026
vn -0.916609 -0.196737 -0.348026
vn -0.916609 -0.196737 -0.348026
vn -0.916609 -0.196737 -0.348026
vn -0.802914 -0.326340 0.498831
vn -0.802914 -0.326340 0.498831
vn -0.802914 -0.326340 0.498831
vn -0.802914 -0.326340 0.498831
vn -0.073134 -0.273326 0.959137
vn -0.073134 -0.273326 0.959137
vn -0.073134 -0.273326 0.959137
vn -0.073134 -0.273326 0.959137
vn 0.723580 -0.077477 0.685879
vn 0.723580 -0.077477 0.685879
vn 0.723580 -0.077477 0.685879
vn 0.723580 -0.077477 0.685879
vn 0.986788 0.113689 -0.115431
vn 0.986788 0.113689 -0.115431
vn 0.986788 0.113689 -0.115431
vn 0.986788 0.113689 -0.115431
vn 0.174601 -0.969169 -0.173858
vn 0.174601 -0.969169 -0.173858
vn 0.174601 -0.969169 -0.173858
vn 0.174602 -0.969169 -0.173858
vn 0.174602 -0.969169 -0.173858
vn 0.174600 -0.969169 -0.173858
vn 0.174599 -0.969169 -0.173856
vn 0.174602 -0.969169 -0.173857
vn 0.567651 0.757873 -0.321560
vn -0.032284 0.720834 -0.692355
vn -0.171557 0.969517 0.174941
vn -0.679136 0.567247 -0.465838
vn -0.892377 0.412376 0.183330
vn -0.513793 0.371138 0.773481
vn 0.179147 0.475721 0.861160
vn 0.663642 0.648583 0.372719
vn 0.164285 0.334168 -0.928085
vn 0.164285 0.334168 -0.928085
vn 0.164285 0.334168 -0.928085
vn 0.164285 0.334168 -0.928085
vn -0.598286 0.552575 -0.580271
vn -0.598286 0.552575 -0.580271
vn -0.598286 0.552575 -0.580271
vn -0.598286 0.552575 -0.580271
vn -0.893653 0.392135 0.218209
vn -0.893653 0.392135 0.218209
vn -0.893653 0.392135 0.218209
vn -0.893653 0.392135 0.218209
vn -0.499032 -0.026557 0.866177
vn -0.499032 -0.026557 0.866177
vn -0.499032 -0.026557 0.866177
vn -0.499031 -0.026557 0.866177
vn 0.288547 -0.388096 0.875284
vn 0.288547 -0.388096 0.875284
vn 0.288547 -0.388096 0.875284
vn 0.288547 -0.388096 0.875284
vn 0.875531 -0.420065 0.238729
vn 0.875531 -0.420064 0.238729
vn 0.875531 -0.420064 0.238729
vn 0.875531 -0.420065 0.238729
vn 0.820043 -0.098587 -0.563746
vn 0.820043 -0.098587 -0.563746
vn 0.820043 -0.098587 -0.563746
vn 0.820043 -0.098587 -0.563746
vn -0.394269 -0.864159 -0.312701
vn -0.394273 -0.864156 -0.312703
vn -0.394269 -0.864158 -0.312702
vn -0.394268 -0.864159 -0.312702
vn -0.394268 -0.864159 -0.312702
vn -0.394267 -0.864160 -0.312700
vn -0.394272 -0.864157 -0.312701
vn -0.394267 -0.864158 -0.312705
vn 0.649117 0.503259 -0.570418
vn -0.029325 0.816455 -0.576665
vn 0.395657 0.865123 0.308250
vn -0.526097 0.850095 -0.023659
vn -0.469546 0.583216 0.662862
vn 0.089166 0.218704 0.971709
vn 0.735500 0.025868 0.677030
vn 0.988614 0.150262 -0.007993
s off
g crystal_7
usemtl lambert4SG
f 1779/2402/5327 1780/2403/5328 1787/2411/5329 1786/2410/5330
f 1780/2403/5331 1781/2404/5332 1788/2412/5333 1787/2411/5334
f 1781/2404/5335 1782/2405/5336 1789/2413/5337 1788/2412/5338
f 1782/2405/5339 1783/2406/5340 1790/2414/5341 1789/2413/5342
f 1783/2406/5343 1784/2407/5344 1791/2415/5345 1790/2414/5346
f 1784/2407/5347 1785/2408/5348 1792/2416/5349 1791/2415/5350
f 1785/2408/5351 1779/2409/5352 1786/2417/5353 1792/2416/5354
s 1
f 1780/2396/5355 1779/2395/5356 1793/2425/5357
f 1781/2397/5358 1780/2396/5355 1793/2425/5357
f 1782/2398/5359 1781/2397/5358 1793/2425/5357
f 1783/2399/5360 1782/2398/5359 1793/2425/5357
f 1784/2400/5361 1783/2399/5360 1793/2425/5357
f 1785/2401/5362 1784/2400/5361 1793/2425/5357
f 1779/2395/5356 1785/2401/5362 1793/2425/5357
s 2
f 1786/2423/5363 1787/2422/5364 1794/2426/5365
f 1787/2422/5364 1788/2421/5366 1794/2426/5365
f 1788/2421/5366 1789/2420/5367 1794/2426/5365
f 1789/2420/5367 1790/2419/5368 1794/2426/5365
f 1790/2419/5368 1791/2418/5369 1794/2426/5365
f 1791/2418/5369 1792/2424/5370 1794/2426/5365
f 1792/2424/5370 1786/2423/5363 1794/2426/5365
s off
f 1795/2427/5371 1796/2428/5372 1803/2429/5373 1802/2430/5374
f 1796/2428/5375 1797/2431/5376 1804/2432/5377 1803/2429/5378
f 1797/2431/5379 1798/2433/5380 1805/2434/5381 1804/2432/5382
f 1798/2433/5383 1799/2435/5384 1806/2436/5385 1805/2434/5386
f 1799/2435/5387 1800/2437/5388 1807/2438/5389 1806/2436/5390
f 1800/2437/5391 1801/2439/5392 1808/2440/5393 1807/2438/5394
f 1801/2439/5395 1795/2441/5396 1802/2442/5397 1808/2440/5398
s 3
f 1796/2443/5399 1795/2444/5400 1809/2445/5401
f 1797/2446/5402 1796/2443/5399 1809/2445/5401
f 1798/2447/5403 1797/2446/5402 1809/2445/5401
f 1799/2448/5404 1798/2447/5403 1809/2445/5401
f 1800/2449/5405 1799/2448/5404 1809/2445/5401
f 1801/2450/5406 1800/2449/5405 1809/2445/5401
f 1795/2444/5400 1801/2450/5406 1809/2445/5401
s 4
f 1802/2451/5407 1803/2452/5408 1810/2453/5409
f 1803/2452/5408 1804/2454/5410 1810/2453/5409
f 1804/2454/5410 1805/2455/5411 1810/2453/5409
f 1805/2455/5411 1806/2456/5412 1810/2453/5409
f 1806/2456/5412 1807/2457/5413 1810/2453/5409
f 1807/2457/5413 1808/2458/5414 1810/2453/5409
f 1808/2458/5414 1802/2451/5407 1810/2453/5409
s off
f 1811/2459/5415 1812/2460/5416 1819/2461/5417 1818/2462/5418
f 1812/2460/5419 1813/2463/5420 1820/2464/5421 1819/2461/5422
f 1813/2463/5423 1814/2465/5424 1821/2466/5425 1820/2464/5426
f 1814/2465/5427 1815/2467/5428 1822/2468/5429 1821/2466/5430
f 1815/2467/5431 1816/2469/5432 1823/2470/5433 1822/2468/5434
f 1816/2469/5435 1817/2471/5436 1824/2472/5437 1823/2470/5438
f 1817/2471/5439 1811/2473/5440 1818/2474/5441 1824/2472/5442
s 5
f 1812/2475/5443 1811/2476/5444 1825/2477/5445
f 1813/2478/5446 1812/2475/5443 1825/2477/5445
f 1814/2479/5447 1813/2478/5446 1825/2477/5445
f 1815/2480/5448 1814/2479/5447 1825/2477/5445
f 1816/2481/5449 1815/2480/5448 1825/2477/5445
f 1817/2482/5450 1816/2481/5449 1825/2477/5445
f 1811/2476/5444 1817/2482/5450 1825/2477/5445
s 6
f 1818/2483/5451 1819/2484/5452 1826/2485/5453
f 1819/2484/5452 1820/2486/5454 1826/2485/5453
f 1820/2486/5454 1821/2487/5455 1826/2485/5453
f 1821/2487/5455 1822/2488/5456 1826/2485/5453
f 1822/2488/5456 1823/2489/5457 1826/2485/5453
f 1823/2489/5457 1824/2490/5458 1826/2485/5453
f 1824/2490/5458 1818/2483/5451 1826/2485/5453
g default
v -645.925910 -2.261419 964.668091
v -659.051033 -2.261419 961.672363
v -669.576545 -2.261419 970.066223
v -669.576545 -2.261419 983.528870
v -659.051033 -2.261419 991.922729
v -645.925910 -2.261419 988.927002
v -640.084663 -2.261419 976.797546
v -641.920478 51.243462 962.021362
v -658.634101 55.869980 955.668884
v -673.234931 62.075481 965.124695
v -674.728157 65.187111 983.268372
v -661.989448 62.861740 996.437317
v -644.611274 56.850418 994.715088
v -635.679695 51.679802 979.398560
v -655.598823 -2.261419 976.797546
v -655.598823 87.337761 976.797546
v -662.567207 -1.357593 982.849060
v -669.365791 -1.815638 978.574829
v -676.781135 -3.608806 981.123901
v -679.229255 -5.386806 988.576782
v -674.866706 -5.810766 995.321289
v -666.978584 -4.561437 996.278748
v -661.504768 -2.579588 990.728027
v -666.144783 34.148865 987.235901
v -675.471565 33.520485 981.372192
v -685.644416 31.060495 984.869202
v -689.002937 28.621313 995.093567
v -683.018135 28.039694 1004.346191
v -672.196601 29.753611 1005.659668
v -664.687263 32.472446 998.044861
v -670.184761 -3.588662 987.636108
v -679.531684 48.294418 996.943298
v -638.308418 -4.409107 977.221802
v -645.614753 -1.045886 977.139587
v -651.047920 -0.709863 983.061401
v -650.516670 -3.654070 990.527954
v -644.421089 -7.661459 993.916870
v -637.351142 -9.714384 990.676086
v -634.630806 -8.266952 983.246155
v -629.102973 17.577190 986.767639
v -635.126045 20.349710 986.699829
v -639.604988 20.626715 991.581604
v -639.167060 18.199615 997.736755
v -634.142036 14.896066 1000.530396
v -628.313911 13.203707 997.858887
v -626.071296 14.396918 991.733826
v -643.127265 -5.065960 985.112854
v -628.082222 27.909748 997.045349
vt 0.597420 0.034089
vt 0.465231 0.003918
vt 0.359224 0.088456
vt 0.359224 0.224044
vt 0.465231 0.308582
vt 0.597420 0.278411
vt 0.656250 0.156250
vt 0.375000 0.312500
vt 0.410714 0.312500
vt 0.446429 0.312500
vt 0.482143 0.312500
vt 0.517857 0.312500
vt 0.553571 0.312500
vt 0.589286 0.312500
vt 0.625000 0.312500
vt 0.375000 0.687500
vt 0.410714 0.687500
vt 0.446429 0.687500
vt 0.482143 0.687500
vt 0.517857 0.687500
vt 0.553571 0.687500
vt 0.589286 0.687500
vt 0.625000 0.687500
vt 0.597420 0.721589
vt 0.465231 0.691418
vt 0.359224 0.775956
vt 0.359224 0.911544
vt 0.465231 0.996082
vt 0.597420 0.965911
vt 0.656250 0.843750
vt 0.500000 0.156250
vt 0.500000 0.843750
vt 0.375000 0.312500
vt 0.410714 0.312500
vt 0.410714 0.687500
vt 0.375000 0.687500
vt 0.446429 0.312500
vt 0.446429 0.687500
vt 0.482143 0.312500
vt 0.482143 0.687500
vt 0.517857 0.312500
vt 0.517857 0.687500
vt 0.553571 0.312500
vt 0.553571 0.687500
vt 0.589286 0.312500
vt 0.589286 0.687500
vt 0.625000 0.312500
vt 0.625000 0.687500
vt 0.465231 0.003918
vt 0.597420 0.034089
vt 0.500000 0.156250
vt 0.359224 0.088456
vt 0.359224 0.224044
vt 0.465231 0.308582
vt 0.597420 0.278411
vt 0.656250 0.156250
vt 0.597420 0.965911
vt 0.465231 0.996082
vt 0.500000 0.843750
vt 0.359224 0.911544
vt 0.359224 0.775956
vt 0.465231 0.691418
vt 0.597420 0.721589
vt 0.656250 0.843750
vt 0.375000 0.312500
vt 0.410714 0.312500
vt 0.410714 0.687500
vt 0.375000 0.687500
vt 0.446429 0.312500
vt 0.446429 0.687500
vt 0.482143 0.312500
vt 0.482143 0.687500
vt 0.517857 0.312500
vt 0.517857 0.687500
vt 0.553571 0.312500
vt 0.553571 0.687500
vt 0.589286 0.312500
vt 0.589286 0.687500
vt 0.625000 0.312500
vt 0.625000 0.687500
vt 0.465231 0.003918
vt 0.597420 0.034089
vt 0.500000 0.156250
vt 0.359224 0.088456
vt 0.359224 0.224044
vt 0.465231 0.308582
vt 0.597420 0.278411
vt 0.656250 0.156250
vt 0.597420 0.965911
vt 0.465231 0.996082
vt 0.500000 0.843750
vt 0.359224 0.911544
vt 0.359224 0.775956
vt 0.465231 0.691418
vt 0.597420 0.721589
vt 0.656250 0.843750
vn 0.285808 -0.085281 -0.954485
vn 0.285808 -0.085281 -0.954485
vn 0.285808 -0.085281 -0.954485
vn 0.285808 -0.085281 -0.954485
vn -0.591163 -0.087305 -0.801813
vn -0.591163 -0.087305 -0.801813
vn -0.591163 -0.087305 -0.801813
vn -0.591163 -0.087305 -0.801813
vn -0.996852 -0.068235 -0.040378
vn -0.996852 -0.068235 -0.040378
vn -0.996852 -0.068235 -0.040378
vn -0.996852 -0.068235 -0.040378
vn -0.681827 -0.064988 0.728621
vn -0.681827 -0.064988 0.728621
vn -0.681827 -0.064988 0.728621
vn -0.681827 -0.064988 0.728621
vn 0.136929 -0.080090 0.987338
vn 0.136929 -0.080090 0.987338
vn 0.136929 -0.080090 0.987338
vn 0.136929 -0.080090 0.987338
vn 0.871358 -0.080004 0.484081
vn 0.871359 -0.080004 0.484081
vn 0.871358 -0.080004 0.484081
vn 0.871359 -0.080004 0.484081
vn 0.923368 -0.072438 -0.377019
vn 0.923368 -0.072438 -0.377019
vn 0.923368 -0.072438 -0.377019
vn 0.923369 -0.072438 -0.377019
vn 0.000000 -1.000000 -0.000000
vn 0.000000 -1.000000 -0.000000
vn 0.000000 -1.000000 -0.000000
vn 0.000000 -1.000000 -0.000000
vn 0.000000 -1.000000 0.000000
vn 0.000000 -1.000000 0.000000
vn 0.000000 -1.000000 0.000000
vn 0.000000 -1.000000 0.000000
vn 0.683626 0.483042 -0.547108
vn 0.172971 0.537483 -0.825345
vn 0.214756 0.972445 -0.090720
vn -0.506206 0.627000 -0.592137
vn -0.703461 0.673679 0.226495
vn -0.048508 0.632776 0.772814
vn 0.657877 0.543498 0.521352
vn 0.873548 0.484867 -0.042645
vn 0.518178 0.156104 -0.840906
vn 0.518178 0.156104 -0.840906
vn 0.518178 0.156104 -0.840906
vn 0.518178 0.156104 -0.840906
vn -0.328911 0.017915 -0.944191
vn -0.328911 0.017915 -0.944191
vn -0.328911 0.017915 -0.944191
vn -0.328911 0.017915 -0.944191
vn -0.916609 -0.196737 -0.348026
vn -0.916609 -0.196737 -0.348026
vn -0.916609 -0.196737 -0.348026
vn -0.916609 -0.196737 -0.348026
vn -0.802914 -0.326340 0.498831
vn -0.802914 -0.326340 0.498831
vn -0.802914 -0.326340 0.498831
vn -0.802914 -0.326340 0.498831
vn -0.073134 -0.273326 0.959137
vn -0.073134 -0.273326 0.959137
vn -0.073134 -0.273326 0.959137
vn -0.073134 -0.273326 0.959137
vn 0.723580 -0.077477 0.685879
vn 0.723580 -0.077477 0.685879
vn 0.723580 -0.077477 0.685879
vn 0.723580 -0.077477 0.685879
vn 0.986788 0.113689 -0.115431
vn 0.986788 0.113689 -0.115431
vn 0.986788 0.113689 -0.115431
vn 0.986788 0.113689 -0.115431
vn 0.174601 -0.969169 -0.173858
vn 0.174601 -0.969169 -0.173858
vn 0.174601 -0.969169 -0.173858
vn 0.174602 -0.969169 -0.173858
vn 0.174602 -0.969169 -0.173858
vn 0.174600 -0.969169 -0.173858
vn 0.174599 -0.969169 -0.173856
vn 0.174602 -0.969169 -0.173857
vn 0.567651 0.757873 -0.321560
vn -0.032284 0.720834 -0.692355
vn -0.171557 0.969517 0.174941
vn -0.679136 0.567247 -0.465838
vn -0.892377 0.412376 0.183330
vn -0.513793 0.371138 0.773481
vn 0.179147 0.475721 0.861160
vn 0.663642 0.648583 0.372719
vn 0.164285 0.334168 -0.928085
vn 0.164285 0.334168 -0.928085
vn 0.164285 0.334168 -0.928085
vn 0.164285 0.334168 -0.928085
vn -0.598286 0.552575 -0.580271
vn -0.598286 0.552575 -0.580271
vn -0.598286 0.552575 -0.580271
vn -0.598286 0.552575 -0.580271
vn -0.893653 0.392135 0.218209
vn -0.893653 0.392135 0.218209
vn -0.893653 0.392135 0.218209
vn -0.893653 0.392135 0.218209
vn -0.499032 -0.026557 0.866177
vn -0.499032 -0.026557 0.866177
vn -0.499032 -0.026557 0.866177
vn -0.499031 -0.026557 0.866177
vn 0.288547 -0.388096 0.875284
vn 0.288547 -0.388096 0.875284
vn 0.288547 -0.388096 0.875284
vn 0.288547 -0.388096 0.875284
vn 0.875531 -0.420065 0.238729
vn 0.875531 -0.420064 0.238729
vn 0.875531 -0.420064 0.238729
vn 0.875531 -0.420065 0.238729
vn 0.820043 -0.098587 -0.563746
vn 0.820043 -0.098587 -0.563746
vn 0.820043 -0.098587 -0.563746
vn 0.820043 -0.098587 -0.563746
vn -0.394269 -0.864159 -0.312701
vn -0.394273 -0.864156 -0.312703
vn -0.394269 -0.864158 -0.312702
vn -0.394268 -0.864159 -0.312702
vn -0.394268 -0.864159 -0.312702
vn -0.394267 -0.864160 -0.312700
vn -0.394272 -0.864157 -0.312701
vn -0.394267 -0.864158 -0.312705
vn 0.649117 0.503259 -0.570418
vn -0.029325 0.816455 -0.576665
vn 0.395657 0.865123 0.308250
vn -0.526097 0.850095 -0.023659
vn -0.469546 0.583216 0.662862
vn 0.089166 0.218704 0.971709
vn 0.735500 0.025868 0.677030
vn 0.988614 0.150262 -0.007993
s off
g crystal_6
usemtl lambert4SG
f 1827/2498/5459 1828/2499/5460 1835/2507/5461 1834/2506/5462
f 1828/2499/5463 1829/2500/5464 1836/2508/5465 1835/2507/5466
f 1829/2500/5467 1830/2501/5468 1837/2509/5469 1836/2508/5470
f 1830/2501/5471 1831/2502/5472 1838/2510/5473 1837/2509/5474
f 1831/2502/5475 1832/2503/5476 1839/2511/5477 1838/2510/5478
f 1832/2503/5479 1833/2504/5480 1840/2512/5481 1839/2511/5482
f 1833/2504/5483 1827/2505/5484 1834/2513/5485 1840/2512/5486
s 1
f 1828/2492/5487 1827/2491/5488 1841/2521/5489
f 1829/2493/5490 1828/2492/5487 1841/2521/5489
f 1830/2494/5491 1829/2493/5490 1841/2521/5489
f 1831/2495/5492 1830/2494/5491 1841/2521/5489
f 1832/2496/5493 1831/2495/5492 1841/2521/5489
f 1833/2497/5494 1832/2496/5493 1841/2521/5489
f 1827/2491/5488 1833/2497/5494 1841/2521/5489
s 2
f 1834/2519/5495 1835/2518/5496 1842/2522/5497
f 1835/2518/5496 1836/2517/5498 1842/2522/5497
f 1836/2517/5498 1837/2516/5499 1842/2522/5497
f 1837/2516/5499 1838/2515/5500 1842/2522/5497
f 1838/2515/5500 1839/2514/5501 1842/2522/5497
f 1839/2514/5501 1840/2520/5502 1842/2522/5497
f 1840/2520/5502 1834/2519/5495 1842/2522/5497
s off
f 1843/2523/5503 1844/2524/5504 1851/2525/5505 1850/2526/5506
f 1844/2524/5507 1845/2527/5508 1852/2528/5509 1851/2525/5510
f 1845/2527/5511 1846/2529/5512 1853/2530/5513 1852/2528/5514
f 1846/2529/5515 1847/2531/5516 1854/2532/5517 1853/2530/5518
f 1847/2531/5519 1848/2533/5520 1855/2534/5521 1854/2532/5522
f 1848/2533/5523 1849/2535/5524 1856/2536/5525 1855/2534/5526
f 1849/2535/5527 1843/2537/5528 1850/2538/5529 1856/2536/5530
s 3
f 1844/2539/5531 1843/2540/5532 1857/2541/5533
f 1845/2542/5534 1844/2539/5531 1857/2541/5533
f 1846/2543/5535 1845/2542/5534 1857/2541/5533
f 1847/2544/5536 1846/2543/5535 1857/2541/5533
f 1848/2545/5537 1847/2544/5536 1857/2541/5533
f 1849/2546/5538 1848/2545/5537 1857/2541/5533
f 1843/2540/5532 1849/2546/5538 1857/2541/5533
s 4
f 1850/2547/5539 1851/2548/5540 1858/2549/5541
f 1851/2548/5540 1852/2550/5542 1858/2549/5541
f 1852/2550/5542 1853/2551/5543 1858/2549/5541
f 1853/2551/5543 1854/2552/5544 1858/2549/5541
f 1854/2552/5544 1855/2553/5545 1858/2549/5541
f 1855/2553/5545 1856/2554/5546 1858/2549/5541
f 1856/2554/5546 1850/2547/5539 1858/2549/5541
s off
f 1859/2555/5547 1860/2556/5548 1867/2557/5549 1866/2558/5550
f 1860/2556/5551 1861/2559/5552 1868/2560/5553 1867/2557/5554
f 1861/2559/5555 1862/2561/5556 1869/2562/5557 1868/2560/5558
f 1862/2561/5559 1863/2563/5560 1870/2564/5561 1869/2562/5562
f 1863/2563/5563 1864/2565/5564 1871/2566/5565 1870/2564/5566
f 1864/2565/5567 1865/2567/5568 1872/2568/5569 1871/2566/5570
f 1865/2567/5571 1859/2569/5572 1866/2570/5573 1872/2568/5574
s 5
f 1860/2571/5575 1859/2572/5576 1873/2573/5577
f 1861/2574/5578 1860/2571/5575 1873/2573/5577
f 1862/2575/5579 1861/2574/5578 1873/2573/5577
f 1863/2576/5580 1862/2575/5579 1873/2573/5577
f 1864/2577/5581 1863/2576/5580 1873/2573/5577
f 1865/2578/5582 1864/2577/5581 1873/2573/5577
f 1859/2572/5576 1865/2578/5582 1873/2573/5577
s 6
f 1866/2579/5583 1867/2580/5584 1874/2581/5585
f 1867/2580/5584 1868/2582/5586 1874/2581/5585
f 1868/2582/5586 1869/2583/5587 1874/2581/5585
f 1869/2583/5587 1870/2584/5588 1874/2581/5585
f 1870/2584/5588 1871/2585/5589 1874/2581/5585
f 1871/2585/5589 1872/2586/5590 1874/2581/5585
f 1872/2586/5590 1866/2579/5583 1874/2581/5585
g default
v -1001.169574 -0.473785 -212.719965
v -1005.789408 -0.473785 -209.593668
v -1007.689312 -0.473785 -204.348945
v -1006.143492 -0.473785 -198.989311
v -1001.742660 -0.473785 -195.561768
v -996.167617 -0.473785 -195.375502
v -991.547818 -0.473785 -198.501630
v -989.647846 -0.473785 -203.746471
v -991.193599 -0.473785 -209.106224
v -995.594566 -0.473785 -212.533749
v -1001.934876 36.383545 -215.373779
v -1007.968360 36.383545 -211.290802
v -1010.449696 36.383545 -204.441122
v -1008.430925 36.383545 -197.441292
v -1002.683427 36.383545 -192.964774
v -995.402282 36.383545 -192.721637
v -989.368900 36.383545 -196.804547
v -986.887563 36.383545 -203.654226
v -988.906165 36.383545 -210.654243
v -994.653833 36.383545 -215.130574
v -1002.074275 73.240883 -215.856929
v -1008.365140 73.240883 -211.599741
v -1010.952274 73.240883 -204.457935
v -1008.847465 73.240883 -197.159438
v -1002.854703 73.240883 -192.492015
v -995.262849 73.240883 -192.238437
v -988.972120 73.240883 -196.495608
v -986.384986 73.240883 -203.637414
v -988.489659 73.240883 -210.935928
v -994.482591 73.240883 -215.603385
v -1001.482373 105.695534 -213.804628
v -1006.680003 105.695534 -210.287360
v -1008.817504 105.695534 -204.386772
v -1007.078448 105.695534 -198.356593
v -1002.127152 105.695534 -194.500371
v -995.854819 105.695534 -194.290839
v -990.657088 105.695534 -197.808175
v -988.519586 105.695534 -203.708763
v -990.258744 105.695534 -209.738874
v -995.210073 105.695534 -213.595147
v -998.668647 -0.473785 -204.047700
v -1000.582801 112.597672 -210.685231
v -1004.118636 112.597672 -208.292463
v -1005.572791 112.597672 -204.278290
v -1004.389700 112.597672 -200.176075
v -1001.021391 112.597672 -197.552717
v -996.754357 112.597672 -197.410186
v -993.218522 112.597672 -199.802954
v -991.764367 112.597672 -203.817126
v -992.947458 112.597672 -207.919341
v -996.315801 112.597672 -210.542751
v -999.491386 114.171967 -206.900670
v -1001.011109 114.171967 -205.872251
v -998.668647 114.171967 -204.047700
v -1001.636136 114.171967 -204.146860
v -1001.127656 114.171967 -202.383596
v -999.679889 114.171967 -201.256017
v -997.845772 114.171967 -201.194746
v -996.325948 114.171967 -202.223233
v -995.700920 114.171967 -203.948624
v -996.209502 114.171967 -205.711820
v -997.657303 114.171967 -206.839450
v -994.336084 67.942490 -203.092647
v -991.289397 63.475231 -201.973710
v -991.295475 57.953396 -201.956878
v -994.351956 53.486141 -203.048721
v -999.291490 51.779797 -204.832174
v -1004.227175 53.486141 -206.626127
v -1007.273862 57.953396 -207.745064
v -1007.267784 63.475231 -207.761896
v -1004.211236 67.942490 -206.669952
v -999.271837 69.648834 -204.886481
v -983.290390 66.920532 -233.584506
v -978.704518 63.013004 -236.714614
v -977.981763 58.062069 -242.430188
v -979.141919 55.578335 -245.036471
v -983.911630 55.069714 -247.288484
v -989.017138 55.424519 -248.613877
v -991.830195 58.341000 -246.385600
v -995.479783 62.727322 -240.303091
v -993.165610 66.920532 -237.161912
v -988.509666 68.413071 -234.595640
v -984.485024 90.642395 -234.722564
v -980.629620 90.642395 -237.331600
v -979.044172 90.642395 -241.708292
v -980.334054 90.642395 -246.181336
v -984.006716 90.642395 -249.041640
v -988.659249 90.642395 -249.197132
v -992.514653 90.642395 -246.588096
v -994.100102 90.642395 -242.211403
v -992.810219 90.642395 -237.738359
v -989.137490 90.642395 -234.877954
v -985.152298 95.464233 -237.036468
v -982.529461 95.464233 -238.811334
v -981.450883 95.464233 -241.788781
v -982.328512 95.464233 -244.831600
v -984.826894 95.464233 -246.777481
v -987.992076 95.464233 -246.883159
v -990.614711 95.464233 -245.108429
v -991.693221 95.464233 -242.130881
v -990.815863 95.464233 -239.088028
v -988.317311 95.464233 -237.142113
v -985.961791 96.564026 -239.843678
v -984.834484 96.564026 -240.606432
v -986.572103 96.564026 -241.959797
v -984.370905 96.564026 -241.886327
v -984.748138 96.564026 -243.194246
v -985.821995 96.564026 -244.030639
v -987.182482 96.564026 -244.076018
v -988.309722 96.564026 -243.313163
v -988.773368 96.564026 -242.033369
v -988.396203 96.564026 -240.725552
v -987.322278 96.564026 -239.889056
v -988.942329 62.437428 -248.735491
v -983.618589 62.780903 -248.609186
v -979.416978 62.667873 -245.300766
v -979.305490 59.264622 -245.193647
v -983.568430 59.188831 -248.553438
v -988.975525 59.135342 -248.681459
v -991.750097 54.791920 -242.887379
v -986.197242 53.046810 -240.979130
v -981.476901 54.154331 -238.590494
v -980.158564 54.222759 -242.230022
v -984.924459 53.359112 -244.492585
v -990.682839 54.891926 -245.623996
v -1004.360465 74.542000 -204.311641
v -1007.216882 70.353806 -205.360674
v -1007.211040 65.176918 -205.376541
v -1004.345539 60.988724 -204.352807
v -999.714505 59.388969 -202.680875
v -995.087220 60.988724 -200.998951
v -992.230803 65.176918 -199.949918
v -992.236509 70.353806 -199.934068
v -995.102146 74.542000 -200.957785
v -999.733010 76.141754 -202.629904
v -1014.716126 73.583878 -175.724537
v -1019.015588 69.920456 -172.790014
v -1019.693209 65.278801 -167.431445
v -1018.605421 62.950218 -164.987994
v -1014.133641 62.473373 -162.876729
v -1009.347102 62.806007 -161.634138
v -1006.709831 65.540306 -163.723185
v -1003.288215 69.652618 -169.425716
v -1005.457807 73.583878 -172.370681
v -1009.822843 74.983185 -174.776612
v -1013.596042 95.823883 -174.657643
v -1017.210746 95.823883 -172.211528
v -1018.696981 95.823883 -168.108250
v -1017.487803 95.823883 -163.914681
v -1014.044582 95.823883 -161.233025
v -1009.682646 95.823883 -161.087316
v -1006.068044 95.823883 -163.533363
v -1004.581674 95.823883 -167.636658
v -1005.790987 95.823883 -171.830209
v -1009.234241 95.823883 -174.511917
v -1012.970546 100.344505 -172.488248
v -1015.429387 100.344505 -170.824331
v -1016.440629 100.344505 -168.032868
v -1015.617890 100.344505 -165.180118
v -1013.275530 100.344505 -163.355718
v -1010.308108 100.344505 -163.256660
v -1007.849302 100.344505 -164.920628
v -1006.838059 100.344505 -167.712091
v -1007.660764 100.344505 -170.564790
v -1010.003294 100.344505 -172.389223
v -1012.211596 101.375595 -169.856468
v -1013.268358 101.375595 -169.141281
v -1011.639429 101.375595 -167.872386
v -1013.703166 101.375595 -167.941381
v -1013.349540 101.375595 -166.715169
v -1012.342733 101.375595 -165.931020
v -1011.067160 101.375595 -165.888372
v -1010.010297 101.375595 -166.603627
v -1009.575658 101.375595 -167.803561
v -1009.929216 101.375595 -169.029671
v -1010.936091 101.375595 -169.813921
v -1009.417145 69.380836 -161.520112
v -1014.408511 69.702850 -161.638484
v -1018.347610 69.596878 -164.740289
v -1018.452016 66.406227 -164.840761
v -1014.455349 66.335175 -161.690799
v -1009.386079 66.285027 -161.570739
v -1006.784883 62.212929 -167.002886
v -1011.990804 60.576836 -168.791964
v -1016.416287 61.615166 -171.031266
v -1017.652362 61.679321 -167.619109
v -1013.183993 60.869621 -165.498006
v -1007.785436 62.306686 -164.437153
vt 0.626409 0.064409
vt 0.548284 0.007647
vt 0.451716 0.007647
vt 0.373591 0.064409
vt 0.343750 0.156250
vt 0.373591 0.248091
vt 0.451716 0.304853
vt 0.548284 0.304853
vt 0.626409 0.248091
vt 0.656250 0.156250
vt 0.375000 0.312500
vt 0.400000 0.312500
vt 0.425000 0.312500
vt 0.450000 0.312500
vt 0.475000 0.312500
vt 0.500000 0.312500
vt 0.525000 0.312500
vt 0.550000 0.312500
vt 0.575000 0.312500
vt 0.600000 0.312500
vt 0.625000 0.312500
vt 0.375000 0.437500
vt 0.400000 0.437500
vt 0.425000 0.437500
vt 0.450000 0.437500
vt 0.475000 0.437500
vt 0.500000 0.437500
vt 0.525000 0.437500
vt 0.550000 0.437500
vt 0.575000 0.437500
vt 0.600000 0.437500
vt 0.625000 0.437500
vt 0.375000 0.562500
vt 0.400000 0.562500
vt 0.425000 0.562500
vt 0.450000 0.562500
vt 0.475000 0.562500
vt 0.500000 0.562500
vt 0.525000 0.562500
vt 0.550000 0.562500
vt 0.575000 0.562500
vt 0.600000 0.562500
vt 0.625000 0.562500
vt 0.375000 0.687500
vt 0.400000 0.687500
vt 0.425000 0.687500
vt 0.450000 0.687500
vt 0.475000 0.687500
vt 0.500000 0.687500
vt 0.525000 0.687500
vt 0.550000 0.687500
vt 0.575000 0.687500
vt 0.600000 0.687500
vt 0.625000 0.687500
vt 0.626409 0.751909
vt 0.548284 0.695147
vt 0.451716 0.695147
vt 0.373591 0.751909
vt 0.343750 0.843750
vt 0.373591 0.935591
vt 0.451716 0.992353
vt 0.548284 0.992353
vt 0.626409 0.935591
vt 0.656250 0.843750
vt 0.500000 0.156250
vt 0.500000 0.843750
vt 0.626409 0.935591
vt 0.548284 0.992353
vt 0.451716 0.992353
vt 0.373591 0.935591
vt 0.343750 0.843750
vt 0.373591 0.751909
vt 0.451716 0.695147
vt 0.548284 0.695147
vt 0.626409 0.751909
vt 0.656250 0.843750
vt 0.626409 0.935591
vt 0.548284 0.992353
vt 0.451716 0.992353
vt 0.373591 0.935591
vt 0.343750 0.843750
vt 0.373591 0.751909
vt 0.451716 0.695147
vt 0.548284 0.695147
vt 0.626409 0.751909
vt 0.656250 0.843750
vt 0.375000 0.312500
vt 0.400000 0.312500
vt 0.400000 0.687500
vt 0.375000 0.687500
vt 0.425000 0.312500
vt 0.425000 0.687500
vt 0.450000 0.312500
vt 0.450000 0.629930
vt 0.475000 0.312500
vt 0.475000 0.623183
vt 0.500000 0.312500
vt 0.500000 0.634472
vt 0.525000 0.312500
vt 0.525000 0.687500
vt 0.550000 0.312500
vt 0.550000 0.687500
vt 0.575000 0.312500
vt 0.575000 0.687500
vt 0.600000 0.312500
vt 0.600000 0.687500
vt 0.625000 0.312500
vt 0.625000 0.687500
vt 0.375000 0.562500
vt 0.400000 0.562500
vt 0.400000 0.687500
vt 0.375000 0.687500
vt 0.425000 0.562500
vt 0.425000 0.687500
vt 0.450000 0.575218
vt 0.450000 0.591346
vt 0.475000 0.577631
vt 0.475000 0.594214
vt 0.500000 0.572594
vt 0.500000 0.588564
vt 0.525000 0.562500
vt 0.550000 0.562500
vt 0.550000 0.687500
vt 0.525000 0.687500
vt 0.575000 0.562500
vt 0.575000 0.687500
vt 0.600000 0.562500
vt 0.600000 0.687500
vt 0.625000 0.562500
vt 0.625000 0.687500
vt 0.626409 0.935591
vt 0.548284 0.992353
vt 0.500000 0.843750
vt 0.451716 0.992353
vt 0.373591 0.935591
vt 0.343750 0.843750
vt 0.373591 0.751909
vt 0.451716 0.695147
vt 0.548284 0.695147
vt 0.626409 0.751909
vt 0.656250 0.843750
vt 0.626409 0.935591
vt 0.548284 0.992353
vt 0.548284 0.992353
vt 0.626409 0.935591
vt 0.451716 0.992353
vt 0.451716 0.992353
vt 0.373591 0.935591
vt 0.373591 0.935591
vt 0.343750 0.843750
vt 0.343750 0.843750
vt 0.373591 0.751909
vt 0.373591 0.751909
vt 0.451716 0.695147
vt 0.451716 0.695147
vt 0.548284 0.695147
vt 0.548284 0.695147
vt 0.626409 0.751909
vt 0.626409 0.751909
vt 0.656250 0.843750
vt 0.656250 0.843750
vt 0.500000 0.687500
vt 0.475000 0.687500
vt 0.450000 0.687500
vt 0.450000 0.562500
vt 0.475000 0.562500
vt 0.500000 0.562500
vt 0.500000 0.659131
vt 0.500000 0.687500
vt 0.475000 0.653382
vt 0.475000 0.687500
vt 0.450000 0.662436
vt 0.450000 0.687500
vt 0.375000 0.312500
vt 0.400000 0.312500
vt 0.400000 0.687500
vt 0.375000 0.687500
vt 0.425000 0.312500
vt 0.425000 0.687500
vt 0.450000 0.312500
vt 0.450000 0.629930
vt 0.475000 0.312500
vt 0.475000 0.623183
vt 0.500000 0.312500
vt 0.500000 0.634472
vt 0.525000 0.312500
vt 0.525000 0.687500
vt 0.550000 0.312500
vt 0.550000 0.687500
vt 0.575000 0.312500
vt 0.575000 0.687500
vt 0.600000 0.312500
vt 0.600000 0.687500
vt 0.625000 0.312500
vt 0.625000 0.687500
vt 0.375000 0.562500
vt 0.400000 0.562500
vt 0.400000 0.687500
vt 0.375000 0.687500
vt 0.425000 0.562500
vt 0.425000 0.687500
vt 0.450000 0.575218
vt 0.450000 0.591346
vt 0.475000 0.577631
vt 0.475000 0.594214
vt 0.500000 0.572594
vt 0.500000 0.588564
vt 0.525000 0.562500
vt 0.550000 0.562500
vt 0.550000 0.687500
vt 0.525000 0.687500
vt 0.575000 0.562500
vt 0.575000 0.687500
vt 0.600000 0.562500
vt 0.600000 0.687500
vt 0.625000 0.562500
vt 0.625000 0.687500
vt 0.626409 0.935591
vt 0.548284 0.992353
vt 0.500000 0.843750
vt 0.451716 0.992353
vt 0.373591 0.935591
vt 0.343750 0.843750
vt 0.373591 0.751909
vt 0.451716 0.695147
vt 0.548284 0.695147
vt 0.626409 0.751909
vt 0.656250 0.843750
vt 0.626409 0.935591
vt 0.548284 0.992353
vt 0.548284 0.992353
vt 0.626409 0.935591
vt 0.451716 0.992353
vt 0.451716 0.992353
vt 0.373591 0.935591
vt 0.373591 0.935591
vt 0.343750 0.843750
vt 0.343750 0.843750
vt 0.373591 0.751909
vt 0.373591 0.751909
vt 0.451716 0.695147
vt 0.451716 0.695147
vt 0.548284 0.695147
vt 0.548284 0.695147
vt 0.626409 0.751909
vt 0.626409 0.751909
vt 0.656250 0.843750
vt 0.656250 0.843750
vt 0.500000 0.687500
vt 0.475000 0.687500
vt 0.450000 0.687500
vt 0.450000 0.562500
vt 0.475000 0.562500
vt 0.500000 0.562500
vt 0.500000 0.659131
vt 0.500000 0.687500
vt 0.475000 0.653382
vt 0.475000 0.687500
vt 0.450000 0.662436
vt 0.450000 0.687500
vn -0.559033 -0.071088 -0.826093
vn -0.559033 -0.071088 -0.826093
vn -0.560011 -0.039718 -0.827532
vn -0.560011 -0.039718 -0.827532
vn -0.937831 -0.071085 -0.339734
vn -0.937831 -0.071085 -0.339734
vn -0.939469 -0.039716 -0.340326
vn -0.939469 -0.039716 -0.340326
vn -0.958405 -0.071092 0.276414
vn -0.958406 -0.071092 0.276414
vn -0.960081 -0.039720 0.276889
vn -0.960081 -0.039720 0.276889
vn -0.612915 -0.071093 0.786944
vn -0.612915 -0.071093 0.786944
vn -0.613985 -0.039719 0.788318
vn -0.613985 -0.039719 0.788318
vn -0.033290 -0.071096 0.996914
vn -0.033290 -0.071096 0.996914
vn -0.033351 -0.039720 0.998654
vn -0.033351 -0.039720 0.998654
vn 0.559019 -0.071087 0.826102
vn 0.559019 -0.071087 0.826102
vn 0.560005 -0.039718 0.827537
vn 0.560005 -0.039718 0.827537
vn 0.937832 -0.071085 0.339733
vn 0.937832 -0.071085 0.339733
vn 0.939468 -0.039716 0.340328
vn 0.939468 -0.039716 0.340328
vn 0.958413 -0.071086 -0.276388
vn 0.958413 -0.071086 -0.276388
vn 0.960087 -0.039718 -0.276867
vn 0.960087 -0.039718 -0.276867
vn 0.612895 -0.071091 -0.786960
vn 0.612895 -0.071091 -0.786960
vn 0.613966 -0.039719 -0.788333
vn 0.613966 -0.039719 -0.788333
vn 0.033296 -0.071089 -0.996914
vn 0.033296 -0.071089 -0.996914
vn 0.033356 -0.039718 -0.998654
vn 0.033356 -0.039718 -0.998654
vn -0.560333 0.020892 -0.828004
vn -0.560333 0.020892 -0.828004
vn -0.940005 0.020892 -0.340521
vn -0.940005 0.020892 -0.340521
vn -0.960631 0.020893 0.277040
vn -0.960631 0.020893 0.277040
vn -0.614332 0.020893 0.788771
vn -0.614332 0.020893 0.788771
vn -0.033376 0.020893 0.999225
vn -0.033376 0.020893 0.999225
vn 0.560330 0.020893 0.828006
vn 0.560330 0.020893 0.828006
vn 0.940005 0.020892 0.340521
vn 0.940005 0.020891 0.340521
vn 0.960635 0.020892 -0.277029
vn 0.960635 0.020892 -0.277029
vn 0.614321 0.020894 -0.788779
vn 0.614321 0.020894 -0.788779
vn 0.033374 0.020893 -0.999225
vn 0.033374 0.020893 -0.999225
vn -0.559361 0.062469 -0.826567
vn -0.559361 0.062469 -0.826567
vn -0.938372 0.062469 -0.339933
vn -0.938372 0.062469 -0.339933
vn -0.958965 0.062471 0.276558
vn -0.958965 0.062471 0.276558
vn -0.613260 0.062468 0.787407
vn -0.613260 0.062468 0.787407
vn -0.033322 0.062470 0.997490
vn -0.033322 0.062470 0.997490
vn 0.559353 0.062472 0.826572
vn 0.559353 0.062472 0.826572
vn 0.938375 0.062467 0.339927
vn 0.938375 0.062467 0.339927
vn 0.958965 0.062473 -0.276555
vn 0.958965 0.062473 -0.276555
vn 0.613260 0.062474 -0.787407
vn 0.613260 0.062474 -0.787407
vn 0.033313 0.062470 -0.997491
vn 0.033313 0.062470 -0.997491
vn 0.000000 -1.000000 0.000000
vn -0.000000 -1.000000 -0.000000
vn 0.000000 -1.000000 0.000000
vn 0.000000 -1.000000 0.000000
vn 0.000000 -1.000000 0.000000
vn 0.000000 -1.000000 0.000000
vn 0.000000 -1.000000 0.000000
vn 0.000000 -1.000000 0.000000
vn 0.000000 -1.000000 0.000000
vn -0.000000 -1.000000 -0.000000
vn -0.000000 -1.000000 -0.000000
vn 0.000003 1.000000 0.000005
vn 0.000002 1.000000 0.000002
vn 0.000001 1.000000 0.000001
vn 0.000002 1.000000 0.000002
vn 0.000000 1.000000 0.000000
vn 0.000000 1.000000 0.000000
vn 0.000001 1.000000 0.000001
vn 0.000002 1.000000 0.000002
vn 0.000001 1.000000 0.000001
vn -0.000003 1.000000 -0.000005
vn -0.000000 1.000000 -0.000000
vn -0.511600 0.408345 -0.755989
vn -0.511600 0.408345 -0.755989
vn -0.511600 0.408345 -0.755989
vn -0.511600 0.408345 -0.755989
vn -0.858246 0.408347 -0.310913
vn -0.858246 0.408347 -0.310913
vn -0.858246 0.408347 -0.310913
vn -0.858246 0.408347 -0.310913
vn -0.877082 0.408344 0.252950
vn -0.877082 0.408344 0.252950
vn -0.877081 0.408343 0.252950
vn -0.877082 0.408344 0.252950
vn -0.560887 0.408364 0.720170
vn -0.560887 0.408364 0.720170
vn -0.560887 0.408364 0.720170
vn -0.560887 0.408364 0.720170
vn -0.030477 0.408339 0.912321
vn -0.030477 0.408339 0.912321
vn -0.030477 0.408339 0.912322
vn -0.030477 0.408339 0.912321
vn 0.511589 0.408352 0.755993
vn 0.511589 0.408352 0.755993
vn 0.511589 0.408352 0.755993
vn 0.511589 0.408352 0.755993
vn 0.858246 0.408354 0.310903
vn 0.858246 0.408354 0.310903
vn 0.858246 0.408354 0.310902
vn 0.858246 0.408354 0.310903
vn 0.877075 0.408354 -0.252955
vn 0.877075 0.408354 -0.252955
vn 0.877075 0.408354 -0.252955
vn 0.877075 0.408354 -0.252955
vn 0.560899 0.408342 -0.720173
vn 0.560899 0.408342 -0.720173
vn 0.560899 0.408342 -0.720173
vn 0.560899 0.408342 -0.720173
vn 0.030467 0.408352 -0.912316
vn 0.030467 0.408352 -0.912316
vn 0.030467 0.408352 -0.912316
vn 0.030467 0.408352 -0.912316
vn -0.217123 0.921903 -0.320861
vn -0.217123 0.921903 -0.320861
vn -0.217123 0.921903 -0.320861
vn -0.217123 0.921903 -0.320861
vn -0.364293 0.921887 -0.131967
vn -0.364293 0.921887 -0.131967
vn -0.364293 0.921887 -0.131967
vn -0.364293 0.921887 -0.131967
vn -0.372273 0.921893 0.107362
vn -0.372273 0.921893 0.107362
vn -0.372273 0.921893 0.107362
vn -0.372273 0.921893 0.107362
vn -0.238063 0.921898 0.305664
vn -0.238063 0.921898 0.305664
vn -0.238063 0.921898 0.305664
vn -0.238063 0.921898 0.305663
vn -0.012939 0.921896 0.387221
vn -0.012939 0.921896 0.387221
vn -0.012939 0.921896 0.387221
vn -0.012939 0.921896 0.387221
vn 0.217142 0.921895 0.320871
vn 0.217142 0.921895 0.320871
vn 0.217142 0.921895 0.320871
vn 0.217142 0.921895 0.320871
vn 0.364279 0.921893 0.131961
vn 0.364279 0.921893 0.131961
vn 0.364279 0.921893 0.131961
vn 0.364279 0.921893 0.131961
vn 0.372256 0.921900 -0.107362
vn 0.372256 0.921900 -0.107362
vn 0.372256 0.921900 -0.107362
vn 0.372256 0.921900 -0.107362
vn 0.238070 0.921897 -0.305662
vn 0.238070 0.921897 -0.305662
vn 0.238070 0.921897 -0.305662
vn 0.238070 0.921897 -0.305662
vn 0.012924 0.921894 -0.387226
vn 0.012923 0.921894 -0.387226
vn 0.012924 0.921894 -0.387226
vn 0.012923 0.921894 -0.387226
vn 0.744327 0.616968 0.255595
vn 0.744327 0.616968 0.255595
vn 0.744326 0.616968 0.255595
vn 0.744326 0.616968 0.255595
vn 0.939409 -0.111980 0.323994
vn 0.939409 -0.111980 0.323994
vn 0.939409 -0.111980 0.323994
vn 0.939409 -0.111980 0.323994
vn 0.799370 -0.536799 0.269915
vn 0.799370 -0.536799 0.269915
vn 0.799886 -0.535867 0.270237
vn 0.803376 -0.533228 0.265057
vn 0.252873 -0.965277 0.065546
vn 0.252873 -0.965277 0.065546
vn 0.247064 -0.967090 0.060790
vn 0.248382 -0.966685 0.061868
vn -0.268663 -0.954585 -0.128797
vn -0.268663 -0.954585 -0.128797
vn -0.266093 -0.955043 -0.130718
vn -0.266064 -0.955048 -0.130739
vn -0.809803 -0.496182 -0.313085
vn -0.809803 -0.496182 -0.313085
vn -0.810811 -0.490003 -0.320129
vn -0.810455 -0.494849 -0.313508
vn -0.926971 -0.124137 -0.353997
vn -0.926971 -0.124137 -0.353997
vn -0.926971 -0.124137 -0.353997
vn -0.926971 -0.124137 -0.353997
vn -0.745052 0.602197 -0.286803
vn -0.745052 0.602197 -0.286803
vn -0.745052 0.602197 -0.286803
vn -0.745052 0.602197 -0.286803
vn -0.260012 0.956805 -0.130072
vn -0.260012 0.956805 -0.130072
vn -0.260012 0.956805 -0.130072
vn -0.260012 0.956805 -0.130072
vn 0.282996 0.956804 0.066632
vn 0.282996 0.956804 0.066632
vn 0.282996 0.956804 0.066632
vn 0.282996 0.956804 0.066632
vn 0.580922 0.063030 0.811515
vn 0.580922 0.063030 0.811515
vn 0.580922 0.063030 0.811515
vn 0.580922 0.063030 0.811516
vn 0.978576 0.048206 0.200161
vn 0.978576 0.048206 0.200161
vn 0.978576 0.048206 0.200161
vn 0.978576 0.048206 0.200161
vn 0.939349 0.028882 -0.341746
vn 0.904823 0.018473 -0.425388
vn 0.942774 0.029834 -0.332097
vn 0.572374 -0.090894 -0.814939
vn 0.575192 -0.085951 -0.813490
vn 0.616898 -0.004087 -0.787033
vn 0.616929 -0.004085 -0.787008
vn 0.079655 -0.097821 -0.992011
vn 0.081674 -0.100813 -0.991547
vn 0.028205 -0.015884 -0.999476
vn 0.028279 -0.015884 -0.999474
vn -0.625555 -0.006802 -0.780150
vn -0.590971 -0.012233 -0.806600
vn -0.587884 -0.012691 -0.808846
vn -0.895115 -0.005293 -0.445803
vn -0.895115 -0.005293 -0.445803
vn -0.895116 -0.005293 -0.445803
vn -0.895116 -0.005293 -0.445803
vn -0.913122 0.050155 0.404589
vn -0.913122 0.050155 0.404589
vn -0.913122 0.050155 0.404589
vn -0.913122 0.050155 0.404589
vn -0.547427 0.012393 0.836761
vn -0.547427 0.012393 0.836761
vn -0.547427 0.012393 0.836761
vn -0.547427 0.012393 0.836761
vn -0.113408 0.026199 0.993203
vn -0.113408 0.026199 0.993203
vn -0.113408 0.026199 0.993203
vn -0.113408 0.026199 0.993203
vn 0.000001 1.000000 0.000002
vn 0.000001 1.000000 0.000002
vn 0.000000 1.000000 0.000000
vn 0.000000 1.000000 0.000000
vn 0.000000 1.000000 0.000000
vn 0.000000 1.000000 0.000000
vn -0.000001 1.000000 -0.000002
vn -0.000001 1.000000 -0.000002
vn 0.000000 1.000000 0.000000
vn 0.000000 1.000000 0.000000
vn 0.000000 1.000000 0.000000
vn 0.506229 0.429045 0.748099
vn 0.506229 0.429045 0.748099
vn 0.506229 0.429045 0.748099
vn 0.506229 0.429045 0.748099
vn 0.849279 0.429042 0.307649
vn 0.849279 0.429042 0.307649
vn 0.849279 0.429042 0.307649
vn 0.849279 0.429042 0.307649
vn 0.867912 0.429044 -0.250299
vn 0.867912 0.429044 -0.250299
vn 0.867912 0.429044 -0.250299
vn 0.867912 0.429044 -0.250299
vn 0.555024 0.429063 -0.712639
vn 0.555024 0.429063 -0.712639
vn 0.555024 0.429063 -0.712639
vn 0.555024 0.429063 -0.712639
vn 0.030148 0.429070 -0.902768
vn 0.030148 0.429070 -0.902768
vn 0.030148 0.429070 -0.902768
vn 0.030148 0.429070 -0.902768
vn -0.506229 0.429046 -0.748099
vn -0.506229 0.429046 -0.748099
vn -0.506229 0.429046 -0.748099
vn -0.506229 0.429046 -0.748099
vn -0.849284 0.429039 -0.307641
vn -0.849284 0.429039 -0.307641
vn -0.849284 0.429039 -0.307641
vn -0.849284 0.429039 -0.307641
vn -0.867925 0.429036 0.250271
vn -0.867925 0.429036 0.250271
vn -0.867924 0.429036 0.250271
vn -0.867924 0.429036 0.250271
vn -0.555025 0.429040 0.712651
vn -0.555025 0.429040 0.712651
vn -0.555025 0.429040 0.712651
vn -0.555025 0.429040 0.712651
vn -0.030137 0.429061 0.902773
vn -0.030137 0.429061 0.902773
vn -0.030137 0.429061 0.902773
vn -0.030137 0.429061 0.902773
vn 0.206260 0.929808 0.304816
vn 0.206260 0.929808 0.304816
vn 0.206260 0.929808 0.304817
vn 0.206260 0.929808 0.304816
vn 0.346041 0.929809 0.125345
vn 0.346041 0.929809 0.125345
vn 0.346041 0.929809 0.125345
vn 0.346041 0.929809 0.125345
vn 0.353630 0.929808 -0.101992
vn 0.353630 0.929808 -0.101992
vn 0.353630 0.929808 -0.101992
vn 0.353630 0.929808 -0.101992
vn 0.226149 0.929811 -0.290358
vn 0.226149 0.929811 -0.290358
vn 0.226149 0.929811 -0.290358
vn 0.226149 0.929811 -0.290358
vn 0.012277 0.929819 -0.367813
vn 0.012277 0.929819 -0.367813
vn 0.012277 0.929819 -0.367813
vn 0.012277 0.929819 -0.367813
vn -0.206264 0.929816 -0.304790
vn -0.206265 0.929816 -0.304790
vn -0.206265 0.929816 -0.304790
vn -0.206265 0.929816 -0.304790
vn -0.346057 0.929801 -0.125359
vn -0.346058 0.929801 -0.125359
vn -0.346058 0.929801 -0.125359
vn -0.346058 0.929801 -0.125359
vn -0.353638 0.929808 0.101970
vn -0.353638 0.929808 0.101971
vn -0.353638 0.929808 0.101971
vn -0.353638 0.929808 0.101971
vn -0.226138 0.929815 0.290355
vn -0.226138 0.929815 0.290355
vn -0.226138 0.929815 0.290355
vn -0.226138 0.929815 0.290355
vn -0.012278 0.929815 0.367823
vn -0.012278 0.929815 0.367823
vn -0.012278 0.929815 0.367823
vn -0.012278 0.929815 0.367823
vn -0.587341 -0.012779 -0.809239
vn -0.587341 -0.012779 -0.809239
vn 0.028775 -0.015887 -0.999460
vn 0.028775 -0.015887 -0.999460
vn 0.616653 -0.004100 -0.787224
vn 0.616653 -0.004100 -0.787224
vn 0.943092 0.029962 -0.331179
vn 0.943092 0.029962 -0.331179
vn 0.905363 0.022020 -0.424067
vn 0.528218 -0.163905 -0.833139
vn 0.528218 -0.163905 -0.833139
vn 0.130036 -0.172570 -0.976376
vn 0.130036 -0.172570 -0.976376
vn -0.625487 -0.007195 -0.780201
vn -0.825985 -0.368927 -0.426195
vn -0.781667 -0.370780 -0.501517
vn -0.155393 -0.948946 -0.274509
vn -0.170469 -0.952392 -0.252765
vn -0.071559 -0.918370 -0.389199
vn -0.071559 -0.918370 -0.389199
vn 0.248403 -0.955317 -0.160202
vn 0.251787 -0.952314 -0.172342
vn 0.302065 -0.878078 -0.371127
vn 0.302065 -0.878078 -0.371127
vn 0.850861 -0.470184 0.234440
vn 0.868968 -0.488555 0.078798
vn -0.744308 0.616993 -0.255588
vn -0.744308 0.616993 -0.255588
vn -0.744308 0.616993 -0.255588
vn -0.744308 0.616993 -0.255588
vn -0.939405 -0.112011 -0.323994
vn -0.939405 -0.112011 -0.323994
vn -0.939405 -0.112011 -0.323994
vn -0.939405 -0.112011 -0.323994
vn -0.799366 -0.536806 -0.269914
vn -0.799366 -0.536806 -0.269914
vn -0.799882 -0.535875 -0.270237
vn -0.803371 -0.533235 -0.265057
vn -0.252869 -0.965278 -0.065545
vn -0.252869 -0.965278 -0.065545
vn -0.247061 -0.967091 -0.060790
vn -0.248378 -0.966686 -0.061867
vn 0.268666 -0.954583 0.128799
vn 0.268666 -0.954583 0.128799
vn 0.266098 -0.955042 0.130720
vn 0.266069 -0.955047 0.130741
vn 0.809796 -0.496195 0.313082
vn 0.809796 -0.496195 0.313082
vn 0.810808 -0.490009 0.320127
vn 0.810449 -0.494860 0.313505
vn 0.926969 -0.124145 0.354000
vn 0.926969 -0.124145 0.354000
vn 0.926969 -0.124145 0.354000
vn 0.926969 -0.124145 0.354000
vn 0.745035 0.602220 0.286799
vn 0.745035 0.602220 0.286799
vn 0.745035 0.602220 0.286799
vn 0.745035 0.602220 0.286799
vn 0.260018 0.956803 0.130075
vn 0.260018 0.956803 0.130075
vn 0.260018 0.956803 0.130075
vn 0.260018 0.956803 0.130075
vn -0.282994 0.956805 -0.066631
vn -0.282994 0.956805 -0.066631
vn -0.282994 0.956805 -0.066631
vn -0.282994 0.956805 -0.066631
vn -0.580901 0.063030 -0.811530
vn -0.580901 0.063030 -0.811530
vn -0.580901 0.063030 -0.811530
vn -0.580901 0.063030 -0.811530
vn -0.978579 0.048211 -0.200146
vn -0.978579 0.048211 -0.200146
vn -0.978579 0.048211 -0.200146
vn -0.978579 0.048211 -0.200146
vn -0.939348 0.028890 0.341746
vn -0.904789 0.018497 0.425458
vn -0.942776 0.029834 0.332089
vn -0.572372 -0.090943 0.814935
vn -0.575191 -0.085999 0.813486
vn -0.616912 -0.004082 0.787022
vn -0.616943 -0.004081 0.786997
vn -0.079666 -0.097804 0.992012
vn -0.081685 -0.100797 0.991548
vn -0.028194 -0.015879 0.999476
vn -0.028268 -0.015880 0.999474
vn 0.625546 -0.006812 0.780158
vn 0.590969 -0.012233 0.806601
vn 0.587883 -0.012690 0.808847
vn 0.895120 -0.005294 0.445794
vn 0.895120 -0.005294 0.445794
vn 0.895120 -0.005294 0.445794
vn 0.895120 -0.005294 0.445794
vn 0.913121 0.050147 -0.404593
vn 0.913121 0.050147 -0.404593
vn 0.913121 0.050147 -0.404593
vn 0.913121 0.050147 -0.404593
vn 0.547429 0.012395 -0.836761
vn 0.547429 0.012395 -0.836761
vn 0.547429 0.012395 -0.836761
vn 0.547429 0.012395 -0.836760
vn 0.113393 0.026199 -0.993205
vn 0.113393 0.026199 -0.993205
vn 0.113393 0.026199 -0.993205
vn 0.113393 0.026199 -0.993205
vn 0.000000 1.000000 0.000000
vn 0.000002 1.000000 0.000003
vn -0.000000 1.000000 -0.000000
vn -0.000002 1.000000 -0.000003
vn -0.000003 1.000000 -0.000005
vn 0.000000 1.000000 0.000000
vn 0.000000 1.000000 0.000000
vn -0.000002 1.000000 -0.000003
vn 0.000002 1.000000 0.000003
vn 0.000003 1.000000 0.000005
vn 0.000000 1.000000 0.000000
vn -0.506247 0.429053 -0.748083
vn -0.506247 0.429053 -0.748083
vn -0.506247 0.429053 -0.748083
vn -0.506247 0.429053 -0.748083
vn -0.849274 0.429053 -0.307647
vn -0.849274 0.429053 -0.307647
vn -0.849274 0.429053 -0.307647
vn -0.849274 0.429053 -0.307647
vn -0.867913 0.429056 0.250277
vn -0.867913 0.429056 0.250277
vn -0.867913 0.429056 0.250277
vn -0.867913 0.429056 0.250277
vn -0.555031 0.429063 0.712633
vn -0.555031 0.429063 0.712633
vn -0.555031 0.429063 0.712633
vn -0.555031 0.429063 0.712633
vn -0.030154 0.429023 0.902790
vn -0.030155 0.429022 0.902790
vn -0.030154 0.429022 0.902790
vn -0.030154 0.429022 0.902790
vn 0.506245 0.429059 0.748080
vn 0.506245 0.429059 0.748080
vn 0.506245 0.429059 0.748080
vn 0.506245 0.429059 0.748080
vn 0.849288 0.429032 0.307639
vn 0.849288 0.429032 0.307639
vn 0.849288 0.429032 0.307639
vn 0.849288 0.429032 0.307639
vn 0.867916 0.429046 -0.250284
vn 0.867916 0.429046 -0.250284
vn 0.867916 0.429046 -0.250284
vn 0.867916 0.429046 -0.250284
vn 0.555035 0.429030 -0.712650
vn 0.555035 0.429030 -0.712649
vn 0.555035 0.429030 -0.712649
vn 0.555035 0.429030 -0.712650
vn 0.030150 0.429049 -0.902778
vn 0.030150 0.429049 -0.902778
vn 0.030150 0.429049 -0.902778
vn 0.030150 0.429049 -0.902778
vn -0.206265 0.929820 -0.304779
vn -0.206265 0.929820 -0.304779
vn -0.206265 0.929820 -0.304779
vn -0.206265 0.929820 -0.304779
vn -0.346045 0.929803 -0.125380
vn -0.346045 0.929802 -0.125380
vn -0.346045 0.929803 -0.125380
vn -0.346045 0.929803 -0.125380
vn -0.353637 0.929806 0.101993
vn -0.353636 0.929806 0.101993
vn -0.353636 0.929806 0.101993
vn -0.353636 0.929806 0.101993
vn -0.226157 0.929808 0.290363
vn -0.226157 0.929808 0.290363
vn -0.226157 0.929808 0.290363
vn -0.226157 0.929808 0.290363
vn -0.012281 0.929807 0.367843
vn -0.012282 0.929807 0.367843
vn -0.012282 0.929807 0.367843
vn -0.012281 0.929807 0.367843
vn 0.206261 0.929816 0.304792
vn 0.206261 0.929816 0.304792
vn 0.206261 0.929816 0.304792
vn 0.206261 0.929816 0.304792
vn 0.346037 0.929810 0.125344
vn 0.346037 0.929810 0.125344
vn 0.346037 0.929810 0.125344
vn 0.346037 0.929810 0.125344
vn 0.353630 0.929810 -0.101979
vn 0.353630 0.929810 -0.101979
vn 0.353630 0.929810 -0.101979
vn 0.353629 0.929810 -0.101979
vn 0.226146 0.929811 -0.290362
vn 0.226146 0.929811 -0.290362
vn 0.226146 0.929811 -0.290362
vn 0.226146 0.929811 -0.290362
vn 0.012279 0.929812 -0.367830
vn 0.012279 0.929812 -0.367830
vn 0.012279 0.929812 -0.367830
vn 0.012279 0.929812 -0.367830
vn 0.587339 -0.012778 0.809240
vn 0.587339 -0.012778 0.809240
vn -0.028762 -0.015885 0.999460
vn -0.028762 -0.015885 0.999460
vn -0.616668 -0.004092 0.787213
vn -0.616668 -0.004092 0.787213
vn -0.943095 0.029962 0.331170
vn -0.943095 0.029962 0.331170
vn -0.905334 0.022134 0.424122
vn -0.528200 -0.163981 0.833135
vn -0.528200 -0.163981 0.833135
vn -0.130053 -0.172558 0.976376
vn -0.130053 -0.172558 0.976376
vn 0.625487 -0.007218 0.780201
vn 0.826034 -0.368797 0.426212
vn 0.781687 -0.370704 0.501542
vn 0.155399 -0.948947 0.274502
vn 0.170474 -0.952392 0.252762
vn 0.071551 -0.918375 0.389189
vn 0.071551 -0.918375 0.389189
vn -0.248404 -0.955316 0.160209
vn -0.251785 -0.952315 0.172340
vn -0.302070 -0.878068 0.371149
vn -0.302070 -0.878068 0.371149
vn -0.850846 -0.470198 -0.234467
vn -0.868979 -0.488543 -0.078753
s 1
g pCylinder35
usemtl lambert8SG
f 1875/2597/5591 1876/2598/5592 1886/2609/5593 1885/2608/5594
s 2
f 1876/2598/5595 1877/2599/5596 1887/2610/5597 1886/2609/5598
s 3
f 1877/2599/5599 1878/2600/5600 1888/2611/5601 1887/2610/5602
s 4
f 1878/2600/5603 1879/2601/5604 1889/2612/5605 1888/2611/5606
s 5
f 1879/2601/5607 1880/2602/5608 1890/2613/5609 1889/2612/5610
s 6
f 1880/2602/5611 1881/2603/5612 1891/2614/5613 1890/2613/5614
s 7
f 1881/2603/5615 1882/2604/5616 1892/2615/5617 1891/2614/5618
s 8
f 1882/2604/5619 1883/2605/5620 1893/2616/5621 1892/2615/5622
s 9
f 1883/2605/5623 1884/2606/5624 1894/2617/5625 1893/2616/5626
s 10
f 1884/2606/5627 1875/2607/5628 1885/2618/5629 1894/2617/5630
s 1
f 1885/2608/5594 1886/2609/5593 1896/2620/5631 1895/2619/5632
s 2
f 1886/2609/5598 1887/2610/5597 1897/2621/5633 1896/2620/5634
s 3
f 1887/2610/5602 1888/2611/5601 1898/2622/5635 1897/2621/5636
s 4
f 1888/2611/5606 1889/2612/5605 1899/2623/5637 1898/2622/5638
s 5
f 1889/2612/5610 1890/2613/5609 1900/2624/5639 1899/2623/5640
s 6
f 1890/2613/5614 1891/2614/5613 1901/2625/5641 1900/2624/5642
s 7
f 1891/2614/5618 1892/2615/5617 1902/2626/5643 1901/2625/5644
s 8
f 1892/2615/5622 1893/2616/5621 1903/2627/5645 1902/2626/5646
s 9
f 1893/2616/5626 1894/2617/5625 1904/2628/5647 1903/2627/5648
s 10
f 1894/2617/5630 1885/2618/5629 1895/2629/5649 1904/2628/5650
s 1
f 1895/2619/5632 1896/2620/5631 1906/2631/5651 1905/2630/5652
s 2
f 1896/2620/5634 1897/2621/5633 1907/2632/5653 1906/2631/5654
s 3
f 1897/2621/5636 1898/2622/5635 1908/2633/5655 1907/2632/5656
s 4
f 1898/2622/5638 1899/2623/5637 1909/2634/5657 1908/2633/5658
s 5
f 1899/2623/5640 1900/2624/5639 1910/2635/5659 1909/2634/5660
s 6
f 1900/2624/5642 1901/2625/5641 1911/2636/5661 1910/2635/5662
s 7
f 1901/2625/5644 1902/2626/5643 1912/2637/5663 1911/2636/5664
s 8
f 1902/2626/5646 1903/2627/5645 1913/2638/5665 1912/2637/5666
s 9
f 1903/2627/5648 1904/2628/5647 1914/2639/5667 1913/2638/5668
s 10
f 1904/2628/5650 1895/2629/5649 1905/2640/5669 1914/2639/5670
s 11
f 1876/2588/5671 1875/2587/5672 1915/2651/5673
f 1877/2589/5674 1876/2588/5671 1915/2651/5673
f 1878/2590/5675 1877/2589/5674 1915/2651/5673
f 1879/2591/5676 1878/2590/5675 1915/2651/5673
f 1880/2592/5677 1879/2591/5676 1915/2651/5673
f 1881/2593/5678 1880/2592/5677 1915/2651/5673
f 1882/2594/5679 1881/2593/5678 1915/2651/5673
f 1883/2595/5680 1882/2594/5679 1915/2651/5673
f 1884/2596/5681 1883/2595/5680 1915/2651/5673
f 1875/2587/5672 1884/2596/5681 1915/2651/5673
s 12
f 1926/2663/5682 1927/2664/5683 1928/2652/5684
f 1927/2664/5683 1929/2665/5685 1928/2652/5684
f 1929/2665/5685 1930/2666/5686 1928/2652/5684
f 1930/2666/5686 1931/2667/5687 1928/2652/5684
f 1931/2667/5687 1932/2668/5688 1928/2652/5684
f 1932/2668/5688 1933/2669/5689 1928/2652/5684
f 1933/2669/5689 1934/2670/5690 1928/2652/5684
f 1934/2670/5690 1935/2671/5691 1928/2652/5684
f 1935/2671/5691 1936/2672/5692 1928/2652/5684
f 1936/2672/5692 1926/2663/5682 1928/2652/5684
s off
f 1905/2649/5693 1906/2648/5694 1917/2654/5695 1916/2653/5696
f 1906/2648/5697 1907/2647/5698 1918/2655/5699 1917/2654/5700
f 1907/2647/5701 1908/2646/5702 1919/2656/5703 1918/2655/5704
f 1908/2646/5705 1909/2645/5706 1920/2657/5707 1919/2656/5708
f 1909/2645/5709 1910/2644/5710 1921/2658/5711 1920/2657/5712
f 1910/2644/5713 1911/2643/5714 1922/2659/5715 1921/2658/5716
f 1911/2643/5717 1912/2642/5718 1923/2660/5719 1922/2659/5720
f 1912/2642/5721 1913/2641/5722 1924/2661/5723 1923/2660/5724
f 1913/2641/5725 1914/2650/5726 1925/2662/5727 1924/2661/5728
f 1914/2650/5729 1905/2649/5730 1916/2653/5731 1925/2662/5732
f 1916/2653/5733 1917/2654/5734 1927/2664/5735 1926/2663/5736
f 1917/2654/5737 1918/2655/5738 1929/2665/5739 1927/2664/5740
f 1918/2655/5741 1919/2656/5742 1930/2666/5743 1929/2665/5744
f 1919/2656/5745 1920/2657/5746 1931/2667/5747 1930/2666/5748
f 1920/2657/5749 1921/2658/5750 1932/2668/5751 1931/2667/5752
f 1921/2658/5753 1922/2659/5754 1933/2669/5755 1932/2668/5756
f 1922/2659/5757 1923/2660/5758 1934/2670/5759 1933/2669/5760
f 1923/2660/5761 1924/2661/5762 1935/2671/5763 1934/2670/5764
f 1924/2661/5765 1925/2662/5766 1936/2672/5767 1935/2671/5768
f 1925/2662/5769 1916/2653/5770 1926/2663/5771 1936/2672/5772
f 1937/2673/5773 1938/2674/5774 1948/2675/5775 1947/2676/5776
f 1938/2674/5777 1939/2677/5778 1949/2678/5779 1948/2675/5780
s 13
f 1939/2677/5781 1940/2679/5782 1996/2680/5783 1949/2678/5784
s 14
f 1940/2679/5785 1941/2681/5786 1995/2682/5787 1996/2680/5788
s 15
f 1941/2681/5789 1942/2683/5790 1994/2684/5791 1995/2682/5792
s 16
f 1942/2683/5793 1943/2685/5794 1953/2686/5795 1994/2684/5796
s off
f 1943/2685/5797 1944/2687/5798 1954/2688/5799 1953/2686/5800
f 1944/2687/5801 1945/2689/5802 1955/2690/5803 1954/2688/5804
f 1945/2689/5805 1946/2691/5806 1956/2692/5807 1955/2690/5808
f 1946/2691/5809 1937/2693/5810 1947/2694/5811 1956/2692/5812
f 1947/2695/5813 1948/2696/5814 1958/2697/5815 1957/2698/5816
f 1948/2696/5817 1949/2699/5818 1959/2700/5819 1958/2697/5820
s 17
f 1949/2699/5821 1991/2701/5822 1990/2702/5823
s 18
f 1991/2701/5824 1992/2703/5825 1989/2704/5826 1990/2702/5827
s 19
f 1992/2703/5828 1993/2705/5829 1988/2706/5830 1989/2704/5831
s 20
f 1993/2705/5832 1953/2707/5833 1988/2706/5834
s off
f 1953/2707/5835 1954/2708/5836 1964/2709/5837 1963/2710/5838
f 1954/2708/5839 1955/2711/5840 1965/2712/5841 1964/2709/5842
f 1955/2711/5843 1956/2713/5844 1966/2714/5845 1965/2712/5846
f 1956/2713/5847 1947/2715/5848 1957/2716/5849 1966/2714/5850
s 21
f 1977/2717/5851 1978/2718/5852 1979/2719/5853
f 1978/2718/5852 1980/2720/5854 1979/2719/5853
f 1980/2720/5854 1981/2721/5855 1979/2719/5853
f 1981/2721/5855 1982/2722/5856 1979/2719/5853
f 1982/2722/5856 1983/2723/5857 1979/2719/5853
f 1983/2723/5857 1984/2724/5858 1979/2719/5853
f 1984/2724/5858 1985/2725/5859 1979/2719/5853
f 1985/2725/5859 1986/2726/5860 1979/2719/5853
f 1986/2726/5860 1987/2727/5861 1979/2719/5853
f 1987/2727/5861 1977/2717/5851 1979/2719/5853
s off
f 1957/2728/5862 1958/2729/5863 1968/2730/5864 1967/2731/5865
f 1958/2729/5866 1959/2732/5867 1969/2733/5868 1968/2730/5869
f 1959/2732/5870 1960/2734/5871 1970/2735/5872 1969/2733/5873
f 1960/2734/5874 1961/2736/5875 1971/2737/5876 1970/2735/5877
f 1961/2736/5878 1962/2738/5879 1972/2739/5880 1971/2737/5881
f 1962/2738/5882 1963/2740/5883 1973/2741/5884 1972/2739/5885
f 1963/2740/5886 1964/2742/5887 1974/2743/5888 1973/2741/5889
f 1964/2742/5890 1965/2744/5891 1975/2745/5892 1974/2743/5893
f 1965/2744/5894 1966/2746/5895 1976/2747/5896 1975/2745/5897
f 1966/2746/5898 1957/2728/5899 1967/2731/5900 1976/2747/5901
f 1967/2731/5902 1968/2730/5903 1978/2718/5904 1977/2717/5905
f 1968/2730/5906 1969/2733/5907 1980/2720/5908 1978/2718/5909
f 1969/2733/5910 1970/2735/5911 1981/2721/5912 1980/2720/5913
f 1970/2735/5914 1971/2737/5915 1982/2722/5916 1981/2721/5917
f 1971/2737/5918 1972/2739/5919 1983/2723/5920 1982/2722/5921
f 1972/2739/5922 1973/2741/5923 1984/2724/5924 1983/2723/5925
f 1973/2741/5926 1974/2743/5927 1985/2725/5928 1984/2724/5929
f 1974/2743/5930 1975/2745/5931 1986/2726/5932 1985/2725/5933
f 1975/2745/5934 1976/2747/5935 1987/2727/5936 1986/2726/5937
f 1976/2747/5938 1967/2731/5939 1977/2717/5940 1987/2727/5941
s 20
f 1988/2706/5834 1953/2707/5833 1963/2710/5942 1962/2748/5943
s 19
f 1989/2704/5831 1988/2706/5830 1962/2748/5944 1961/2749/5945
s 18
f 1990/2702/5827 1989/2704/5826 1961/2749/5946 1960/2750/5947
s 17
f 1949/2699/5821 1990/2702/5823 1960/2750/5948 1959/2700/5949
f 1949/2699/5821 1950/2751/5950 1991/2701/5822
s 18
f 1950/2751/5951 1951/2752/5952 1992/2703/5825 1991/2701/5824
s 19
f 1951/2752/5953 1952/2753/5954 1993/2705/5829 1992/2703/5828
s 20
f 1952/2753/5955 1953/2707/5833 1993/2705/5832
s 16
f 1999/2754/5956 1953/2686/5795 1952/2755/5957
s 15
f 1998/2756/5958 1999/2754/5959 1952/2755/5960 1951/2757/5961
s 14
f 1997/2758/5962 1998/2756/5963 1951/2757/5964 1950/2759/5965
s 13
f 1949/2678/5784 1997/2758/5966 1950/2759/5967
f 1949/2678/5784 1996/2680/5783 1997/2758/5966
s 14
f 1996/2680/5788 1995/2682/5787 1998/2756/5963 1997/2758/5962
s 15
f 1995/2682/5792 1994/2684/5791 1999/2754/5959 1998/2756/5958
s 16
f 1994/2684/5796 1953/2686/5795 1999/2754/5956
s off
f 2000/2760/5968 2001/2761/5969 2011/2762/5970 2010/2763/5971
f 2001/2761/5972 2002/2764/5973 2012/2765/5974 2011/2762/5975
s 22
f 2002/2764/5976 2003/2766/5977 2059/2767/5978 2012/2765/5979
s 23
f 2003/2766/5980 2004/2768/5981 2058/2769/5982 2059/2767/5983
s 24
f 2004/2768/5984 2005/2770/5985 2057/2771/5986 2058/2769/5987
s 25
f 2005/2770/5988 2006/2772/5989 2016/2773/5990 2057/2771/5991
s off
f 2006/2772/5992 2007/2774/5993 2017/2775/5994 2016/2773/5995
f 2007/2774/5996 2008/2776/5997 2018/2777/5998 2017/2775/5999
f 2008/2776/6000 2009/2778/6001 2019/2779/6002 2018/2777/6003
f 2009/2778/6004 2000/2780/6005 2010/2781/6006 2019/2779/6007
f 2010/2782/6008 2011/2783/6009 2021/2784/6010 2020/2785/6011
f 2011/2783/6012 2012/2786/6013 2022/2787/6014 2021/2784/6015
s 26
f 2012/2786/6016 2054/2788/6017 2053/2789/6018
s 27
f 2054/2788/6019 2055/2790/6020 2052/2791/6021 2053/2789/6022
s 28
f 2055/2790/6023 2056/2792/6024 2051/2793/6025 2052/2791/6026
s 29
f 2056/2792/6027 2016/2794/6028 2051/2793/6029
s off
f 2016/2794/6030 2017/2795/6031 2027/2796/6032 2026/2797/6033
f 2017/2795/6034 2018/2798/6035 2028/2799/6036 2027/2796/6037
f 2018/2798/6038 2019/2800/6039 2029/2801/6040 2028/2799/6041
f 2019/2800/6042 2010/2802/6043 2020/2803/6044 2029/2801/6045
s 30
f 2040/2804/6046 2041/2805/6047 2042/2806/6048
f 2041/2805/6047 2043/2807/6049 2042/2806/6048
f 2043/2807/6049 2044/2808/6050 2042/2806/6048
f 2044/2808/6050 2045/2809/6051 2042/2806/6048
f 2045/2809/6051 2046/2810/6052 2042/2806/6048
f 2046/2810/6052 2047/2811/6053 2042/2806/6048
f 2047/2811/6053 2048/2812/6054 2042/2806/6048
f 2048/2812/6054 2049/2813/6055 2042/2806/6048
f 2049/2813/6055 2050/2814/6056 2042/2806/6048
f 2050/2814/6056 2040/2804/6046 2042/2806/6048
s off
f 2020/2815/6057 2021/2816/6058 2031/2817/6059 2030/2818/6060
f 2021/2816/6061 2022/2819/6062 2032/2820/6063 2031/2817/6064
f 2022/2819/6065 2023/2821/6066 2033/2822/6067 2032/2820/6068
f 2023/2821/6069 2024/2823/6070 2034/2824/6071 2033/2822/6072
f 2024/2823/6073 2025/2825/6074 2035/2826/6075 2034/2824/6076
f 2025/2825/6077 2026/2827/6078 2036/2828/6079 2035/2826/6080
f 2026/2827/6081 2027/2829/6082 2037/2830/6083 2036/2828/6084
f 2027/2829/6085 2028/2831/6086 2038/2832/6087 2037/2830/6088
f 2028/2831/6089 2029/2833/6090 2039/2834/6091 2038/2832/6092
f 2029/2833/6093 2020/2815/6094 2030/2818/6095 2039/2834/6096
f 2030/2818/6097 2031/2817/6098 2041/2805/6099 2040/2804/6100
f 2031/2817/6101 2032/2820/6102 2043/2807/6103 2041/2805/6104
f 2032/2820/6105 2033/2822/6106 2044/2808/6107 2043/2807/6108
f 2033/2822/6109 2034/2824/6110 2045/2809/6111 2044/2808/6112
f 2034/2824/6113 2035/2826/6114 2046/2810/6115 2045/2809/6116
f 2035/2826/6117 2036/2828/6118 2047/2811/6119 2046/2810/6120
f 2036/2828/6121 2037/2830/6122 2048/2812/6123 2047/2811/6124
f 2037/2830/6125 2038/2832/6126 2049/2813/6127 2048/2812/6128
f 2038/2832/6129 2039/2834/6130 2050/2814/6131 2049/2813/6132
f 2039/2834/6133 2030/2818/6134 2040/2804/6135 2050/2814/6136
s 29
f 2051/2793/6029 2016/2794/6028 2026/2797/6137 2025/2835/6138
s 28
f 2052/2791/6026 2051/2793/6025 2025/2835/6139 2024/2836/6140
s 27
f 2053/2789/6022 2052/2791/6021 2024/2836/6141 2023/2837/6142
s 26
f 2012/2786/6016 2053/2789/6018 2023/2837/6143 2022/2787/6144
f 2012/2786/6016 2013/2838/6145 2054/2788/6017
s 27
f 2013/2838/6146 2014/2839/6147 2055/2790/6020 2054/2788/6019
s 28
f 2014/2839/6148 2015/2840/6149 2056/2792/6024 2055/2790/6023
s 29
f 2015/2840/6150 2016/2794/6028 2056/2792/6027
s 25
f 2062/2841/6151 2016/2773/5990 2015/2842/6152
s 24
f 2061/2843/6153 2062/2841/6154 2015/2842/6155 2014/2844/6156
s 23
f 2060/2845/6157 2061/2843/6158 2014/2844/6159 2013/2846/6160
s 22
f 2012/2765/5979 2060/2845/6161 2013/2846/6162
f 2012/2765/5979 2059/2767/5978 2060/2845/6161
s 23
f 2059/2767/5983 2058/2769/5982 2061/2843/6158 2060/2845/6157
s 24
f 2058/2769/5987 2057/2771/5986 2062/2841/6154 2061/2843/6153
s 25
f 2057/2771/5991 2016/2773/5990 2062/2841/6151
g default
v -169.108238 -0.473785 -498.605300
v -174.579508 -0.473785 -499.692410
v -179.644842 -0.473785 -497.355931
v -182.369241 -0.473785 -492.488397
v -181.712400 -0.473785 -486.949090
v -177.925105 -0.473785 -482.853703
v -172.453980 -0.473785 -481.766498
v -167.388513 -0.473785 -484.103013
v -164.663982 -0.473785 -488.970582
v -165.320931 -0.473785 -494.509974
v -167.759180 36.383545 -501.015375
v -174.904668 36.383545 -502.435104
v -181.520090 36.383545 -499.383655
v -185.078309 36.383545 -493.026602
v -184.220570 36.383545 -485.792154
v -179.274175 36.383545 -480.443569
v -172.128807 36.383545 -479.023865
v -165.513385 36.383545 -482.075313
v -161.954914 36.383545 -488.432378
v -162.812904 36.383545 -495.666814
v -167.513621 73.240883 -501.454199
v -174.963953 73.240883 -502.934466
v -181.861491 73.240883 -499.752860
v -185.571601 73.240883 -493.124636
v -184.677173 73.240883 -485.581557
v -179.519747 73.240883 -480.004685
v -172.069522 73.240883 -478.524502
v -165.171984 73.240883 -481.706108
v -161.461767 73.240883 -488.334248
v -162.356290 73.240883 -495.877471
v -168.556857 105.695534 -499.590347
v -174.712389 105.695534 -500.813441
v -180.411163 105.695534 -498.184787
v -183.476525 105.695534 -492.708390
v -182.737494 105.695534 -486.476247
v -178.476486 105.695534 -481.868657
v -172.320835 105.695534 -480.645538
v -166.622061 105.695534 -483.274192
v -163.556818 105.695534 -488.750614
v -164.295837 105.695534 -494.982817
v -173.516731 -0.473785 -490.729514
v -170.142589 112.597672 -496.757446
v -174.330097 112.597672 -497.589458
v -178.206983 112.597672 -495.801192
v -180.292260 112.597672 -492.075673
v -179.789516 112.597672 -487.836007
v -176.890767 112.597672 -484.701498
v -172.703259 112.597672 -483.869486
v -168.826372 112.597672 -485.657752
v -166.741096 112.597672 -489.383271
v -167.243827 112.597672 -493.622997
v -172.066436 114.171967 -493.320457
v -173.866247 114.171967 -493.678065
v -173.516731 114.171967 -490.729514
v -175.532627 114.171967 -492.909421
v -176.428981 114.171967 -491.308109
v -176.212896 114.171967 -489.485810
v -174.966919 114.171967 -488.138487
v -173.166989 114.171967 -487.780854
v -171.500609 114.171967 -488.549498
v -170.604375 114.171967 -490.150835
v -170.820447 114.171967 -491.973193
v -171.149696 67.942490 -486.977133
v -169.803283 63.475231 -484.023915
v -169.819526 57.953396 -484.016403
v -171.192091 53.486141 -486.957535
v -173.396804 51.779797 -491.723974
v -175.591344 53.486141 -496.495059
v -176.937757 57.953396 -499.448276
v -176.921514 63.475231 -499.455789
v -175.548974 67.942490 -496.514537
v -173.344368 69.648834 -491.748181
v -141.700766 66.920532 -500.560995
v -136.250665 63.013004 -499.500715
v -131.678145 58.062069 -503.005317
v -130.640505 55.578335 -505.662755
v -132.392623 55.069714 -510.637872
v -135.039758 55.424519 -515.200279
v -138.602119 58.341000 -515.633973
v -145.493389 62.727322 -513.952660
v -146.100019 66.920532 -510.098519
v -144.651360 68.413071 -504.983350
v -141.731424 90.642395 -502.210657
v -137.165441 90.642395 -501.303455
v -132.938455 90.642395 -503.253242
v -130.664565 90.642395 -507.315426
v -131.212804 90.642395 -511.938112
v -134.373376 90.642395 -515.355863
v -138.939359 90.642395 -516.263066
v -143.166345 90.642395 -514.313279
v -145.440235 90.642395 -510.251094
v -144.892021 90.642395 -505.628289
v -140.555154 95.464233 -504.312038
v -137.448956 95.464233 -503.694820
v -134.573351 95.464233 -505.021251
v -133.026647 95.464233 -507.784706
v -133.399510 95.464233 -510.929438
v -135.549766 95.464233 -513.254507
v -138.655725 95.464233 -513.871676
v -141.531354 95.464233 -512.545126
v -143.078273 95.464233 -509.781839
v -142.705315 95.464233 -506.636963
v -139.128086 96.564026 -506.861387
v -137.793093 96.564026 -506.596040
v -138.052412 96.564026 -508.783200
v -136.557020 96.564026 -507.166268
v -135.892185 96.564026 -508.354102
v -136.052440 96.564026 -509.705783
v -136.976714 96.564026 -510.705134
v -138.311731 96.564026 -510.970361
v -139.547780 96.564026 -510.400253
v -140.212591 96.564026 -509.212538
v -140.052360 96.564026 -507.860738
v -134.900680 62.437428 -515.232587
v -131.247435 62.780903 -511.358060
v -130.645955 62.667873 -506.044172
v -130.643742 59.264622 -505.889580
v -131.251811 59.188831 -511.283196
v -134.962442 59.135342 -515.218203
v -141.033396 54.791920 -513.117456
v -138.486206 53.046810 -507.827140
v -136.865952 54.154331 -502.791072
v -133.350969 54.222759 -504.412511
v -135.092902 53.359112 -509.392332
v -138.337004 54.891926 -514.282611
v -177.330895 74.542000 -494.962552
v -178.593240 70.353806 -497.731320
v -178.577849 65.176918 -497.738322
v -177.291127 60.988724 -494.980882
v -175.224015 59.388969 -490.512227
v -173.166643 60.988724 -486.039213
v -171.904298 65.176918 -483.270445
v -171.919581 70.353806 -483.263359
v -173.206410 74.542000 -486.020883
v -175.273271 76.141754 -490.489549
v -204.940195 73.583878 -482.227217
v -210.049844 69.920456 -483.221345
v -214.336762 65.278801 -479.935653
v -215.309494 62.950218 -477.444162
v -213.666762 62.473373 -472.779864
v -211.185010 62.806007 -468.502493
v -207.845248 65.540306 -468.095910
v -201.384466 69.652618 -469.672175
v -200.815711 73.583878 -473.285548
v -202.173855 74.983185 -478.081118
v -204.911348 95.823883 -480.680602
v -209.192243 95.823883 -481.531191
v -213.155047 95.823883 -479.703087
v -215.286944 95.823883 -475.894788
v -214.772987 95.823883 -471.560864
v -211.809773 95.823883 -468.356635
v -207.528998 95.823883 -467.506071
v -203.566086 95.823883 -469.334090
v -201.434297 95.823883 -473.142475
v -201.948242 95.823883 -477.476458
v -206.014231 100.344505 -478.710534
v -208.926229 100.344505 -479.289140
v -211.622237 100.344505 -478.045591
v -213.072376 100.344505 -475.454803
v -212.722823 100.344505 -472.506431
v -210.706903 100.344505 -470.326644
v -207.794893 100.344505 -469.748098
v -205.098884 100.344505 -470.991647
v -203.648758 100.344505 -473.582375
v -203.998406 100.344505 -476.530891
v -207.352086 101.375595 -476.320469
v -208.603654 101.375595 -476.569094
v -208.360686 101.375595 -474.518613
v -209.762614 101.375595 -476.034651
v -210.385946 101.375595 -474.921051
v -210.235681 101.375595 -473.653782
v -209.369167 101.375595 -472.716734
v -208.117479 101.375595 -472.468084
v -206.958614 101.375595 -473.002671
v -206.335307 101.375595 -474.116152
v -206.485547 101.375595 -475.383540
v -211.315340 69.380836 -468.472131
v -214.740538 69.702850 -472.104728
v -215.304374 69.596878 -477.086674
v -215.306334 66.406227 -477.231558
v -214.736268 66.335175 -472.174817
v -211.257497 66.285027 -468.485635
v -205.565814 62.212929 -470.455200
v -207.953820 60.576836 -475.415022
v -209.472954 61.615166 -480.136420
v -212.768417 61.679321 -478.616348
v -211.135079 60.869621 -473.947557
v -208.093789 62.306686 -469.362757
vt 0.626409 0.064409
vt 0.548284 0.007647
vt 0.451716 0.007647
vt 0.373591 0.064409
vt 0.343750 0.156250
vt 0.373591 0.248091
vt 0.451716 0.304853
vt 0.548284 0.304853
vt 0.626409 0.248091
vt 0.656250 0.156250
vt 0.375000 0.312500
vt 0.400000 0.312500
vt 0.425000 0.312500
vt 0.450000 0.312500
vt 0.475000 0.312500
vt 0.500000 0.312500
vt 0.525000 0.312500
vt 0.550000 0.312500
vt 0.575000 0.312500
vt 0.600000 0.312500
vt 0.625000 0.312500
vt 0.375000 0.437500
vt 0.400000 0.437500
vt 0.425000 0.437500
vt 0.450000 0.437500
vt 0.475000 0.437500
vt 0.500000 0.437500
vt 0.525000 0.437500
vt 0.550000 0.437500
vt 0.575000 0.437500
vt 0.600000 0.437500
vt 0.625000 0.437500
vt 0.375000 0.562500
vt 0.400000 0.562500
vt 0.425000 0.562500
vt 0.450000 0.562500
vt 0.475000 0.562500
vt 0.500000 0.562500
vt 0.525000 0.562500
vt 0.550000 0.562500
vt 0.575000 0.562500
vt 0.600000 0.562500
vt 0.625000 0.562500
vt 0.375000 0.687500
vt 0.400000 0.687500
vt 0.425000 0.687500
vt 0.450000 0.687500
vt 0.475000 0.687500
vt 0.500000 0.687500
vt 0.525000 0.687500
vt 0.550000 0.687500
vt 0.575000 0.687500
vt 0.600000 0.687500
vt 0.625000 0.687500
vt 0.626409 0.751909
vt 0.548284 0.695147
vt 0.451716 0.695147
vt 0.373591 0.751909
vt 0.343750 0.843750
vt 0.373591 0.935591
vt 0.451716 0.992353
vt 0.548284 0.992353
vt 0.626409 0.935591
vt 0.656250 0.843750
vt 0.500000 0.156250
vt 0.500000 0.843750
vt 0.626409 0.935591
vt 0.548284 0.992353
vt 0.451716 0.992353
vt 0.373591 0.935591
vt 0.343750 0.843750
vt 0.373591 0.751909
vt 0.451716 0.695147
vt 0.548284 0.695147
vt 0.626409 0.751909
vt 0.656250 0.843750
vt 0.626409 0.935591
vt 0.548284 0.992353
vt 0.451716 0.992353
vt 0.373591 0.935591
vt 0.343750 0.843750
vt 0.373591 0.751909
vt 0.451716 0.695147
vt 0.548284 0.695147
vt 0.626409 0.751909
vt 0.656250 0.843750
vt 0.375000 0.312500
vt 0.400000 0.312500
vt 0.400000 0.687500
vt 0.375000 0.687500
vt 0.425000 0.312500
vt 0.425000 0.687500
vt 0.450000 0.312500
vt 0.450000 0.629930
vt 0.475000 0.312500
vt 0.475000 0.623183
vt 0.500000 0.312500
vt 0.500000 0.634472
vt 0.525000 0.312500
vt 0.525000 0.687500
vt 0.550000 0.312500
vt 0.550000 0.687500
vt 0.575000 0.312500
vt 0.575000 0.687500
vt 0.600000 0.312500
vt 0.600000 0.687500
vt 0.625000 0.312500
vt 0.625000 0.687500
vt 0.375000 0.562500
vt 0.400000 0.562500
vt 0.400000 0.687500
vt 0.375000 0.687500
vt 0.425000 0.562500
vt 0.425000 0.687500
vt 0.450000 0.575218
vt 0.450000 0.591346
vt 0.475000 0.577631
vt 0.475000 0.594214
vt 0.500000 0.572594
vt 0.500000 0.588564
vt 0.525000 0.562500
vt 0.550000 0.562500
vt 0.550000 0.687500
vt 0.525000 0.687500
vt 0.575000 0.562500
vt 0.575000 0.687500
vt 0.600000 0.562500
vt 0.600000 0.687500
vt 0.625000 0.562500
vt 0.625000 0.687500
vt 0.626409 0.935591
vt 0.548284 0.992353
vt 0.500000 0.843750
vt 0.451716 0.992353
vt 0.373591 0.935591
vt 0.343750 0.843750
vt 0.373591 0.751909
vt 0.451716 0.695147
vt 0.548284 0.695147
vt 0.626409 0.751909
vt 0.656250 0.843750
vt 0.626409 0.935591
vt 0.548284 0.992353
vt 0.548284 0.992353
vt 0.626409 0.935591
vt 0.451716 0.992353
vt 0.451716 0.992353
vt 0.373591 0.935591
vt 0.373591 0.935591
vt 0.343750 0.843750
vt 0.343750 0.843750
vt 0.373591 0.751909
vt 0.373591 0.751909
vt 0.451716 0.695147
vt 0.451716 0.695147
vt 0.548284 0.695147
vt 0.548284 0.695147
vt 0.626409 0.751909
vt 0.626409 0.751909
vt 0.656250 0.843750
vt 0.656250 0.843750
vt 0.500000 0.687500
vt 0.475000 0.687500
vt 0.450000 0.687500
vt 0.450000 0.562500
vt 0.475000 0.562500
vt 0.500000 0.562500
vt 0.500000 0.659131
vt 0.500000 0.687500
vt 0.475000 0.653382
vt 0.475000 0.687500
vt 0.450000 0.662436
vt 0.450000 0.687500
vt 0.375000 0.312500
vt 0.400000 0.312500
vt 0.400000 0.687500
vt 0.375000 0.687500
vt 0.425000 0.312500
vt 0.425000 0.687500
vt 0.450000 0.312500
vt 0.450000 0.629930
vt 0.475000 0.312500
vt 0.475000 0.623183
vt 0.500000 0.312500
vt 0.500000 0.634472
vt 0.525000 0.312500
vt 0.525000 0.687500
vt 0.550000 0.312500
vt 0.550000 0.687500
vt 0.575000 0.312500
vt 0.575000 0.687500
vt 0.600000 0.312500
vt 0.600000 0.687500
vt 0.625000 0.312500
vt 0.625000 0.687500
vt 0.375000 0.562500
vt 0.400000 0.562500
vt 0.400000 0.687500
vt 0.375000 0.687500
vt 0.425000 0.562500
vt 0.425000 0.687500
vt 0.450000 0.575218
vt 0.450000 0.591346
vt 0.475000 0.577631
vt 0.475000 0.594214
vt 0.500000 0.572594
vt 0.500000 0.588564
vt 0.525000 0.562500
vt 0.550000 0.562500
vt 0.550000 0.687500
vt 0.525000 0.687500
vt 0.575000 0.562500
vt 0.575000 0.687500
vt 0.600000 0.562500
vt 0.600000 0.687500
vt 0.625000 0.562500
vt 0.625000 0.687500
vt 0.626409 0.935591
vt 0.548284 0.992353
vt 0.500000 0.843750
vt 0.451716 0.992353
vt 0.373591 0.935591
vt 0.343750 0.843750
vt 0.373591 0.751909
vt 0.451716 0.695147
vt 0.548284 0.695147
vt 0.626409 0.751909
vt 0.656250 0.843750
vt 0.626409 0.935591
vt 0.548284 0.992353
vt 0.548284 0.992353
vt 0.626409 0.935591
vt 0.451716 0.992353
vt 0.451716 0.992353
vt 0.373591 0.935591
vt 0.373591 0.935591
vt 0.343750 0.843750
vt 0.343750 0.843750
vt 0.373591 0.751909
vt 0.373591 0.751909
vt 0.451716 0.695147
vt 0.451716 0.695147
vt 0.548284 0.695147
vt 0.548284 0.695147
vt 0.626409 0.751909
vt 0.626409 0.751909
vt 0.656250 0.843750
vt 0.656250 0.843750
vt 0.500000 0.687500
vt 0.475000 0.687500
vt 0.450000 0.687500
vt 0.450000 0.562500
vt 0.475000 0.562500
vt 0.500000 0.562500
vt 0.500000 0.659131
vt 0.500000 0.687500
vt 0.475000 0.653382
vt 0.475000 0.687500
vt 0.450000 0.662436
vt 0.450000 0.687500
vn 0.194387 -0.071088 -0.978346
vn 0.194387 -0.071088 -0.978346
vn 0.194722 -0.039718 -0.980054
vn 0.194722 -0.039718 -0.980054
vn -0.417793 -0.071085 -0.905757
vn -0.417793 -0.071085 -0.905757
vn -0.418523 -0.039716 -0.907337
vn -0.418523 -0.039716 -0.907337
vn -0.870403 -0.071092 -0.487181
vn -0.870403 -0.071092 -0.487180
vn -0.871918 -0.039720 -0.488038
vn -0.871918 -0.039720 -0.488038
vn -0.990531 -0.071093 0.117447
vn -0.990531 -0.071093 0.117447
vn -0.992260 -0.039719 0.117651
vn -0.992260 -0.039719 0.117651
vn -0.732313 -0.071096 0.677246
vn -0.732313 -0.071096 0.677246
vn -0.733594 -0.039720 0.678426
vn -0.733594 -0.039720 0.678426
vn -0.194403 -0.071087 0.978343
vn -0.194403 -0.071087 0.978343
vn -0.194730 -0.039718 0.980052
vn -0.194730 -0.039718 0.980052
vn 0.417794 -0.071085 0.905757
vn 0.417794 -0.071085 0.905757
vn 0.418521 -0.039716 0.907338
vn 0.418521 -0.039716 0.907338
vn 0.870390 -0.071086 0.487204
vn 0.870390 -0.071086 0.487204
vn 0.871907 -0.039718 0.488058
vn 0.871907 -0.039718 0.488058
vn 0.990529 -0.071091 -0.117471
vn 0.990529 -0.071091 -0.117471
vn 0.992258 -0.039719 -0.117675
vn 0.992258 -0.039719 -0.117675
vn 0.732318 -0.071089 -0.677242
vn 0.732318 -0.071089 -0.677242
vn 0.733597 -0.039718 -0.678423
vn 0.733597 -0.039718 -0.678423
vn 0.194831 0.020892 -0.980614
vn 0.194831 0.020892 -0.980614
vn -0.418761 0.020892 -0.907856
vn -0.418761 0.020892 -0.907856
vn -0.872413 0.020893 -0.488324
vn -0.872413 0.020893 -0.488324
vn -0.992827 0.020893 0.117724
vn -0.992827 0.020893 0.117724
vn -0.734017 0.020893 0.678810
vn -0.734017 0.020893 0.678810
vn -0.194835 0.020893 0.980613
vn -0.194835 0.020893 0.980614
vn 0.418761 0.020892 0.907856
vn 0.418761 0.020891 0.907856
vn 0.872407 0.020892 0.488334
vn 0.872407 0.020892 0.488334
vn 0.992825 0.020894 -0.117736
vn 0.992825 0.020894 -0.117736
vn 0.734015 0.020893 -0.678811
vn 0.734015 0.020893 -0.678811
vn 0.194494 0.062469 -0.978913
vn 0.194494 0.062469 -0.978913
vn -0.418032 0.062469 -0.906282
vn -0.418032 0.062469 -0.906282
vn -0.870898 0.062471 -0.487477
vn -0.870898 0.062471 -0.487477
vn -0.991103 0.062468 0.117526
vn -0.991103 0.062468 0.117526
vn -0.732746 0.062470 0.677629
vn -0.732746 0.062470 0.677629
vn -0.194502 0.062472 0.978911
vn -0.194502 0.062472 0.978911
vn 0.418038 0.062467 0.906279
vn 0.418038 0.062467 0.906279
vn 0.870897 0.062473 0.487480
vn 0.870897 0.062473 0.487480
vn 0.991103 0.062474 -0.117526
vn 0.991103 0.062474 -0.117526
vn 0.732740 0.062470 -0.677636
vn 0.732740 0.062470 -0.677636
vn 0.000000 -1.000000 0.000000
vn 0.000000 -1.000000 -0.000000
vn -0.000000 -1.000000 0.000000
vn 0.000000 -1.000000 0.000000
vn 0.000000 -1.000000 0.000000
vn 0.000000 -1.000000 0.000000
vn -0.000000 -1.000000 0.000000
vn -0.000000 -1.000000 0.000000
vn -0.000000 -1.000000 0.000000
vn 0.000000 -1.000000 -0.000000
vn 0.000000 -1.000000 -0.000000
vn -0.000001 1.000000 0.000006
vn -0.000001 1.000000 0.000003
vn -0.000000 1.000000 0.000001
vn -0.000001 1.000000 0.000003
vn 0.000000 1.000000 0.000000
vn 0.000000 1.000000 0.000000
vn -0.000000 1.000000 0.000001
vn -0.000001 1.000000 0.000003
vn -0.000000 1.000000 0.000001
vn 0.000001 1.000000 -0.000006
vn 0.000000 1.000000 -0.000000
vn 0.177885 0.408345 -0.895328
vn 0.177885 0.408345 -0.895327
vn 0.177885 0.408345 -0.895328
vn 0.177885 0.408345 -0.895327
vn -0.382332 0.408347 -0.828900
vn -0.382332 0.408347 -0.828900
vn -0.382332 0.408347 -0.828900
vn -0.382332 0.408347 -0.828900
vn -0.796539 0.408344 -0.445848
vn -0.796539 0.408344 -0.445848
vn -0.796539 0.408344 -0.445848
vn -0.796539 0.408344 -0.445848
vn -0.906468 0.408364 0.107496
vn -0.906468 0.408364 0.107496
vn -0.906468 0.408364 0.107496
vn -0.906468 0.408364 0.107496
vn -0.670182 0.408339 0.619771
vn -0.670182 0.408339 0.619771
vn -0.670182 0.408339 0.619770
vn -0.670182 0.408339 0.619771
vn -0.177896 0.408352 0.895322
vn -0.177896 0.408352 0.895322
vn -0.177896 0.408352 0.895322
vn -0.177896 0.408352 0.895322
vn 0.382340 0.408354 0.828893
vn 0.382340 0.408354 0.828893
vn 0.382340 0.408354 0.828893
vn 0.382340 0.408354 0.828893
vn 0.796539 0.408354 0.445840
vn 0.796539 0.408354 0.445840
vn 0.796539 0.408354 0.445840
vn 0.796539 0.408354 0.445840
vn 0.906478 0.408342 -0.107489
vn 0.906478 0.408342 -0.107489
vn 0.906478 0.408342 -0.107489
vn 0.906478 0.408342 -0.107489
vn 0.670171 0.408352 -0.619774
vn 0.670171 0.408352 -0.619774
vn 0.670171 0.408352 -0.619774
vn 0.670171 0.408352 -0.619774
vn 0.075508 0.921903 -0.379990
vn 0.075508 0.921903 -0.379990
vn 0.075508 0.921903 -0.379990
vn 0.075508 0.921903 -0.379990
vn -0.162288 0.921887 -0.351834
vn -0.162288 0.921887 -0.351834
vn -0.162288 0.921887 -0.351834
vn -0.162288 0.921887 -0.351834
vn -0.338087 0.921893 -0.189239
vn -0.338087 0.921893 -0.189239
vn -0.338087 0.921893 -0.189239
vn -0.338087 0.921893 -0.189239
vn -0.384737 0.921898 0.045621
vn -0.384737 0.921898 0.045621
vn -0.384737 0.921898 0.045621
vn -0.384737 0.921898 0.045621
vn -0.284451 0.921896 0.263050
vn -0.284451 0.921896 0.263050
vn -0.284451 0.921896 0.263050
vn -0.284451 0.921896 0.263050
vn -0.075502 0.921895 0.380011
vn -0.075502 0.921895 0.380011
vn -0.075502 0.921895 0.380011
vn -0.075502 0.921895 0.380011
vn 0.162283 0.921893 0.351820
vn 0.162283 0.921893 0.351820
vn 0.162283 0.921893 0.351820
vn 0.162283 0.921893 0.351820
vn 0.338074 0.921900 0.189227
vn 0.338074 0.921900 0.189227
vn 0.338074 0.921900 0.189227
vn 0.338074 0.921900 0.189227
vn 0.384741 0.921897 -0.045616
vn 0.384741 0.921897 -0.045616
vn 0.384741 0.921897 -0.045616
vn 0.384741 0.921897 -0.045616
vn 0.284444 0.921894 -0.263064
vn 0.284444 0.921894 -0.263064
vn 0.284444 0.921894 -0.263064
vn 0.284444 0.921894 -0.263064
vn 0.341574 0.616968 0.708998
vn 0.341574 0.616968 0.708998
vn 0.341574 0.616968 0.708998
vn 0.341574 0.616968 0.708998
vn 0.430095 -0.111980 0.895812
vn 0.430095 -0.111980 0.895812
vn 0.430095 -0.111980 0.895812
vn 0.430095 -0.111980 0.895812
vn 0.370091 -0.536799 0.758208
vn 0.370091 -0.536799 0.758208
vn 0.370225 -0.535867 0.758802
vn 0.376361 -0.533228 0.757641
vn 0.131182 -0.965277 0.225903
vn 0.131182 -0.965277 0.225903
vn 0.130480 -0.967090 0.218429
vn 0.130640 -0.966685 0.220124
vn -0.097306 -0.954585 -0.281602
vn -0.097306 -0.954585 -0.281602
vn -0.094133 -0.955043 -0.281126
vn -0.094098 -0.955048 -0.281120
vn -0.346728 -0.496182 -0.795979
vn -0.346728 -0.496182 -0.795979
vn -0.342428 -0.490003 -0.801649
vn -0.346886 -0.494849 -0.796740
vn -0.400015 -0.124137 -0.908063
vn -0.400015 -0.124137 -0.908063
vn -0.400015 -0.124137 -0.908063
vn -0.400015 -0.124137 -0.908063
vn -0.319892 0.602197 -0.731456
vn -0.319892 0.602197 -0.731456
vn -0.319892 0.602197 -0.731456
vn -0.319892 0.602197 -0.731456
vn -0.090317 0.956805 -0.276347
vn -0.090317 0.956805 -0.276347
vn -0.090317 0.956805 -0.276347
vn -0.090317 0.956805 -0.276347
vn 0.151589 0.956804 0.248087
vn 0.151589 0.956804 0.248087
vn 0.151589 0.956804 0.248087
vn 0.151589 0.956804 0.248087
vn -0.168631 0.063030 0.983662
vn -0.168631 0.063030 0.983662
vn -0.168631 0.063030 0.983662
vn -0.168631 0.063030 0.983662
vn 0.545691 0.048206 0.836599
vn 0.545691 0.048206 0.836599
vn 0.545691 0.048206 0.836599
vn 0.545691 0.048206 0.836599
vn 0.903461 0.028882 0.427695
vn 0.938665 0.018473 0.344336
vn 0.899008 0.029834 0.436915
vn 0.981935 -0.090894 -0.165958
vn 0.982886 -0.085951 -0.162935
vn 0.993395 -0.004087 -0.114676
vn 0.993399 -0.004085 -0.114636
vn 0.761426 -0.097821 -0.640829
vn 0.762515 -0.100813 -0.639067
vn 0.730560 -0.015884 -0.682664
vn 0.730611 -0.015884 -0.682610
vn 0.114946 -0.006802 -0.993348
vn 0.158070 -0.012233 -0.987352
vn 0.161838 -0.012691 -0.986736
vn -0.312334 -0.005293 -0.949958
vn -0.312334 -0.005293 -0.949958
vn -0.312334 -0.005293 -0.949958
vn -0.312334 -0.005293 -0.949958
vn -0.929710 0.050155 -0.364861
vn -0.929710 0.050155 -0.364861
vn -0.929710 0.050155 -0.364861
vn -0.929710 0.050155 -0.364861
vn -0.979913 0.012393 0.199041
vn -0.979913 0.012393 0.199041
vn -0.979913 0.012393 0.199041
vn -0.979913 0.012393 0.199041
vn -0.786005 0.026199 0.617665
vn -0.786005 0.026199 0.617665
vn -0.786005 0.026199 0.617665
vn -0.786005 0.026199 0.617665
vn -0.000001 1.000000 0.000003
vn -0.000001 1.000000 0.000003
vn -0.000000 1.000000 0.000000
vn 0.000000 1.000000 0.000000
vn 0.000000 1.000000 0.000000
vn 0.000000 1.000000 0.000000
vn 0.000001 1.000000 -0.000003
vn 0.000001 1.000000 -0.000003
vn 0.000000 1.000000 0.000000
vn 0.000000 1.000000 0.000000
vn 0.000000 1.000000 0.000000
vn -0.176051 0.429045 0.885961
vn -0.176051 0.429045 0.885961
vn -0.176051 0.429045 0.885961
vn -0.176051 0.429045 0.885961
vn 0.378349 0.429042 0.820229
vn 0.378349 0.429042 0.820229
vn 0.378349 0.429042 0.820229
vn 0.378348 0.429042 0.820229
vn 0.788208 0.429044 0.441191
vn 0.788208 0.429044 0.441192
vn 0.788208 0.429044 0.441192
vn 0.788208 0.429044 0.441192
vn 0.896990 0.429063 -0.106369
vn 0.896990 0.429063 -0.106369
vn 0.896990 0.429063 -0.106369
vn 0.896990 0.429063 -0.106369
vn 0.663157 0.429070 -0.613288
vn 0.663157 0.429070 -0.613288
vn 0.663157 0.429070 -0.613288
vn 0.663157 0.429070 -0.613288
vn 0.176051 0.429046 -0.885960
vn 0.176051 0.429046 -0.885960
vn 0.176051 0.429046 -0.885960
vn 0.176051 0.429046 -0.885960
vn -0.378357 0.429039 -0.820226
vn -0.378357 0.429039 -0.820227
vn -0.378357 0.429039 -0.820227
vn -0.378357 0.429039 -0.820227
vn -0.788196 0.429036 -0.441220
vn -0.788196 0.429036 -0.441220
vn -0.788196 0.429036 -0.441220
vn -0.788196 0.429036 -0.441220
vn -0.897000 0.429040 0.106377
vn -0.897000 0.429040 0.106377
vn -0.897000 0.429040 0.106377
vn -0.897000 0.429040 0.106377
vn -0.663153 0.429061 0.613299
vn -0.663153 0.429061 0.613299
vn -0.663153 0.429061 0.613299
vn -0.663153 0.429061 0.613299
vn -0.071736 0.929808 0.360985
vn -0.071736 0.929808 0.360985
vn -0.071736 0.929808 0.360985
vn -0.071736 0.929808 0.360985
vn 0.154164 0.929809 0.334200
vn 0.154164 0.929809 0.334200
vn 0.154164 0.929809 0.334200
vn 0.154164 0.929809 0.334200
vn 0.321160 0.929808 0.179758
vn 0.321160 0.929808 0.179758
vn 0.321160 0.929808 0.179758
vn 0.321160 0.929808 0.179758
vn 0.365477 0.929811 -0.043333
vn 0.365477 0.929811 -0.043333
vn 0.365477 0.929811 -0.043333
vn 0.365477 0.929811 -0.043333
vn 0.270185 0.929819 -0.249875
vn 0.270185 0.929819 -0.249875
vn 0.270185 0.929819 -0.249875
vn 0.270185 0.929819 -0.249875
vn 0.071715 0.929816 -0.360970
vn 0.071715 0.929816 -0.360970
vn 0.071715 0.929816 -0.360970
vn 0.071715 0.929816 -0.360970
vn -0.154166 0.929801 -0.334221
vn -0.154166 0.929801 -0.334221
vn -0.154166 0.929801 -0.334221
vn -0.154166 0.929801 -0.334221
vn -0.321150 0.929808 -0.179779
vn -0.321150 0.929808 -0.179779
vn -0.321150 0.929808 -0.179779
vn -0.321150 0.929808 -0.179779
vn -0.365467 0.929815 0.043339
vn -0.365467 0.929815 0.043339
vn -0.365467 0.929815 0.043339
vn -0.365467 0.929815 0.043339
vn -0.270193 0.929815 0.249881
vn -0.270193 0.929815 0.249881
vn -0.270193 0.929815 0.249881
vn -0.270193 0.929815 0.249881
vn 0.162499 -0.012779 -0.986626
vn 0.162499 -0.012779 -0.986626
vn 0.730949 -0.015887 -0.682247
vn 0.730949 -0.015887 -0.682247
vn 0.993359 -0.004100 -0.114985
vn 0.993359 -0.004100 -0.114985
vn 0.898579 0.029962 0.437787
vn 0.898579 0.029962 0.437787
vn 0.938105 0.022020 0.345650
vn 0.963831 -0.163905 -0.210154
vn 0.963831 -0.163905 -0.210154
vn 0.785730 -0.172570 -0.594010
vn 0.785730 -0.172570 -0.594010
vn 0.115030 -0.007195 -0.993336
vn -0.277673 -0.368927 -0.887012
vn -0.192951 -0.370780 -0.908456
vn 0.085949 -0.948946 -0.303505
vn 0.059887 -0.952392 -0.298937
vn 0.226448 -0.918370 -0.324527
vn 0.226448 -0.918370 -0.324527
vn 0.288570 -0.955317 0.064004
vn 0.299581 -0.952314 0.057875
vn 0.476288 -0.878078 -0.046136
vn 0.476288 -0.878078 -0.046136
vn 0.431520 -0.470184 0.769881
vn 0.554928 -0.488555 0.673327
vn -0.341565 0.616993 -0.708980
vn -0.341565 0.616993 -0.708980
vn -0.341565 0.616993 -0.708980
vn -0.341565 0.616993 -0.708980
vn -0.430092 -0.112011 -0.895809
vn -0.430092 -0.112011 -0.895809
vn -0.430092 -0.112011 -0.895809
vn -0.430092 -0.112011 -0.895809
vn -0.370089 -0.536806 -0.758204
vn -0.370089 -0.536806 -0.758204
vn -0.370222 -0.535875 -0.758798
vn -0.376359 -0.533235 -0.757637
vn -0.131180 -0.965278 -0.225900
vn -0.131180 -0.965278 -0.225900
vn -0.130478 -0.967091 -0.218426
vn -0.130638 -0.966686 -0.220120
vn 0.097307 -0.954583 0.281607
vn 0.097307 -0.954583 0.281607
vn 0.094135 -0.955042 0.281130
vn 0.094100 -0.955047 0.281125
vn 0.346725 -0.496195 0.795972
vn 0.346725 -0.496195 0.795972
vn 0.342427 -0.490009 0.801645
vn 0.346884 -0.494860 0.796734
vn 0.400011 -0.124145 0.908063
vn 0.400011 -0.124145 0.908063
vn 0.400011 -0.124145 0.908063
vn 0.400011 -0.124145 0.908063
vn 0.319882 0.602220 0.731441
vn 0.319882 0.602220 0.731441
vn 0.319882 0.602220 0.731441
vn 0.319882 0.602220 0.731441
vn 0.090319 0.956803 0.276354
vn 0.090319 0.956803 0.276354
vn 0.090319 0.956803 0.276354
vn 0.090319 0.956803 0.276354
vn -0.151588 0.956805 -0.248085
vn -0.151588 0.956805 -0.248085
vn -0.151588 0.956805 -0.248085
vn -0.151588 0.956805 -0.248085
vn 0.168656 0.063030 -0.983658
vn 0.168656 0.063030 -0.983658
vn 0.168656 0.063030 -0.983658
vn 0.168656 0.063030 -0.983658
vn -0.545703 0.048211 -0.836590
vn -0.545703 0.048211 -0.836590
vn -0.545704 0.048211 -0.836590
vn -0.545704 0.048211 -0.836590
vn -0.903461 0.028890 -0.427695
vn -0.938691 0.018497 -0.344262
vn -0.899004 0.029834 -0.436922
vn -0.981931 -0.090943 0.165956
vn -0.982882 -0.085999 0.162934
vn -0.993397 -0.004082 0.114658
vn -0.993401 -0.004081 0.114619
vn -0.761434 -0.097804 0.640822
vn -0.762524 -0.100797 0.639060
vn -0.730553 -0.015879 0.682671
vn -0.730603 -0.015880 0.682617
vn -0.114957 -0.006812 0.993347
vn -0.158072 -0.012233 0.987352
vn -0.161839 -0.012690 0.986736
vn 0.312343 -0.005294 0.949955
vn 0.312343 -0.005294 0.949955
vn 0.312343 -0.005294 0.949955
vn 0.312343 -0.005294 0.949955
vn 0.929712 0.050147 0.364858
vn 0.929712 0.050147 0.364858
vn 0.929712 0.050147 0.364858
vn 0.929712 0.050147 0.364858
vn 0.979913 0.012395 -0.199039
vn 0.979913 0.012395 -0.199039
vn 0.979913 0.012395 -0.199039
vn 0.979913 0.012395 -0.199039
vn 0.785996 0.026199 -0.617677
vn 0.785995 0.026199 -0.617677
vn 0.785996 0.026199 -0.617677
vn 0.785996 0.026199 -0.617677
vn 0.000000 1.000000 0.000000
vn -0.000001 1.000000 0.000003
vn 0.000000 1.000000 -0.000000
vn 0.000001 1.000000 -0.000003
vn 0.000001 1.000000 -0.000006
vn 0.000000 1.000000 0.000000
vn 0.000000 1.000000 0.000000
vn 0.000001 1.000000 -0.000003
vn -0.000001 1.000000 0.000003
vn -0.000001 1.000000 0.000006
vn 0.000000 1.000000 0.000000
vn 0.176027 0.429053 -0.885962
vn 0.176027 0.429053 -0.885962
vn 0.176027 0.429053 -0.885962
vn 0.176027 0.429053 -0.885962
vn -0.378347 0.429053 -0.820224
vn -0.378347 0.429053 -0.820224
vn -0.378347 0.429053 -0.820224
vn -0.378347 0.429053 -0.820224
vn -0.788192 0.429056 -0.441208
vn -0.788192 0.429056 -0.441208
vn -0.788192 0.429056 -0.441208
vn -0.788192 0.429056 -0.441208
vn -0.896991 0.429063 0.106361
vn -0.896991 0.429063 0.106361
vn -0.896991 0.429063 0.106361
vn -0.896991 0.429063 0.106361
vn -0.663177 0.429023 0.613299
vn -0.663177 0.429023 0.613299
vn -0.663177 0.429023 0.613299
vn -0.663177 0.429023 0.613299
vn -0.176026 0.429059 0.885959
vn -0.176026 0.429059 0.885959
vn -0.176026 0.429059 0.885959
vn -0.176026 0.429059 0.885959
vn 0.378362 0.429032 0.820228
vn 0.378362 0.429032 0.820228
vn 0.378362 0.429032 0.820228
vn 0.378362 0.429032 0.820228
vn 0.788199 0.429046 0.441205
vn 0.788199 0.429046 0.441205
vn 0.788199 0.429046 0.441205
vn 0.788199 0.429046 0.441205
vn 0.897006 0.429030 -0.106369
vn 0.897006 0.429030 -0.106369
vn 0.897006 0.429030 -0.106369
vn 0.897006 0.429030 -0.106369
vn 0.663166 0.429049 -0.613293
vn 0.663166 0.429049 -0.613293
vn 0.663166 0.429049 -0.613293
vn 0.663166 0.429049 -0.613293
vn 0.071706 0.929820 -0.360962
vn 0.071706 0.929820 -0.360962
vn 0.071706 0.929820 -0.360962
vn 0.071706 0.929820 -0.360962
vn -0.154142 0.929803 -0.334227
vn -0.154142 0.929803 -0.334227
vn -0.154142 0.929803 -0.334227
vn -0.154142 0.929803 -0.334227
vn -0.321165 0.929806 -0.179761
vn -0.321165 0.929806 -0.179761
vn -0.321165 0.929806 -0.179761
vn -0.321165 0.929806 -0.179761
vn -0.365486 0.929808 0.043330
vn -0.365486 0.929808 0.043330
vn -0.365486 0.929808 0.043330
vn -0.365486 0.929808 0.043330
vn -0.270209 0.929807 0.249893
vn -0.270209 0.929807 0.249893
vn -0.270209 0.929807 0.249893
vn -0.270209 0.929807 0.249893
vn -0.071718 0.929816 0.360969
vn -0.071718 0.929816 0.360969
vn -0.071718 0.929816 0.360969
vn -0.071718 0.929816 0.360969
vn 0.154162 0.929810 0.334196
vn 0.154162 0.929810 0.334196
vn 0.154162 0.929810 0.334196
vn 0.154162 0.929810 0.334196
vn 0.321150 0.929810 0.179766
vn 0.321150 0.929810 0.179766
vn 0.321150 0.929810 0.179766
vn 0.321150 0.929810 0.179766
vn 0.365478 0.929811 -0.043337
vn 0.365478 0.929811 -0.043337
vn 0.365478 0.929811 -0.043337
vn 0.365478 0.929811 -0.043337
vn 0.270198 0.929812 -0.249886
vn 0.270198 0.929812 -0.249886
vn 0.270198 0.929812 -0.249886
vn 0.270198 0.929812 -0.249886
vn -0.162501 -0.012778 0.986626
vn -0.162501 -0.012778 0.986626
vn -0.730940 -0.015885 0.682256
vn -0.730940 -0.015885 0.682256
vn -0.993361 -0.004092 0.114967
vn -0.993361 -0.004092 0.114967
vn -0.898575 0.029962 -0.437795
vn -0.898575 0.029962 -0.437795
vn -0.938125 0.022134 -0.345590
vn -0.963816 -0.163981 0.210164
vn -0.963816 -0.163981 0.210164
vn -0.785742 -0.172558 0.593998
vn -0.785742 -0.172558 0.593998
vn -0.115030 -0.007218 0.993336
vn 0.277694 -0.368797 0.887060
vn 0.192948 -0.370704 0.908488
vn -0.085940 -0.948947 0.303504
vn -0.059881 -0.952392 0.298939
vn -0.226446 -0.918375 0.324515
vn -0.226446 -0.918375 0.324515
vn -0.288575 -0.955316 -0.063999
vn -0.299578 -0.952315 -0.057875
vn -0.476307 -0.878068 0.046148
vn -0.476307 -0.878067 0.046148
vn -0.431490 -0.470198 -0.769890
vn -0.554967 -0.488543 -0.673303
s 1
g pCylinder34
usemtl lambert8SG
f 2063/2857/6163 2064/2858/6164 2074/2869/6165 2073/2868/6166
s 2
f 2064/2858/6167 2065/2859/6168 2075/2870/6169 2074/2869/6170
s 3
f 2065/2859/6171 2066/2860/6172 2076/2871/6173 2075/2870/6174
s 4
f 2066/2860/6175 2067/2861/6176 2077/2872/6177 2076/2871/6178
s 5
f 2067/2861/6179 2068/2862/6180 2078/2873/6181 2077/2872/6182
s 6
f 2068/2862/6183 2069/2863/6184 2079/2874/6185 2078/2873/6186
s 7
f 2069/2863/6187 2070/2864/6188 2080/2875/6189 2079/2874/6190
s 8
f 2070/2864/6191 2071/2865/6192 2081/2876/6193 2080/2875/6194
s 9
f 2071/2865/6195 2072/2866/6196 2082/2877/6197 2081/2876/6198
s 10
f 2072/2866/6199 2063/2867/6200 2073/2878/6201 2082/2877/6202
s 1
f 2073/2868/6166 2074/2869/6165 2084/2880/6203 2083/2879/6204
s 2
f 2074/2869/6170 2075/2870/6169 2085/2881/6205 2084/2880/6206
s 3
f 2075/2870/6174 2076/2871/6173 2086/2882/6207 2085/2881/6208
s 4
f 2076/2871/6178 2077/2872/6177 2087/2883/6209 2086/2882/6210
s 5
f 2077/2872/6182 2078/2873/6181 2088/2884/6211 2087/2883/6212
s 6
f 2078/2873/6186 2079/2874/6185 2089/2885/6213 2088/2884/6214
s 7
f 2079/2874/6190 2080/2875/6189 2090/2886/6215 2089/2885/6216
s 8
f 2080/2875/6194 2081/2876/6193 2091/2887/6217 2090/2886/6218
s 9
f 2081/2876/6198 2082/2877/6197 2092/2888/6219 2091/2887/6220
s 10
f 2082/2877/6202 2073/2878/6201 2083/2889/6221 2092/2888/6222
s 1
f 2083/2879/6204 2084/2880/6203 2094/2891/6223 2093/2890/6224
s 2
f 2084/2880/6206 2085/2881/6205 2095/2892/6225 2094/2891/6226
s 3
f 2085/2881/6208 2086/2882/6207 2096/2893/6227 2095/2892/6228
s 4
f 2086/2882/6210 2087/2883/6209 2097/2894/6229 2096/2893/6230
s 5
f 2087/2883/6212 2088/2884/6211 2098/2895/6231 2097/2894/6232
s 6
f 2088/2884/6214 2089/2885/6213 2099/2896/6233 2098/2895/6234
s 7
f 2089/2885/6216 2090/2886/6215 2100/2897/6235 2099/2896/6236
s 8
f 2090/2886/6218 2091/2887/6217 2101/2898/6237 2100/2897/6238
s 9
f 2091/2887/6220 2092/2888/6219 2102/2899/6239 2101/2898/6240
s 10
f 2092/2888/6222 2083/2889/6221 2093/2900/6241 2102/2899/6242
s 11
f 2064/2848/6243 2063/2847/6244 2103/2911/6245
f 2065/2849/6246 2064/2848/6243 2103/2911/6245
f 2066/2850/6247 2065/2849/6246 2103/2911/6245
f 2067/2851/6248 2066/2850/6247 2103/2911/6245
f 2068/2852/6249 2067/2851/6248 2103/2911/6245
f 2069/2853/6250 2068/2852/6249 2103/2911/6245
f 2070/2854/6251 2069/2853/6250 2103/2911/6245
f 2071/2855/6252 2070/2854/6251 2103/2911/6245
f 2072/2856/6253 2071/2855/6252 2103/2911/6245
f 2063/2847/6244 2072/2856/6253 2103/2911/6245
s 12
f 2114/2923/6254 2115/2924/6255 2116/2912/6256
f 2115/2924/6255 2117/2925/6257 2116/2912/6256
f 2117/2925/6257 2118/2926/6258 2116/2912/6256
f 2118/2926/6258 2119/2927/6259 2116/2912/6256
f 2119/2927/6259 2120/2928/6260 2116/2912/6256
f 2120/2928/6260 2121/2929/6261 2116/2912/6256
f 2121/2929/6261 2122/2930/6262 2116/2912/6256
f 2122/2930/6262 2123/2931/6263 2116/2912/6256
f 2123/2931/6263 2124/2932/6264 2116/2912/6256
f 2124/2932/6264 2114/2923/6254 2116/2912/6256
s off
f 2093/2909/6265 2094/2908/6266 2105/2914/6267 2104/2913/6268
f 2094/2908/6269 2095/2907/6270 2106/2915/6271 2105/2914/6272
f 2095/2907/6273 2096/2906/6274 2107/2916/6275 2106/2915/6276
f 2096/2906/6277 2097/2905/6278 2108/2917/6279 2107/2916/6280
f 2097/2905/6281 2098/2904/6282 2109/2918/6283 2108/2917/6284
f 2098/2904/6285 2099/2903/6286 2110/2919/6287 2109/2918/6288
f 2099/2903/6289 2100/2902/6290 2111/2920/6291 2110/2919/6292
f 2100/2902/6293 2101/2901/6294 2112/2921/6295 2111/2920/6296
f 2101/2901/6297 2102/2910/6298 2113/2922/6299 2112/2921/6300
f 2102/2910/6301 2093/2909/6302 2104/2913/6303 2113/2922/6304
f 2104/2913/6305 2105/2914/6306 2115/2924/6307 2114/2923/6308
f 2105/2914/6309 2106/2915/6310 2117/2925/6311 2115/2924/6312
f 2106/2915/6313 2107/2916/6314 2118/2926/6315 2117/2925/6316
f 2107/2916/6317 2108/2917/6318 2119/2927/6319 2118/2926/6320
f 2108/2917/6321 2109/2918/6322 2120/2928/6323 2119/2927/6324
f 2109/2918/6325 2110/2919/6326 2121/2929/6327 2120/2928/6328
f 2110/2919/6329 2111/2920/6330 2122/2930/6331 2121/2929/6332
f 2111/2920/6333 2112/2921/6334 2123/2931/6335 2122/2930/6336
f 2112/2921/6337 2113/2922/6338 2124/2932/6339 2123/2931/6340
f 2113/2922/6341 2104/2913/6342 2114/2923/6343 2124/2932/6344
f 2125/2933/6345 2126/2934/6346 2136/2935/6347 2135/2936/6348
f 2126/2934/6349 2127/2937/6350 2137/2938/6351 2136/2935/6352
s 13
f 2127/2937/6353 2128/2939/6354 2184/2940/6355 2137/2938/6356
s 14
f 2128/2939/6357 2129/2941/6358 2183/2942/6359 2184/2940/6360
s 15
f 2129/2941/6361 2130/2943/6362 2182/2944/6363 2183/2942/6364
s 16
f 2130/2943/6365 2131/2945/6366 2141/2946/6367 2182/2944/6368
s off
f 2131/2945/6369 2132/2947/6370 2142/2948/6371 2141/2946/6372
f 2132/2947/6373 2133/2949/6374 2143/2950/6375 2142/2948/6376
f 2133/2949/6377 2134/2951/6378 2144/2952/6379 2143/2950/6380
f 2134/2951/6381 2125/2953/6382 2135/2954/6383 2144/2952/6384
f 2135/2955/6385 2136/2956/6386 2146/2957/6387 2145/2958/6388
f 2136/2956/6389 2137/2959/6390 2147/2960/6391 2146/2957/6392
s 17
f 2137/2959/6393 2179/2961/6394 2178/2962/6395
s 18
f 2179/2961/6396 2180/2963/6397 2177/2964/6398 2178/2962/6399
s 19
f 2180/2963/6400 2181/2965/6401 2176/2966/6402 2177/2964/6403
s 20
f 2181/2965/6404 2141/2967/6405 2176/2966/6406
s off
f 2141/2967/6407 2142/2968/6408 2152/2969/6409 2151/2970/6410
f 2142/2968/6411 2143/2971/6412 2153/2972/6413 2152/2969/6414
f 2143/2971/6415 2144/2973/6416 2154/2974/6417 2153/2972/6418
f 2144/2973/6419 2135/2975/6420 2145/2976/6421 2154/2974/6422
s 21
f 2165/2977/6423 2166/2978/6424 2167/2979/6425
f 2166/2978/6424 2168/2980/6426 2167/2979/6425
f 2168/2980/6426 2169/2981/6427 2167/2979/6425
f 2169/2981/6427 2170/2982/6428 2167/2979/6425
f 2170/2982/6428 2171/2983/6429 2167/2979/6425
f 2171/2983/6429 2172/2984/6430 2167/2979/6425
f 2172/2984/6430 2173/2985/6431 2167/2979/6425
f 2173/2985/6431 2174/2986/6432 2167/2979/6425
f 2174/2986/6432 2175/2987/6433 2167/2979/6425
f 2175/2987/6433 2165/2977/6423 2167/2979/6425
s off
f 2145/2988/6434 2146/2989/6435 2156/2990/6436 2155/2991/6437
f 2146/2989/6438 2147/2992/6439 2157/2993/6440 2156/2990/6441
f 2147/2992/6442 2148/2994/6443 2158/2995/6444 2157/2993/6445
f 2148/2994/6446 2149/2996/6447 2159/2997/6448 2158/2995/6449
f 2149/2996/6450 2150/2998/6451 2160/2999/6452 2159/2997/6453
f 2150/2998/6454 2151/3000/6455 2161/3001/6456 2160/2999/6457
f 2151/3000/6458 2152/3002/6459 2162/3003/6460 2161/3001/6461
f 2152/3002/6462 2153/3004/6463 2163/3005/6464 2162/3003/6465
f 2153/3004/6466 2154/3006/6467 2164/3007/6468 2163/3005/6469
f 2154/3006/6470 2145/2988/6471 2155/2991/6472 2164/3007/6473
f 2155/2991/6474 2156/2990/6475 2166/2978/6476 2165/2977/6477
f 2156/2990/6478 2157/2993/6479 2168/2980/6480 2166/2978/6481
f 2157/2993/6482 2158/2995/6483 2169/2981/6484 2168/2980/6485
f 2158/2995/6486 2159/2997/6487 2170/2982/6488 2169/2981/6489
f 2159/2997/6490 2160/2999/6491 2171/2983/6492 2170/2982/6493
f 2160/2999/6494 2161/3001/6495 2172/2984/6496 2171/2983/6497
f 2161/3001/6498 2162/3003/6499 2173/2985/6500 2172/2984/6501
f 2162/3003/6502 2163/3005/6503 2174/2986/6504 2173/2985/6505
f 2163/3005/6506 2164/3007/6507 2175/2987/6508 2174/2986/6509
f 2164/3007/6510 2155/2991/6511 2165/2977/6512 2175/2987/6513
s 20
f 2176/2966/6406 2141/2967/6405 2151/2970/6514 2150/3008/6515
s 19
f 2177/2964/6403 2176/2966/6402 2150/3008/6516 2149/3009/6517
s 18
f 2178/2962/6399 2177/2964/6398 2149/3009/6518 2148/3010/6519
s 17
f 2137/2959/6393 2178/2962/6395 2148/3010/6520 2147/2960/6521
f 2137/2959/6393 2138/3011/6522 2179/2961/6394
s 18
f 2138/3011/6523 2139/3012/6524 2180/2963/6397 2179/2961/6396
s 19
f 2139/3012/6525 2140/3013/6526 2181/2965/6401 2180/2963/6400
s 20
f 2140/3013/6527 2141/2967/6405 2181/2965/6404
s 16
f 2187/3014/6528 2141/2946/6367 2140/3015/6529
s 15
f 2186/3016/6530 2187/3014/6531 2140/3015/6532 2139/3017/6533
s 14
f 2185/3018/6534 2186/3016/6535 2139/3017/6536 2138/3019/6537
s 13
f 2137/2938/6356 2185/3018/6538 2138/3019/6539
f 2137/2938/6356 2184/2940/6355 2185/3018/6538
s 14
f 2184/2940/6360 2183/2942/6359 2186/3016/6535 2185/3018/6534
s 15
f 2183/2942/6364 2182/2944/6363 2187/3014/6531 2186/3016/6530
s 16
f 2182/2944/6368 2141/2946/6367 2187/3014/6528
s off
f 2188/3020/6540 2189/3021/6541 2199/3022/6542 2198/3023/6543
f 2189/3021/6544 2190/3024/6545 2200/3025/6546 2199/3022/6547
s 22
f 2190/3024/6548 2191/3026/6549 2247/3027/6550 2200/3025/6551
s 23
f 2191/3026/6552 2192/3028/6553 2246/3029/6554 2247/3027/6555
s 24
f 2192/3028/6556 2193/3030/6557 2245/3031/6558 2246/3029/6559
s 25
f 2193/3030/6560 2194/3032/6561 2204/3033/6562 2245/3031/6563
s off
f 2194/3032/6564 2195/3034/6565 2205/3035/6566 2204/3033/6567
f 2195/3034/6568 2196/3036/6569 2206/3037/6570 2205/3035/6571
f 2196/3036/6572 2197/3038/6573 2207/3039/6574 2206/3037/6575
f 2197/3038/6576 2188/3040/6577 2198/3041/6578 2207/3039/6579
f 2198/3042/6580 2199/3043/6581 2209/3044/6582 2208/3045/6583
f 2199/3043/6584 2200/3046/6585 2210/3047/6586 2209/3044/6587
s 26
f 2200/3046/6588 2242/3048/6589 2241/3049/6590
s 27
f 2242/3048/6591 2243/3050/6592 2240/3051/6593 2241/3049/6594
s 28
f 2243/3050/6595 2244/3052/6596 2239/3053/6597 2240/3051/6598
s 29
f 2244/3052/6599 2204/3054/6600 2239/3053/6601
s off
f 2204/3054/6602 2205/3055/6603 2215/3056/6604 2214/3057/6605
f 2205/3055/6606 2206/3058/6607 2216/3059/6608 2215/3056/6609
f 2206/3058/6610 2207/3060/6611 2217/3061/6612 2216/3059/6613
f 2207/3060/6614 2198/3062/6615 2208/3063/6616 2217/3061/6617
s 30
f 2228/3064/6618 2229/3065/6619 2230/3066/6620
f 2229/3065/6619 2231/3067/6621 2230/3066/6620
f 2231/3067/6621 2232/3068/6622 2230/3066/6620
f 2232/3068/6622 2233/3069/6623 2230/3066/6620
f 2233/3069/6623 2234/3070/6624 2230/3066/6620
f 2234/3070/6624 2235/3071/6625 2230/3066/6620
f 2235/3071/6625 2236/3072/6626 2230/3066/6620
f 2236/3072/6626 2237/3073/6627 2230/3066/6620
f 2237/3073/6627 2238/3074/6628 2230/3066/6620
f 2238/3074/6628 2228/3064/6618 2230/3066/6620
s off
f 2208/3075/6629 2209/3076/6630 2219/3077/6631 2218/3078/6632
f 2209/3076/6633 2210/3079/6634 2220/3080/6635 2219/3077/6636
f 2210/3079/6637 2211/3081/6638 2221/3082/6639 2220/3080/6640
f 2211/3081/6641 2212/3083/6642 2222/3084/6643 2221/3082/6644
f 2212/3083/6645 2213/3085/6646 2223/3086/6647 2222/3084/6648
f 2213/3085/6649 2214/3087/6650 2224/3088/6651 2223/3086/6652
f 2214/3087/6653 2215/3089/6654 2225/3090/6655 2224/3088/6656
f 2215/3089/6657 2216/3091/6658 2226/3092/6659 2225/3090/6660
f 2216/3091/6661 2217/3093/6662 2227/3094/6663 2226/3092/6664
f 2217/3093/6665 2208/3075/6666 2218/3078/6667 2227/3094/6668
f 2218/3078/6669 2219/3077/6670 2229/3065/6671 2228/3064/6672
f 2219/3077/6673 2220/3080/6674 2231/3067/6675 2229/3065/6676
f 2220/3080/6677 2221/3082/6678 2232/3068/6679 2231/3067/6680
f 2221/3082/6681 2222/3084/6682 2233/3069/6683 2232/3068/6684
f 2222/3084/6685 2223/3086/6686 2234/3070/6687 2233/3069/6688
f 2223/3086/6689 2224/3088/6690 2235/3071/6691 2234/3070/6692
f 2224/3088/6693 2225/3090/6694 2236/3072/6695 2235/3071/6696
f 2225/3090/6697 2226/3092/6698 2237/3073/6699 2236/3072/6700
f 2226/3092/6701 2227/3094/6702 2238/3074/6703 2237/3073/6704
f 2227/3094/6705 2218/3078/6706 2228/3064/6707 2238/3074/6708
s 29
f 2239/3053/6601 2204/3054/6600 2214/3057/6709 2213/3095/6710
s 28
f 2240/3051/6598 2239/3053/6597 2213/3095/6711 2212/3096/6712
s 27
f 2241/3049/6594 2240/3051/6593 2212/3096/6713 2211/3097/6714
s 26
f 2200/3046/6588 2241/3049/6590 2211/3097/6715 2210/3047/6716
f 2200/3046/6588 2201/3098/6717 2242/3048/6589
s 27
f 2201/3098/6718 2202/3099/6719 2243/3050/6592 2242/3048/6591
s 28
f 2202/3099/6720 2203/3100/6721 2244/3052/6596 2243/3050/6595
s 29
f 2203/3100/6722 2204/3054/6600 2244/3052/6599
s 25
f 2250/3101/6723 2204/3033/6562 2203/3102/6724
s 24
f 2249/3103/6725 2250/3101/6726 2203/3102/6727 2202/3104/6728
s 23
f 2248/3105/6729 2249/3103/6730 2202/3104/6731 2201/3106/6732
s 22
f 2200/3025/6551 2248/3105/6733 2201/3106/6734
f 2200/3025/6551 2247/3027/6550 2248/3105/6733
s 23
f 2247/3027/6555 2246/3029/6554 2249/3103/6730 2248/3105/6729
s 24
f 2246/3029/6559 2245/3031/6558 2250/3101/6726 2249/3103/6725
s 25
f 2245/3031/6563 2204/3033/6562 2250/3101/6723
g default
v 1706.432007 -0.473785 667.743896
v 1700.853882 -0.473785 667.777283
v 1696.360718 -0.473785 671.083069
v 1694.668945 -0.473785 676.398438
v 1696.424438 -0.473785 681.693115
v 1700.956787 -0.473785 684.944824
v 1706.534790 -0.473785 684.911560
v 1711.028076 -0.473785 681.605713
v 1712.719971 -0.473785 676.290283
v 1710.964355 -0.473785 670.995544
v 1707.269775 36.383545 665.112061
v 1699.984741 36.383545 665.155701
v 1694.116577 36.383545 669.473083
v 1691.906982 36.383545 676.415039
v 1694.199585 36.383545 683.330017
v 1700.119019 36.383545 687.576721
v 1707.403931 36.383545 687.533081
v 1713.272095 36.383545 683.215698
v 1715.481934 36.383545 676.273682
v 1713.189087 36.383545 669.358765
v 1707.422241 73.240883 664.632874
v 1699.826416 73.240883 664.678406
v 1693.708008 73.240883 669.179932
v 1691.404053 73.240883 676.418030
v 1693.794556 73.240883 683.627991
v 1699.966553 73.240883 688.055969
v 1707.562256 73.240883 688.010376
v 1713.680664 73.240883 683.508850
v 1715.984741 73.240883 676.270813
v 1713.594116 73.240883 669.060730
v 1706.774414 105.695534 666.668213
v 1700.498657 105.695534 666.705750
v 1695.443604 105.695534 670.424927
v 1693.540039 105.695534 676.405212
v 1695.515137 105.695534 682.362122
v 1700.614380 105.695534 686.020508
v 1706.890259 105.695534 685.982971
v 1711.945312 105.695534 682.263794
v 1713.848755 105.695534 676.283508
v 1711.873657 105.695534 670.326538
v 1703.694336 -0.473785 676.344360
v 1705.789673 112.597672 669.761780
v 1701.520386 112.597672 669.787354
v 1698.081421 112.597672 672.317505
v 1696.786499 112.597672 676.385803
v 1698.130127 112.597672 680.438232
v 1701.599121 112.597672 682.927002
v 1705.868408 112.597672 682.901428
v 1709.307373 112.597672 680.371277
v 1710.602295 112.597672 676.302979
v 1709.258667 112.597672 672.250488
v 1704.594971 114.171967 673.515015
v 1702.760010 114.171967 673.526001
v 1703.694336 114.171967 676.344360
v 1701.281860 114.171967 674.613525
v 1700.725220 114.171967 676.362183
v 1701.302734 114.171967 678.104004
v 1702.793823 114.171967 679.173767
v 1704.628906 114.171967 679.162781
v 1706.107056 114.171967 678.075256
v 1706.663574 114.171967 676.326599
v 1706.086060 114.171967 674.584717
v 1706.766479 67.942490 679.545166
v 1708.678345 63.475231 682.167969
v 1708.663940 57.953396 682.178589
v 1706.728882 53.486141 679.572876
v 1703.612183 51.779797 675.346069
v 1700.504517 53.486141 671.112671
v 1698.592651 57.953396 668.489868
v 1698.607056 63.475231 668.479248
v 1700.542114 67.942490 671.085083
v 1703.658691 69.648834 675.311829
v 1732.888916 66.920532 660.325928
v 1738.440918 63.013004 660.270508
v 1742.216797 58.062069 655.919312
v 1742.699829 55.578335 653.107666
v 1739.984619 55.069714 648.585571
v 1736.475464 55.424519 644.647461
v 1732.898560 58.341000 644.937744
v 1726.485107 62.727322 647.968262
v 1726.664551 66.920532 651.865723
v 1729.110596 68.413071 656.585938
v 1732.527710 90.642395 658.716003
v 1737.182861 90.642395 658.688110
v 1740.932373 90.642395 655.929443
v 1742.344482 90.642395 651.493469
v 1740.879395 90.642395 647.074951
v 1737.097046 90.642395 644.361267
v 1732.441895 90.642395 644.389160
v 1728.692383 90.642395 647.147827
v 1727.280273 90.642395 651.583801
v 1728.745361 90.642395 656.002441
v 1733.258179 95.464233 656.421265
v 1736.425049 95.464233 656.402344
v 1738.975830 95.464233 654.525635
v 1739.936279 95.464233 651.507935
v 1738.939697 95.464233 648.502075
v 1736.366455 95.464233 646.656006
v 1733.199829 95.464233 646.674927
v 1730.649048 95.464233 648.551758
v 1729.688354 95.464233 651.569336
v 1730.685059 95.464233 654.575317
v 1734.144409 96.564026 653.637329
v 1735.505493 96.564026 653.629272
v 1734.812378 96.564026 651.538696
v 1736.601929 96.564026 652.822510
v 1737.014771 96.564026 651.525391
v 1736.586426 96.564026 650.233398
v 1735.480347 96.564026 649.439941
v 1734.119263 96.564026 649.448120
v 1733.022827 96.564026 650.254761
v 1732.609985 96.564026 651.551758
v 1733.038330 96.564026 652.843872
v 1736.605225 62.437428 644.587891
v 1740.961914 62.780903 647.650146
v 1742.617920 62.667873 652.735107
v 1742.651123 59.264622 652.886108
v 1740.972656 59.188831 647.724365
v 1736.547607 59.135342 644.614380
v 1731.021973 54.791920 647.891113
v 1734.579346 53.046810 652.562378
v 1737.177612 54.154331 657.170654
v 1740.295532 54.222759 654.876587
v 1737.589355 53.359112 650.347839
v 1733.429565 54.891926 646.208374
v 1699.108032 74.542000 672.963196
v 1697.315552 70.353806 670.504211
v 1697.329224 65.176918 670.494263
v 1699.143311 60.988724 672.937256
v 1702.065430 59.388969 676.899963
v 1704.978882 60.988724 680.868896
v 1706.771362 65.176918 683.327881
v 1706.757812 70.353806 683.337891
v 1704.943604 74.542000 680.894836
v 1702.021729 76.141754 676.932068
v 1674.617432 73.583878 690.981873
v 1669.412231 69.920456 691.033752
v 1665.872192 65.278801 695.113159
v 1665.419434 62.950218 697.749207
v 1667.965088 62.473373 701.988770
v 1671.255005 62.806007 705.680847
v 1674.608398 65.540306 705.408691
v 1680.621216 69.652618 702.567505
v 1680.453003 73.583878 698.913513
v 1678.159790 74.983185 694.488220
v 1674.956177 95.823883 692.491211
v 1670.591675 95.823883 692.517334
v 1667.076538 95.823883 695.103760
v 1665.752563 95.823883 699.262512
v 1667.126099 95.823883 703.405029
v 1670.672241 95.823883 705.949158
v 1675.036621 95.823883 705.923035
v 1678.551880 95.823883 703.336670
v 1679.875732 95.823883 699.177856
v 1678.502197 95.823883 695.035278
v 1674.271240 100.344505 694.642578
v 1671.302368 100.344505 694.660339
v 1668.910889 100.344505 696.419800
v 1668.010376 100.344505 699.248962
v 1668.944702 100.344505 702.067139
v 1671.357178 100.344505 703.797852
v 1674.326050 100.344505 703.780029
v 1676.717529 100.344505 702.020569
v 1677.618042 100.344505 699.191467
v 1676.683594 100.344505 696.373169
v 1673.440430 101.375595 697.252563
v 1672.164429 101.375595 697.260254
v 1672.814087 101.375595 699.220215
v 1671.136353 101.375595 698.016479
v 1670.749268 101.375595 699.232544
v 1671.150879 101.375595 700.443848
v 1672.187866 101.375595 701.187866
v 1673.463989 101.375595 701.180176
v 1674.491943 101.375595 700.423828
v 1674.879028 101.375595 699.207886
v 1674.477417 101.375595 697.996460
v 1671.133423 69.380836 705.736755
v 1667.048706 69.702850 702.865723
v 1665.496216 69.596878 698.098389
v 1665.465210 66.406227 697.956848
v 1667.038818 66.335175 702.796204
v 1671.187378 66.285027 705.711914
v 1676.367798 62.212929 702.639832
v 1673.032715 60.576836 698.260376
v 1670.596680 61.615166 693.940063
v 1667.673462 61.679321 696.090759
v 1670.210815 60.869621 700.336609
v 1674.110596 62.306686 704.217529
vt 0.626409 0.064409
vt 0.548284 0.007647
vt 0.451716 0.007647
vt 0.373591 0.064409
vt 0.343750 0.156250
vt 0.373591 0.248091
vt 0.451716 0.304853
vt 0.548284 0.304853
vt 0.626409 0.248091
vt 0.656250 0.156250
vt 0.375000 0.312500
vt 0.400000 0.312500
vt 0.425000 0.312500
vt 0.450000 0.312500
vt 0.475000 0.312500
vt 0.500000 0.312500
vt 0.525000 0.312500
vt 0.550000 0.312500
vt 0.575000 0.312500
vt 0.600000 0.312500
vt 0.625000 0.312500
vt 0.375000 0.437500
vt 0.400000 0.437500
vt 0.425000 0.437500
vt 0.450000 0.437500
vt 0.475000 0.437500
vt 0.500000 0.437500
vt 0.525000 0.437500
vt 0.550000 0.437500
vt 0.575000 0.437500
vt 0.600000 0.437500
vt 0.625000 0.437500
vt 0.375000 0.562500
vt 0.400000 0.562500
vt 0.425000 0.562500
vt 0.450000 0.562500
vt 0.475000 0.562500
vt 0.500000 0.562500
vt 0.525000 0.562500
vt 0.550000 0.562500
vt 0.575000 0.562500
vt 0.600000 0.562500
vt 0.625000 0.562500
vt 0.375000 0.687500
vt 0.400000 0.687500
vt 0.425000 0.687500
vt 0.450000 0.687500
vt 0.475000 0.687500
vt 0.500000 0.687500
vt 0.525000 0.687500
vt 0.550000 0.687500
vt 0.575000 0.687500
vt 0.600000 0.687500
vt 0.625000 0.687500
vt 0.626409 0.751909
vt 0.548284 0.695147
vt 0.451716 0.695147
vt 0.373591 0.751909
vt 0.343750 0.843750
vt 0.373591 0.935591
vt 0.451716 0.992353
vt 0.548284 0.992353
vt 0.626409 0.935591
vt 0.656250 0.843750
vt 0.500000 0.156250
vt 0.500000 0.843750
vt 0.626409 0.935591
vt 0.548284 0.992353
vt 0.451716 0.992353
vt 0.373591 0.935591
vt 0.343750 0.843750
vt 0.373591 0.751909
vt 0.451716 0.695147
vt 0.548284 0.695147
vt 0.626409 0.751909
vt 0.656250 0.843750
vt 0.626409 0.935591
vt 0.548284 0.992353
vt 0.451716 0.992353
vt 0.373591 0.935591
vt 0.343750 0.843750
vt 0.373591 0.751909
vt 0.451716 0.695147
vt 0.548284 0.695147
vt 0.626409 0.751909
vt 0.656250 0.843750
vt 0.375000 0.312500
vt 0.400000 0.312500
vt 0.400000 0.687500
vt 0.375000 0.687500
vt 0.425000 0.312500
vt 0.425000 0.687500
vt 0.450000 0.312500
vt 0.450000 0.629930
vt 0.475000 0.312500
vt 0.475000 0.623183
vt 0.500000 0.312500
vt 0.500000 0.634472
vt 0.525000 0.312500
vt 0.525000 0.687500
vt 0.550000 0.312500
vt 0.550000 0.687500
vt 0.575000 0.312500
vt 0.575000 0.687500
vt 0.600000 0.312500
vt 0.600000 0.687500
vt 0.625000 0.312500
vt 0.625000 0.687500
vt 0.375000 0.562500
vt 0.400000 0.562500
vt 0.400000 0.687500
vt 0.375000 0.687500
vt 0.425000 0.562500
vt 0.425000 0.687500
vt 0.450000 0.575218
vt 0.450000 0.591346
vt 0.475000 0.577631
vt 0.475000 0.594214
vt 0.500000 0.572594
vt 0.500000 0.588564
vt 0.525000 0.562500
vt 0.550000 0.562500
vt 0.550000 0.687500
vt 0.525000 0.687500
vt 0.575000 0.562500
vt 0.575000 0.687500
vt 0.600000 0.562500
vt 0.600000 0.687500
vt 0.625000 0.562500
vt 0.625000 0.687500
vt 0.626409 0.935591
vt 0.548284 0.992353
vt 0.500000 0.843750
vt 0.451716 0.992353
vt 0.373591 0.935591
vt 0.343750 0.843750
vt 0.373591 0.751909
vt 0.451716 0.695147
vt 0.548284 0.695147
vt 0.626409 0.751909
vt 0.656250 0.843750
vt 0.626409 0.935591
vt 0.548284 0.992353
vt 0.548284 0.992353
vt 0.626409 0.935591
vt 0.451716 0.992353
vt 0.451716 0.992353
vt 0.373591 0.935591
vt 0.373591 0.935591
vt 0.343750 0.843750
vt 0.343750 0.843750
vt 0.373591 0.751909
vt 0.373591 0.751909
vt 0.451716 0.695147
vt 0.451716 0.695147
vt 0.548284 0.695147
vt 0.548284 0.695147
vt 0.626409 0.751909
vt 0.626409 0.751909
vt 0.656250 0.843750
vt 0.656250 0.843750
vt 0.500000 0.687500
vt 0.475000 0.687500
vt 0.450000 0.687500
vt 0.450000 0.562500
vt 0.475000 0.562500
vt 0.500000 0.562500
vt 0.500000 0.659131
vt 0.500000 0.687500
vt 0.475000 0.653382
vt 0.475000 0.687500
vt 0.450000 0.662436
vt 0.450000 0.687500
vt 0.375000 0.312500
vt 0.400000 0.312500
vt 0.400000 0.687500
vt 0.375000 0.687500
vt 0.425000 0.312500
vt 0.425000 0.687500
vt 0.450000 0.312500
vt 0.450000 0.629930
vt 0.475000 0.312500
vt 0.475000 0.623183
vt 0.500000 0.312500
vt 0.500000 0.634472
vt 0.525000 0.312500
vt 0.525000 0.687500
vt 0.550000 0.312500
vt 0.550000 0.687500
vt 0.575000 0.312500
vt 0.575000 0.687500
vt 0.600000 0.312500
vt 0.600000 0.687500
vt 0.625000 0.312500
vt 0.625000 0.687500
vt 0.375000 0.562500
vt 0.400000 0.562500
vt 0.400000 0.687500
vt 0.375000 0.687500
vt 0.425000 0.562500
vt 0.425000 0.687500
vt 0.450000 0.575218
vt 0.450000 0.591346
vt 0.475000 0.577631
vt 0.475000 0.594214
vt 0.500000 0.572594
vt 0.500000 0.588564
vt 0.525000 0.562500
vt 0.550000 0.562500
vt 0.550000 0.687500
vt 0.525000 0.687500
vt 0.575000 0.562500
vt 0.575000 0.687500
vt 0.600000 0.562500
vt 0.600000 0.687500
vt 0.625000 0.562500
vt 0.625000 0.687500
vt 0.626409 0.935591
vt 0.548284 0.992353
vt 0.500000 0.843750
vt 0.451716 0.992353
vt 0.373591 0.935591
vt 0.343750 0.843750
vt 0.373591 0.751909
vt 0.451716 0.695147
vt 0.548284 0.695147
vt 0.626409 0.751909
vt 0.656250 0.843750
vt 0.626409 0.935591
vt 0.548284 0.992353
vt 0.548284 0.992353
vt 0.626409 0.935591
vt 0.451716 0.992353
vt 0.451716 0.992353
vt 0.373591 0.935591
vt 0.373591 0.935591
vt 0.343750 0.843750
vt 0.343750 0.843750
vt 0.373591 0.751909
vt 0.373591 0.751909
vt 0.451716 0.695147
vt 0.451716 0.695147
vt 0.548284 0.695147
vt 0.548284 0.695147
vt 0.626409 0.751909
vt 0.626409 0.751909
vt 0.656250 0.843750
vt 0.656250 0.843750
vt 0.500000 0.687500
vt 0.475000 0.687500
vt 0.450000 0.687500
vt 0.450000 0.562500
vt 0.475000 0.562500
vt 0.500000 0.562500
vt 0.500000 0.659131
vt 0.500000 0.687500
vt 0.475000 0.653382
vt 0.475000 0.687500
vt 0.450000 0.662436
vt 0.450000 0.687500
vn -0.005975 -0.071088 -0.997452
vn -0.005975 -0.071088 -0.997452
vn -0.005989 -0.039718 -0.999193
vn -0.005989 -0.039718 -0.999193
vn -0.591119 -0.071085 -0.803446
vn -0.591119 -0.071085 -0.803446
vn -0.592152 -0.039716 -0.804847
vn -0.592152 -0.039716 -0.804847
vn -0.950486 -0.071092 -0.302528
vn -0.950486 -0.071092 -0.302528
vn -0.952142 -0.039720 -0.303064
vn -0.952142 -0.039720 -0.303064
vn -0.946789 -0.071093 0.313906
vn -0.946789 -0.071093 0.313906
vn -0.948442 -0.039719 0.314454
vn -0.948441 -0.039719 0.314454
vn -0.581447 -0.071096 0.810472
vn -0.581447 -0.071096 0.810472
vn -0.582464 -0.039720 0.811885
vn -0.582464 -0.039720 0.811885
vn 0.005958 -0.071087 0.997452
vn 0.005958 -0.071087 0.997452
vn 0.005981 -0.039718 0.999193
vn 0.005981 -0.039718 0.999193
vn 0.591120 -0.071085 0.803445
vn 0.591120 -0.071085 0.803445
vn 0.592150 -0.039716 0.804848
vn 0.592150 -0.039716 0.804848
vn 0.950478 -0.071086 0.302554
vn 0.950478 -0.071086 0.302554
vn 0.952135 -0.039718 0.303085
vn 0.952135 -0.039718 0.303085
vn 0.946781 -0.071091 -0.313929
vn 0.946781 -0.071091 -0.313929
vn 0.948434 -0.039719 -0.314476
vn 0.948434 -0.039719 -0.314476
vn 0.581452 -0.071089 -0.810469
vn 0.581452 -0.071089 -0.810469
vn 0.582468 -0.039718 -0.811883
vn 0.582468 -0.039718 -0.811883
vn -0.005995 0.020892 -0.999764
vn -0.005995 0.020892 -0.999764
vn -0.592490 0.020892 -0.805307
vn -0.592490 0.020892 -0.805307
vn -0.952684 0.020893 -0.303244
vn -0.952684 0.020893 -0.303244
vn -0.948982 0.020893 0.314638
vn -0.948982 0.020893 0.314638
vn -0.582802 0.020893 0.812346
vn -0.582802 0.020893 0.812346
vn 0.005991 0.020893 0.999764
vn 0.005991 0.020893 0.999764
vn 0.592490 0.020892 0.805307
vn 0.592490 0.020891 0.805307
vn 0.952680 0.020892 0.303255
vn 0.952680 0.020892 0.303255
vn 0.948978 0.020894 -0.314651
vn 0.948978 0.020894 -0.314651
vn 0.582800 0.020893 -0.812347
vn 0.582800 0.020893 -0.812347
vn -0.005984 0.062469 -0.998029
vn -0.005984 0.062469 -0.998029
vn -0.591459 0.062469 -0.803912
vn -0.591459 0.062469 -0.803912
vn -0.951030 0.062471 -0.302719
vn -0.951030 0.062471 -0.302719
vn -0.947333 0.062468 0.314099
vn -0.947333 0.062468 0.314099
vn -0.581794 0.062470 0.810934
vn -0.581794 0.062470 0.810934
vn 0.005975 0.062472 0.998029
vn 0.005975 0.062472 0.998029
vn 0.591465 0.062467 0.803908
vn 0.591465 0.062467 0.803908
vn 0.951029 0.062473 0.302722
vn 0.951029 0.062473 0.302722
vn 0.947333 0.062474 -0.314099
vn 0.947333 0.062474 -0.314099
vn 0.581787 0.062470 -0.810939
vn 0.581786 0.062470 -0.810939
vn 0.000000 -1.000000 0.000000
vn 0.000000 -1.000000 -0.000000
vn 0.000000 -1.000000 0.000000
vn 0.000000 -1.000000 0.000000
vn 0.000000 -1.000000 0.000000
vn 0.000000 -1.000000 0.000000
vn 0.000000 -1.000000 0.000000
vn 0.000000 -1.000000 0.000000
vn 0.000000 -1.000000 0.000000
vn 0.000000 -1.000000 -0.000000
vn 0.000000 -1.000000 -0.000000
vn 0.000000 1.000000 0.000006
vn 0.000000 1.000000 0.000003
vn 0.000000 1.000000 0.000001
vn 0.000000 1.000000 0.000003
vn 0.000000 1.000000 0.000000
vn 0.000000 1.000000 0.000000
vn 0.000000 1.000000 0.000001
vn 0.000000 1.000000 0.000003
vn 0.000000 1.000000 0.000001
vn 0.000000 1.000000 -0.000006
vn 0.000000 1.000000 -0.000000
vn -0.005475 0.408345 -0.912811
vn -0.005475 0.408345 -0.912811
vn -0.005475 0.408345 -0.912811
vn -0.005475 0.408345 -0.912811
vn -0.540952 0.408347 -0.735272
vn -0.540952 0.408347 -0.735272
vn -0.540952 0.408347 -0.735272
vn -0.540952 0.408347 -0.735272
vn -0.869828 0.408344 -0.276866
vn -0.869828 0.408344 -0.276866
vn -0.869828 0.408344 -0.276866
vn -0.869828 0.408344 -0.276866
vn -0.866434 0.408364 0.287282
vn -0.866434 0.408364 0.287282
vn -0.866434 0.408364 0.287282
vn -0.866434 0.408364 0.287282
vn -0.532119 0.408339 0.741693
vn -0.532119 0.408339 0.741693
vn -0.532119 0.408339 0.741693
vn -0.532119 0.408339 0.741693
vn 0.005462 0.408352 0.912808
vn 0.005462 0.408352 0.912808
vn 0.005462 0.408352 0.912808
vn 0.005462 0.408352 0.912808
vn 0.540957 0.408354 0.735263
vn 0.540957 0.408354 0.735263
vn 0.540957 0.408354 0.735263
vn 0.540957 0.408354 0.735263
vn 0.869826 0.408354 0.276857
vn 0.869826 0.408354 0.276857
vn 0.869826 0.408354 0.276857
vn 0.869826 0.408354 0.276857
vn 0.866446 0.408342 -0.287278
vn 0.866446 0.408342 -0.287278
vn 0.866446 0.408342 -0.287278
vn 0.866446 0.408342 -0.287278
vn 0.532107 0.408352 -0.741694
vn 0.532107 0.408352 -0.741694
vn 0.532107 0.408352 -0.741694
vn 0.532107 0.408352 -0.741694
vn -0.002313 0.921903 -0.387413
vn -0.002313 0.921903 -0.387413
vn -0.002313 0.921903 -0.387413
vn -0.002313 0.921903 -0.387413
vn -0.229615 0.921887 -0.312092
vn -0.229615 0.921887 -0.312092
vn -0.229615 0.921887 -0.312092
vn -0.229615 0.921887 -0.312092
vn -0.369194 0.921893 -0.117515
vn -0.369194 0.921893 -0.117515
vn -0.369194 0.921893 -0.117515
vn -0.369194 0.921893 -0.117515
vn -0.367746 0.921898 0.121929
vn -0.367746 0.921898 0.121929
vn -0.367746 0.921898 0.121929
vn -0.367746 0.921898 0.121929
vn -0.225853 0.921896 0.314799
vn -0.225853 0.921896 0.314799
vn -0.225853 0.921896 0.314799
vn -0.225853 0.921896 0.314799
vn 0.002323 0.921895 0.387432
vn 0.002323 0.921895 0.387432
vn 0.002323 0.921895 0.387432
vn 0.002323 0.921895 0.387432
vn 0.229607 0.921893 0.312079
vn 0.229607 0.921893 0.312079
vn 0.229607 0.921893 0.312079
vn 0.229607 0.921893 0.312079
vn 0.369179 0.921900 0.117506
vn 0.369179 0.921900 0.117506
vn 0.369179 0.921900 0.117506
vn 0.369179 0.921900 0.117506
vn 0.367751 0.921897 -0.121924
vn 0.367751 0.921897 -0.121924
vn 0.367751 0.921897 -0.121924
vn 0.367751 0.921897 -0.121924
vn 0.225843 0.921894 -0.314811
vn 0.225843 0.921894 -0.314811
vn 0.225843 0.921894 -0.314811
vn 0.225843 0.921894 -0.314811
vn 0.476952 0.616968 0.625993
vn 0.476952 0.616968 0.625993
vn 0.476952 0.616968 0.625993
vn 0.476952 0.616968 0.625993
vn 0.601174 -0.111980 0.791233
vn 0.601174 -0.111980 0.791233
vn 0.601174 -0.111980 0.791233
vn 0.601174 -0.111980 0.791233
vn 0.514768 -0.536799 0.668476
vn 0.514768 -0.536799 0.668476
vn 0.515018 -0.535867 0.669031
vn 0.520797 -0.533228 0.666662
vn 0.173862 -0.965277 0.194969
vn 0.173862 -0.965277 0.194969
vn 0.171673 -0.967090 0.187788
vn 0.172170 -0.966685 0.189416
vn -0.151857 -0.954585 -0.256335
vn -0.151857 -0.954585 -0.256335
vn -0.148653 -0.955043 -0.256505
vn -0.148617 -0.955048 -0.256507
vn -0.499463 -0.496182 -0.710169
vn -0.499463 -0.496182 -0.710169
vn -0.496389 -0.490003 -0.716586
vn -0.499770 -0.494849 -0.710882
vn -0.574166 -0.124137 -0.809273
vn -0.574166 -0.124137 -0.809273
vn -0.574166 -0.124137 -0.809273
vn -0.574166 -0.124137 -0.809273
vn -0.460220 0.602197 -0.652347
vn -0.460220 0.602197 -0.652347
vn -0.460220 0.602197 -0.652347
vn -0.460220 0.602197 -0.652347
vn -0.143956 0.956805 -0.252590
vn -0.143956 0.956805 -0.252590
vn -0.143956 0.956805 -0.252590
vn -0.143956 0.956805 -0.252590
vn 0.198307 0.956804 0.212605
vn 0.198307 0.956804 0.212605
vn 0.198307 0.956804 0.212605
vn 0.198307 0.956804 0.212605
vn 0.032273 0.063030 0.997490
vn 0.032273 0.063030 0.997490
vn 0.032273 0.063030 0.997490
vn 0.032273 0.063030 0.997490
vn 0.702530 0.048206 0.710020
vn 0.702530 0.048206 0.710020
vn 0.702530 0.048206 0.710020
vn 0.702530 0.048206 0.710020
vn 0.970929 0.028882 0.237617
vn 0.988682 0.018473 0.148888
vn 0.968417 0.029834 0.247543
vn 0.928629 -0.090894 -0.359704
vn 0.930167 -0.085951 -0.356934
vn 0.950150 -0.004087 -0.311767
vn 0.950162 -0.004085 -0.311729
vn 0.617278 -0.097821 -0.780640
vn 0.618699 -0.100813 -0.779133
vn 0.578642 -0.015884 -0.815427
vn 0.578702 -0.015884 -0.815384
vn -0.086810 -0.006802 -0.996202
vn -0.043360 -0.012233 -0.998985
vn -0.039546 -0.012691 -0.999137
vn -0.496681 -0.005293 -0.867917
vn -0.496681 -0.005293 -0.867917
vn -0.496681 -0.005293 -0.867917
vn -0.496681 -0.005293 -0.867917
vn -0.984030 0.050155 -0.170793
vn -0.984030 0.050155 -0.170793
vn -0.984030 0.050155 -0.170793
vn -0.984030 0.050155 -0.170793
vn -0.920006 0.012393 0.391708
vn -0.920006 0.012393 0.391708
vn -0.920006 0.012393 0.391707
vn -0.920006 0.012393 0.391708
vn -0.646006 0.026199 0.762882
vn -0.646006 0.026199 0.762882
vn -0.646006 0.026199 0.762882
vn -0.646006 0.026199 0.762882
vn 0.000000 1.000000 0.000003
vn 0.000000 1.000000 0.000003
vn 0.000000 1.000000 0.000000
vn 0.000000 1.000000 0.000000
vn 0.000000 1.000000 0.000000
vn 0.000000 1.000000 0.000000
vn 0.000000 1.000000 -0.000003
vn 0.000000 1.000000 -0.000003
vn 0.000000 1.000000 0.000000
vn 0.000000 1.000000 0.000000
vn 0.000000 1.000000 0.000000
vn 0.005391 0.429045 0.903267
vn 0.005391 0.429045 0.903267
vn 0.005391 0.429045 0.903267
vn 0.005391 0.429045 0.903267
vn 0.535308 0.429042 0.727577
vn 0.535308 0.429042 0.727577
vn 0.535308 0.429042 0.727577
vn 0.535308 0.429042 0.727577
vn 0.860731 0.429044 0.273976
vn 0.860731 0.429044 0.273976
vn 0.860731 0.429044 0.273976
vn 0.860731 0.429044 0.273976
vn 0.857375 0.429063 -0.284276
vn 0.857375 0.429063 -0.284276
vn 0.857375 0.429063 -0.284276
vn 0.857375 0.429063 -0.284276
vn 0.526538 0.429070 -0.733932
vn 0.526538 0.429070 -0.733932
vn 0.526538 0.429070 -0.733932
vn 0.526538 0.429070 -0.733932
vn -0.005391 0.429046 -0.903267
vn -0.005391 0.429046 -0.903267
vn -0.005391 0.429046 -0.903267
vn -0.005391 0.429046 -0.903267
vn -0.535316 0.429039 -0.727573
vn -0.535316 0.429039 -0.727573
vn -0.535316 0.429039 -0.727573
vn -0.535316 0.429039 -0.727573
vn -0.860726 0.429036 -0.274007
vn -0.860726 0.429036 -0.274007
vn -0.860726 0.429036 -0.274007
vn -0.860726 0.429036 -0.274007
vn -0.857383 0.429040 0.284286
vn -0.857383 0.429040 0.284286
vn -0.857383 0.429040 0.284285
vn -0.857383 0.429040 0.284285
vn -0.526532 0.429061 0.733942
vn -0.526532 0.429061 0.733942
vn -0.526532 0.429061 0.733942
vn -0.526532 0.429061 0.733942
vn 0.002192 0.929808 0.368037
vn 0.002192 0.929808 0.368037
vn 0.002192 0.929808 0.368038
vn 0.002192 0.929808 0.368037
vn 0.218117 0.929809 0.296447
vn 0.218117 0.929809 0.296447
vn 0.218117 0.929809 0.296447
vn 0.218117 0.929809 0.296447
vn 0.350708 0.929808 0.111625
vn 0.350708 0.929808 0.111625
vn 0.350708 0.929808 0.111625
vn 0.350708 0.929808 0.111625
vn 0.349338 0.929811 -0.115820
vn 0.349338 0.929811 -0.115820
vn 0.349338 0.929811 -0.115820
vn 0.349338 0.929811 -0.115820
vn 0.214522 0.929819 -0.299028
vn 0.214522 0.929819 -0.299028
vn 0.214522 0.929819 -0.299028
vn 0.214522 0.929819 -0.299028
vn -0.002210 0.929816 -0.368018
vn -0.002210 0.929816 -0.368018
vn -0.002210 0.929816 -0.368018
vn -0.002210 0.929816 -0.368018
vn -0.218123 0.929801 -0.296468
vn -0.218123 0.929801 -0.296468
vn -0.218123 0.929801 -0.296468
vn -0.218123 0.929801 -0.296468
vn -0.350703 0.929808 -0.111647
vn -0.350703 0.929808 -0.111647
vn -0.350703 0.929808 -0.111647
vn -0.350703 0.929808 -0.111647
vn -0.349327 0.929815 0.115824
vn -0.349327 0.929815 0.115824
vn -0.349327 0.929815 0.115824
vn -0.349327 0.929815 0.115824
vn -0.214528 0.929815 0.299036
vn -0.214528 0.929815 0.299036
vn -0.214528 0.929815 0.299036
vn -0.214528 0.929815 0.299036
vn -0.038876 -0.012779 -0.999162
vn -0.038876 -0.012779 -0.999162
vn 0.579107 -0.015887 -0.815097
vn 0.579107 -0.015887 -0.815097
vn 0.950053 -0.004100 -0.312062
vn 0.950053 -0.004100 -0.312062
vn 0.968173 0.029962 0.248484
vn 0.968173 0.029962 0.248484
vn 0.988397 0.022020 0.150287
vn 0.902021 -0.163905 -0.399366
vn 0.902021 -0.163905 -0.399366
vn 0.650486 -0.172570 -0.739654
vn 0.650486 -0.172570 -0.739654
vn -0.086725 -0.007195 -0.996206
vn -0.450089 -0.368927 -0.813211
vn -0.371397 -0.370780 -0.851227
vn 0.023270 -0.948946 -0.314580
vn -0.001344 -0.952392 -0.304874
vn 0.156689 -0.918370 -0.363380
vn 0.156689 -0.918370 -0.363380
vn 0.295544 -0.955317 0.004770
vn 0.305101 -0.952314 -0.003445
vn 0.457330 -0.878078 -0.140812
vn 0.457330 -0.878078 -0.140812
vn 0.577290 -0.470184 0.667580
vn 0.678802 -0.488555 0.548217
vn -0.476941 0.616993 -0.625977
vn -0.476941 0.616993 -0.625977
vn -0.476941 0.616993 -0.625977
vn -0.476941 0.616993 -0.625977
vn -0.601171 -0.112011 -0.791231
vn -0.601171 -0.112011 -0.791231
vn -0.601171 -0.112011 -0.791231
vn -0.601171 -0.112011 -0.791231
vn -0.514765 -0.536806 -0.668473
vn -0.514765 -0.536806 -0.668473
vn -0.515015 -0.535875 -0.669028
vn -0.520793 -0.533235 -0.666659
vn -0.173860 -0.965278 -0.194966
vn -0.173860 -0.965278 -0.194966
vn -0.171671 -0.967091 -0.187786
vn -0.172168 -0.966686 -0.189413
vn 0.151859 -0.954583 0.256339
vn 0.151859 -0.954583 0.256339
vn 0.148656 -0.955042 0.256509
vn 0.148621 -0.955047 0.256511
vn 0.499459 -0.496195 0.710163
vn 0.499459 -0.496195 0.710163
vn 0.496387 -0.490009 0.716583
vn 0.499767 -0.494860 0.710877
vn 0.574163 -0.124145 0.809274
vn 0.574163 -0.124145 0.809275
vn 0.574163 -0.124145 0.809275
vn 0.574163 -0.124145 0.809275
vn 0.460208 0.602220 0.652334
vn 0.460208 0.602220 0.652334
vn 0.460208 0.602220 0.652334
vn 0.460208 0.602220 0.652334
vn 0.143959 0.956803 0.252596
vn 0.143959 0.956803 0.252596
vn 0.143959 0.956803 0.252596
vn 0.143959 0.956803 0.252596
vn -0.198306 0.956805 -0.212603
vn -0.198306 0.956805 -0.212603
vn -0.198306 0.956805 -0.212603
vn -0.198306 0.956805 -0.212603
vn -0.032248 0.063030 -0.997491
vn -0.032248 0.063030 -0.997491
vn -0.032248 0.063030 -0.997490
vn -0.032248 0.063030 -0.997491
vn -0.702541 0.048211 -0.710009
vn -0.702541 0.048211 -0.710009
vn -0.702541 0.048211 -0.710009
vn -0.702541 0.048211 -0.710008
vn -0.970929 0.028890 -0.237617
vn -0.988693 0.018497 -0.148810
vn -0.968415 0.029834 -0.247551
vn -0.928625 -0.090943 0.359702
vn -0.930163 -0.085999 0.356931
vn -0.950155 -0.004082 0.311750
vn -0.950168 -0.004081 0.311712
vn -0.617287 -0.097804 0.780635
vn -0.618708 -0.100797 0.779128
vn -0.578633 -0.015879 0.815433
vn -0.578693 -0.015880 0.815391
vn 0.086799 -0.006812 0.996203
vn 0.043358 -0.012233 0.998985
vn 0.039544 -0.012690 0.999137
vn 0.496689 -0.005294 0.867912
vn 0.496689 -0.005294 0.867912
vn 0.496689 -0.005294 0.867912
vn 0.496689 -0.005294 0.867912
vn 0.984031 0.050147 0.170789
vn 0.984031 0.050147 0.170789
vn 0.984031 0.050147 0.170789
vn 0.984031 0.050147 0.170789
vn 0.920007 0.012395 -0.391706
vn 0.920007 0.012395 -0.391706
vn 0.920007 0.012395 -0.391706
vn 0.920007 0.012395 -0.391706
vn 0.645995 0.026199 -0.762892
vn 0.645995 0.026199 -0.762892
vn 0.645995 0.026199 -0.762892
vn 0.645995 0.026199 -0.762892
vn 0.000000 1.000000 0.000000
vn 0.000000 1.000000 0.000003
vn 0.000000 1.000000 -0.000000
vn 0.000000 1.000000 -0.000003
vn 0.000000 1.000000 -0.000006
vn 0.000000 1.000000 0.000000
vn 0.000000 1.000000 0.000000
vn 0.000000 1.000000 -0.000003
vn 0.000000 1.000000 0.000003
vn 0.000000 1.000000 0.000006
vn 0.000000 1.000000 0.000000
vn -0.005415 0.429053 -0.903263
vn -0.005415 0.429053 -0.903263
vn -0.005415 0.429053 -0.903263
vn -0.005415 0.429053 -0.903263
vn -0.535306 0.429053 -0.727572
vn -0.535306 0.429053 -0.727572
vn -0.535306 0.429053 -0.727572
vn -0.535306 0.429053 -0.727572
vn -0.860719 0.429056 -0.273995
vn -0.860719 0.429056 -0.273995
vn -0.860719 0.429056 -0.273995
vn -0.860719 0.429056 -0.273995
vn -0.857378 0.429063 0.284267
vn -0.857378 0.429063 0.284267
vn -0.857378 0.429063 0.284267
vn -0.857378 0.429063 0.284267
vn -0.526556 0.429023 0.733947
vn -0.526556 0.429023 0.733947
vn -0.526556 0.429023 0.733947
vn -0.526556 0.429023 0.733947
vn 0.005415 0.429059 0.903260
vn 0.005415 0.429059 0.903260
vn 0.005415 0.429059 0.903260
vn 0.005415 0.429059 0.903260
vn 0.535322 0.429032 0.727573
vn 0.535322 0.429032 0.727573
vn 0.535322 0.429032 0.727573
vn 0.535322 0.429032 0.727573
vn 0.860726 0.429046 0.273991
vn 0.860726 0.429046 0.273991
vn 0.860726 0.429046 0.273991
vn 0.860726 0.429046 0.273991
vn 0.857391 0.429030 -0.284279
vn 0.857391 0.429030 -0.284279
vn 0.857391 0.429030 -0.284279
vn 0.857391 0.429030 -0.284279
vn 0.526546 0.429049 -0.733939
vn 0.526546 0.429049 -0.733939
vn 0.526546 0.429049 -0.733939
vn 0.526546 0.429049 -0.733939
vn -0.002217 0.929820 -0.368009
vn -0.002217 0.929820 -0.368009
vn -0.002217 0.929820 -0.368009
vn -0.002217 0.929820 -0.368009
vn -0.218101 0.929803 -0.296478
vn -0.218101 0.929803 -0.296478
vn -0.218101 0.929803 -0.296478
vn -0.218101 0.929803 -0.296478
vn -0.350715 0.929806 -0.111627
vn -0.350715 0.929806 -0.111627
vn -0.350715 0.929806 -0.111627
vn -0.350715 0.929806 -0.111627
vn -0.349347 0.929808 0.115820
vn -0.349347 0.929808 0.115820
vn -0.349347 0.929808 0.115819
vn -0.349347 0.929808 0.115820
vn -0.214542 0.929807 0.299050
vn -0.214542 0.929807 0.299050
vn -0.214542 0.929807 0.299050
vn -0.214542 0.929807 0.299050
vn 0.002207 0.929816 0.368018
vn 0.002207 0.929816 0.368018
vn 0.002207 0.929816 0.368018
vn 0.002207 0.929816 0.368018
vn 0.218114 0.929810 0.296444
vn 0.218114 0.929810 0.296444
vn 0.218114 0.929810 0.296444
vn 0.218114 0.929810 0.296444
vn 0.350701 0.929810 0.111635
vn 0.350701 0.929810 0.111635
vn 0.350701 0.929810 0.111635
vn 0.350701 0.929810 0.111635
vn 0.349338 0.929811 -0.115825
vn 0.349338 0.929811 -0.115825
vn 0.349338 0.929811 -0.115825
vn 0.349338 0.929811 -0.115825
vn 0.214532 0.929812 -0.299041
vn 0.214533 0.929812 -0.299042
vn 0.214533 0.929812 -0.299041
vn 0.214532 0.929812 -0.299041
vn 0.038874 -0.012778 0.999162
vn 0.038874 -0.012778 0.999162
vn -0.579096 -0.015885 0.815104
vn -0.579096 -0.015885 0.815104
vn -0.950059 -0.004092 0.312045
vn -0.950059 -0.004092 0.312045
vn -0.968170 0.029962 -0.248492
vn -0.968170 0.029962 -0.248492
vn -0.988404 0.022134 -0.150224
vn -0.902004 -0.163981 0.399372
vn -0.902004 -0.163981 0.399372
vn -0.650500 -0.172558 0.739644
vn -0.650500 -0.172558 0.739644
vn 0.086726 -0.007218 0.996206
vn 0.450120 -0.368797 0.813254
vn 0.371400 -0.370704 0.851258
vn -0.023262 -0.948947 0.314578
vn 0.001350 -0.952392 0.304874
vn -0.156690 -0.918375 0.363368
vn -0.156690 -0.918375 0.363368
vn -0.295548 -0.955316 -0.004764
vn -0.305098 -0.952315 0.003444
vn -0.457346 -0.878068 0.140828
vn -0.457346 -0.878067 0.140828
vn -0.577262 -0.470198 -0.667594
vn -0.678836 -0.488543 -0.548186
s 1
g pCylinder10
usemtl lambert8SG
f 2251/3117/6735 2252/3118/6736 2262/3129/6737 2261/3128/6738
s 2
f 2252/3118/6739 2253/3119/6740 2263/3130/6741 2262/3129/6742
s 3
f 2253/3119/6743 2254/3120/6744 2264/3131/6745 2263/3130/6746
s 4
f 2254/3120/6747 2255/3121/6748 2265/3132/6749 2264/3131/6750
s 5
f 2255/3121/6751 2256/3122/6752 2266/3133/6753 2265/3132/6754
s 6
f 2256/3122/6755 2257/3123/6756 2267/3134/6757 2266/3133/6758
s 7
f 2257/3123/6759 2258/3124/6760 2268/3135/6761 2267/3134/6762
s 8
f 2258/3124/6763 2259/3125/6764 2269/3136/6765 2268/3135/6766
s 9
f 2259/3125/6767 2260/3126/6768 2270/3137/6769 2269/3136/6770
s 10
f 2260/3126/6771 2251/3127/6772 2261/3138/6773 2270/3137/6774
s 1
f 2261/3128/6738 2262/3129/6737 2272/3140/6775 2271/3139/6776
s 2
f 2262/3129/6742 2263/3130/6741 2273/3141/6777 2272/3140/6778
s 3
f 2263/3130/6746 2264/3131/6745 2274/3142/6779 2273/3141/6780
s 4
f 2264/3131/6750 2265/3132/6749 2275/3143/6781 2274/3142/6782
s 5
f 2265/3132/6754 2266/3133/6753 2276/3144/6783 2275/3143/6784
s 6
f 2266/3133/6758 2267/3134/6757 2277/3145/6785 2276/3144/6786
s 7
f 2267/3134/6762 2268/3135/6761 2278/3146/6787 2277/3145/6788
s 8
f 2268/3135/6766 2269/3136/6765 2279/3147/6789 2278/3146/6790
s 9
f 2269/3136/6770 2270/3137/6769 2280/3148/6791 2279/3147/6792
s 10
f 2270/3137/6774 2261/3138/6773 2271/3149/6793 2280/3148/6794
s 1
f 2271/3139/6776 2272/3140/6775 2282/3151/6795 2281/3150/6796
s 2
f 2272/3140/6778 2273/3141/6777 2283/3152/6797 2282/3151/6798
s 3
f 2273/3141/6780 2274/3142/6779 2284/3153/6799 2283/3152/6800
s 4
f 2274/3142/6782 2275/3143/6781 2285/3154/6801 2284/3153/6802
s 5
f 2275/3143/6784 2276/3144/6783 2286/3155/6803 2285/3154/6804
s 6
f 2276/3144/6786 2277/3145/6785 2287/3156/6805 2286/3155/6806
s 7
f 2277/3145/6788 2278/3146/6787 2288/3157/6807 2287/3156/6808
s 8
f 2278/3146/6790 2279/3147/6789 2289/3158/6809 2288/3157/6810
s 9
f 2279/3147/6792 2280/3148/6791 2290/3159/6811 2289/3158/6812
s 10
f 2280/3148/6794 2271/3149/6793 2281/3160/6813 2290/3159/6814
s 11
f 2252/3108/6815 2251/3107/6816 2291/3171/6817
f 2253/3109/6818 2252/3108/6815 2291/3171/6817
f 2254/3110/6819 2253/3109/6818 2291/3171/6817
f 2255/3111/6820 2254/3110/6819 2291/3171/6817
f 2256/3112/6821 2255/3111/6820 2291/3171/6817
f 2257/3113/6822 2256/3112/6821 2291/3171/6817
f 2258/3114/6823 2257/3113/6822 2291/3171/6817
f 2259/3115/6824 2258/3114/6823 2291/3171/6817
f 2260/3116/6825 2259/3115/6824 2291/3171/6817
f 2251/3107/6816 2260/3116/6825 2291/3171/6817
s 12
f 2302/3183/6826 2303/3184/6827 2304/3172/6828
f 2303/3184/6827 2305/3185/6829 2304/3172/6828
f 2305/3185/6829 2306/3186/6830 2304/3172/6828
f 2306/3186/6830 2307/3187/6831 2304/3172/6828
f 2307/3187/6831 2308/3188/6832 2304/3172/6828
f 2308/3188/6832 2309/3189/6833 2304/3172/6828
f 2309/3189/6833 2310/3190/6834 2304/3172/6828
f 2310/3190/6834 2311/3191/6835 2304/3172/6828
f 2311/3191/6835 2312/3192/6836 2304/3172/6828
f 2312/3192/6836 2302/3183/6826 2304/3172/6828
s off
f 2281/3169/6837 2282/3168/6838 2293/3174/6839 2292/3173/6840
f 2282/3168/6841 2283/3167/6842 2294/3175/6843 2293/3174/6844
f 2283/3167/6845 2284/3166/6846 2295/3176/6847 2294/3175/6848
f 2284/3166/6849 2285/3165/6850 2296/3177/6851 2295/3176/6852
f 2285/3165/6853 2286/3164/6854 2297/3178/6855 2296/3177/6856
f 2286/3164/6857 2287/3163/6858 2298/3179/6859 2297/3178/6860
f 2287/3163/6861 2288/3162/6862 2299/3180/6863 2298/3179/6864
f 2288/3162/6865 2289/3161/6866 2300/3181/6867 2299/3180/6868
f 2289/3161/6869 2290/3170/6870 2301/3182/6871 2300/3181/6872
f 2290/3170/6873 2281/3169/6874 2292/3173/6875 2301/3182/6876
f 2292/3173/6877 2293/3174/6878 2303/3184/6879 2302/3183/6880
f 2293/3174/6881 2294/3175/6882 2305/3185/6883 2303/3184/6884
f 2294/3175/6885 2295/3176/6886 2306/3186/6887 2305/3185/6888
f 2295/3176/6889 2296/3177/6890 2307/3187/6891 2306/3186/6892
f 2296/3177/6893 2297/3178/6894 2308/3188/6895 2307/3187/6896
f 2297/3178/6897 2298/3179/6898 2309/3189/6899 2308/3188/6900
f 2298/3179/6901 2299/3180/6902 2310/3190/6903 2309/3189/6904
f 2299/3180/6905 2300/3181/6906 2311/3191/6907 2310/3190/6908
f 2300/3181/6909 2301/3182/6910 2312/3192/6911 2311/3191/6912
f 2301/3182/6913 2292/3173/6914 2302/3183/6915 2312/3192/6916
f 2313/3193/6917 2314/3194/6918 2324/3195/6919 2323/3196/6920
f 2314/3194/6921 2315/3197/6922 2325/3198/6923 2324/3195/6924
s 13
f 2315/3197/6925 2316/3199/6926 2372/3200/6927 2325/3198/6928
s 14
f 2316/3199/6929 2317/3201/6930 2371/3202/6931 2372/3200/6932
s 15
f 2317/3201/6933 2318/3203/6934 2370/3204/6935 2371/3202/6936
s 16
f 2318/3203/6937 2319/3205/6938 2329/3206/6939 2370/3204/6940
s off
f 2319/3205/6941 2320/3207/6942 2330/3208/6943 2329/3206/6944
f 2320/3207/6945 2321/3209/6946 2331/3210/6947 2330/3208/6948
f 2321/3209/6949 2322/3211/6950 2332/3212/6951 2331/3210/6952
f 2322/3211/6953 2313/3213/6954 2323/3214/6955 2332/3212/6956
f 2323/3215/6957 2324/3216/6958 2334/3217/6959 2333/3218/6960
f 2324/3216/6961 2325/3219/6962 2335/3220/6963 2334/3217/6964
s 17
f 2325/3219/6965 2367/3221/6966 2366/3222/6967
s 18
f 2367/3221/6968 2368/3223/6969 2365/3224/6970 2366/3222/6971
s 19
f 2368/3223/6972 2369/3225/6973 2364/3226/6974 2365/3224/6975
s 20
f 2369/3225/6976 2329/3227/6977 2364/3226/6978
s off
f 2329/3227/6979 2330/3228/6980 2340/3229/6981 2339/3230/6982
f 2330/3228/6983 2331/3231/6984 2341/3232/6985 2340/3229/6986
f 2331/3231/6987 2332/3233/6988 2342/3234/6989 2341/3232/6990
f 2332/3233/6991 2323/3235/6992 2333/3236/6993 2342/3234/6994
s 21
f 2353/3237/6995 2354/3238/6996 2355/3239/6997
f 2354/3238/6996 2356/3240/6998 2355/3239/6997
f 2356/3240/6998 2357/3241/6999 2355/3239/6997
f 2357/3241/6999 2358/3242/7000 2355/3239/6997
f 2358/3242/7000 2359/3243/7001 2355/3239/6997
f 2359/3243/7001 2360/3244/7002 2355/3239/6997
f 2360/3244/7002 2361/3245/7003 2355/3239/6997
f 2361/3245/7003 2362/3246/7004 2355/3239/6997
f 2362/3246/7004 2363/3247/7005 2355/3239/6997
f 2363/3247/7005 2353/3237/6995 2355/3239/6997
s off
f 2333/3248/7006 2334/3249/7007 2344/3250/7008 2343/3251/7009
f 2334/3249/7010 2335/3252/7011 2345/3253/7012 2344/3250/7013
f 2335/3252/7014 2336/3254/7015 2346/3255/7016 2345/3253/7017
f 2336/3254/7018 2337/3256/7019 2347/3257/7020 2346/3255/7021
f 2337/3256/7022 2338/3258/7023 2348/3259/7024 2347/3257/7025
f 2338/3258/7026 2339/3260/7027 2349/3261/7028 2348/3259/7029
f 2339/3260/7030 2340/3262/7031 2350/3263/7032 2349/3261/7033
f 2340/3262/7034 2341/3264/7035 2351/3265/7036 2350/3263/7037
f 2341/3264/7038 2342/3266/7039 2352/3267/7040 2351/3265/7041
f 2342/3266/7042 2333/3248/7043 2343/3251/7044 2352/3267/7045
f 2343/3251/7046 2344/3250/7047 2354/3238/7048 2353/3237/7049
f 2344/3250/7050 2345/3253/7051 2356/3240/7052 2354/3238/7053
f 2345/3253/7054 2346/3255/7055 2357/3241/7056 2356/3240/7057
f 2346/3255/7058 2347/3257/7059 2358/3242/7060 2357/3241/7061
f 2347/3257/7062 2348/3259/7063 2359/3243/7064 2358/3242/7065
f 2348/3259/7066 2349/3261/7067 2360/3244/7068 2359/3243/7069
f 2349/3261/7070 2350/3263/7071 2361/3245/7072 2360/3244/7073
f 2350/3263/7074 2351/3265/7075 2362/3246/7076 2361/3245/7077
f 2351/3265/7078 2352/3267/7079 2363/3247/7080 2362/3246/7081
f 2352/3267/7082 2343/3251/7083 2353/3237/7084 2363/3247/7085
s 20
f 2364/3226/6978 2329/3227/6977 2339/3230/7086 2338/3268/7087
s 19
f 2365/3224/6975 2364/3226/6974 2338/3268/7088 2337/3269/7089
s 18
f 2366/3222/6971 2365/3224/6970 2337/3269/7090 2336/3270/7091
s 17
f 2325/3219/6965 2366/3222/6967 2336/3270/7092 2335/3220/7093
f 2325/3219/6965 2326/3271/7094 2367/3221/6966
s 18
f 2326/3271/7095 2327/3272/7096 2368/3223/6969 2367/3221/6968
s 19
f 2327/3272/7097 2328/3273/7098 2369/3225/6973 2368/3223/6972
s 20
f 2328/3273/7099 2329/3227/6977 2369/3225/6976
s 16
f 2375/3274/7100 2329/3206/6939 2328/3275/7101
s 15
f 2374/3276/7102 2375/3274/7103 2328/3275/7104 2327/3277/7105
s 14
f 2373/3278/7106 2374/3276/7107 2327/3277/7108 2326/3279/7109
s 13
f 2325/3198/6928 2373/3278/7110 2326/3279/7111
f 2325/3198/6928 2372/3200/6927 2373/3278/7110
s 14
f 2372/3200/6932 2371/3202/6931 2374/3276/7107 2373/3278/7106
s 15
f 2371/3202/6936 2370/3204/6935 2375/3274/7103 2374/3276/7102
s 16
f 2370/3204/6940 2329/3206/6939 2375/3274/7100
s off
f 2376/3280/7112 2377/3281/7113 2387/3282/7114 2386/3283/7115
f 2377/3281/7116 2378/3284/7117 2388/3285/7118 2387/3282/7119
s 22
f 2378/3284/7120 2379/3286/7121 2435/3287/7122 2388/3285/7123
s 23
f 2379/3286/7124 2380/3288/7125 2434/3289/7126 2435/3287/7127
s 24
f 2380/3288/7128 2381/3290/7129 2433/3291/7130 2434/3289/7131
s 25
f 2381/3290/7132 2382/3292/7133 2392/3293/7134 2433/3291/7135
s off
f 2382/3292/7136 2383/3294/7137 2393/3295/7138 2392/3293/7139
f 2383/3294/7140 2384/3296/7141 2394/3297/7142 2393/3295/7143
f 2384/3296/7144 2385/3298/7145 2395/3299/7146 2394/3297/7147
f 2385/3298/7148 2376/3300/7149 2386/3301/7150 2395/3299/7151
f 2386/3302/7152 2387/3303/7153 2397/3304/7154 2396/3305/7155
f 2387/3303/7156 2388/3306/7157 2398/3307/7158 2397/3304/7159
s 26
f 2388/3306/7160 2430/3308/7161 2429/3309/7162
s 27
f 2430/3308/7163 2431/3310/7164 2428/3311/7165 2429/3309/7166
s 28
f 2431/3310/7167 2432/3312/7168 2427/3313/7169 2428/3311/7170
s 29
f 2432/3312/7171 2392/3314/7172 2427/3313/7173
s off
f 2392/3314/7174 2393/3315/7175 2403/3316/7176 2402/3317/7177
f 2393/3315/7178 2394/3318/7179 2404/3319/7180 2403/3316/7181
f 2394/3318/7182 2395/3320/7183 2405/3321/7184 2404/3319/7185
f 2395/3320/7186 2386/3322/7187 2396/3323/7188 2405/3321/7189
s 30
f 2416/3324/7190 2417/3325/7191 2418/3326/7192
f 2417/3325/7191 2419/3327/7193 2418/3326/7192
f 2419/3327/7193 2420/3328/7194 2418/3326/7192
f 2420/3328/7194 2421/3329/7195 2418/3326/7192
f 2421/3329/7195 2422/3330/7196 2418/3326/7192
f 2422/3330/7196 2423/3331/7197 2418/3326/7192
f 2423/3331/7197 2424/3332/7198 2418/3326/7192
f 2424/3332/7198 2425/3333/7199 2418/3326/7192
f 2425/3333/7199 2426/3334/7200 2418/3326/7192
f 2426/3334/7200 2416/3324/7190 2418/3326/7192
s off
f 2396/3335/7201 2397/3336/7202 2407/3337/7203 2406/3338/7204
f 2397/3336/7205 2398/3339/7206 2408/3340/7207 2407/3337/7208
f 2398/3339/7209 2399/3341/7210 2409/3342/7211 2408/3340/7212
f 2399/3341/7213 2400/3343/7214 2410/3344/7215 2409/3342/7216
f 2400/3343/7217 2401/3345/7218 2411/3346/7219 2410/3344/7220
f 2401/3345/7221 2402/3347/7222 2412/3348/7223 2411/3346/7224
f 2402/3347/7225 2403/3349/7226 2413/3350/7227 2412/3348/7228
f 2403/3349/7229 2404/3351/7230 2414/3352/7231 2413/3350/7232
f 2404/3351/7233 2405/3353/7234 2415/3354/7235 2414/3352/7236
f 2405/3353/7237 2396/3335/7238 2406/3338/7239 2415/3354/7240
f 2406/3338/7241 2407/3337/7242 2417/3325/7243 2416/3324/7244
f 2407/3337/7245 2408/3340/7246 2419/3327/7247 2417/3325/7248
f 2408/3340/7249 2409/3342/7250 2420/3328/7251 2419/3327/7252
f 2409/3342/7253 2410/3344/7254 2421/3329/7255 2420/3328/7256
f 2410/3344/7257 2411/3346/7258 2422/3330/7259 2421/3329/7260
f 2411/3346/7261 2412/3348/7262 2423/3331/7263 2422/3330/7264
f 2412/3348/7265 2413/3350/7266 2424/3332/7267 2423/3331/7268
f 2413/3350/7269 2414/3352/7270 2425/3333/7271 2424/3332/7272
f 2414/3352/7273 2415/3354/7274 2426/3334/7275 2425/3333/7276
f 2415/3354/7277 2406/3338/7278 2416/3324/7279 2426/3334/7280
s 29
f 2427/3313/7173 2392/3314/7172 2402/3317/7281 2401/3355/7282
s 28
f 2428/3311/7170 2427/3313/7169 2401/3355/7283 2400/3356/7284
s 27
f 2429/3309/7166 2428/3311/7165 2400/3356/7285 2399/3357/7286
s 26
f 2388/3306/7160 2429/3309/7162 2399/3357/7287 2398/3307/7288
f 2388/3306/7160 2389/3358/7289 2430/3308/7161
s 27
f 2389/3358/7290 2390/3359/7291 2431/3310/7164 2430/3308/7163
s 28
f 2390/3359/7292 2391/3360/7293 2432/3312/7168 2431/3310/7167
s 29
f 2391/3360/7294 2392/3314/7172 2432/3312/7171
s 25
f 2438/3361/7295 2392/3293/7134 2391/3362/7296
s 24
f 2437/3363/7297 2438/3361/7298 2391/3362/7299 2390/3364/7300
s 23
f 2436/3365/7301 2437/3363/7302 2390/3364/7303 2389/3366/7304
s 22
f 2388/3285/7123 2436/3365/7305 2389/3366/7306
f 2388/3285/7123 2435/3287/7122 2436/3365/7305
s 23
f 2435/3287/7127 2434/3289/7126 2437/3363/7302 2436/3365/7301
s 24
f 2434/3289/7131 2433/3291/7130 2438/3361/7298 2437/3363/7297
s 25
f 2433/3291/7135 2392/3293/7134 2438/3361/7295
g default
v 1097.002075 -49.093140 1023.572693
v 1095.707031 -41.195877 1001.638306
v 1079.752686 -36.603951 987.287659
v 1061.152832 -38.775192 991.327087
v 1053.913696 -46.074608 1010.714783
v 1063.486450 -53.005585 1030.851440
v 1082.662598 -54.348961 1036.573730
v 1099.196289 34.629913 1060.424316
v 1099.219238 47.731514 1033.357178
v 1079.982666 53.671982 1012.392517
v 1055.972046 47.978024 1013.317078
v 1045.267944 34.937305 1035.434692
v 1055.930664 24.369761 1062.090454
v 1079.931152 24.232958 1073.211914
v 1076.239624 -45.585327 1011.709412
v 1071.438477 80.679359 1057.470947
v 1210.051147 -60.974052 962.548157
v 1216.541626 -63.716728 933.643494
v 1198.518311 -60.475761 910.196045
v 1169.552856 -53.691673 909.862244
v 1151.457031 -48.473015 932.893433
v 1157.857178 -48.749557 961.946655
v 1183.934082 -54.313042 975.144287
v 1256.359009 125.809906 964.484802
v 1268.700562 112.371094 927.718994
v 1247.827515 114.160080 895.130920
v 1209.457642 114.643127 891.260071
v 1182.484375 113.456451 919.021301
v 1187.218994 111.493683 957.509766
v 1220.096313 110.232803 977.742981
v 1183.987427 -55.770546 940.890625
v 1243.713867 198.710968 930.176636
v 1071.674194 -108.954887 996.629639
v 1098.161255 -101.835289 985.102478
v 1105.544556 -98.046883 956.532104
v 1088.264404 -100.442421 932.432617
v 1059.332886 -107.218010 930.951416
v 1040.536255 -113.271507 953.203918
v 1046.028687 -114.044487 982.433411
v 1010.469727 131.326523 1024.010742
v 1044.237061 137.655457 1014.371582
v 1057.279907 152.142731 976.166443
v 1041.085815 138.896576 942.788208
v 1005.886292 145.349884 932.438721
v 979.646606 138.796692 958.065125
v 982.218506 122.403793 1000.697388
v 1072.791748 -106.259071 962.469360
v 987.942139 250.421967 987.854980
v 1190.011719 -48.239326 894.428284
v 1193.908081 -51.973511 875.746643
v 1181.840576 -52.689522 860.646545
v 1162.896240 -49.848183 860.498657
v 1151.340454 -45.589081 875.414307
v 1155.875122 -43.119408 894.161743
v 1173.085449 -44.298874 902.623779
v 1207.366699 41.053123 885.404785
v 1214.554565 39.079880 861.287537
v 1200.636963 36.778595 840.387878
v 1176.093994 35.882198 838.443665
v 1159.407227 37.065681 856.918945
v 1163.141968 39.437874 881.901489
v 1184.485962 41.212452 894.578857
v 1172.708252 -47.965416 880.502869
v 1192.539307 83.108910 858.453186
v 1138.997925 -99.453598 897.016235
v 1100.313721 -100.910355 901.075439
v 1079.141357 -96.828613 933.481323
v 1091.424194 -90.282013 969.831726
v 1127.912964 -86.200287 982.753906
v 1161.130859 -87.657043 962.517273
v 1166.064087 -93.555313 924.360413
v 1138.778809 246.011841 799.674683
v 1057.439941 269.870911 802.341431
v 1012.163513 300.697845 865.832947
v 1037.043579 315.279358 942.338867
v 1113.344971 302.635315 974.248596
v 1183.611206 282.918182 937.533569
v 1194.930420 283.483887 859.840759
v 1123.569336 -93.555313 938.719482
v 1095.935425 484.160950 856.851746
v 1160.658813 -62.190636 997.294067
v 1159.874268 -54.549454 968.551636
v 1136.605713 -45.429153 952.410889
v 1108.374878 -41.697510 961.026062
v 1096.440063 -46.164520 987.909851
v 1109.788452 -55.466446 1012.818115
v 1138.368530 -62.598747 1016.994507
v 1204.146729 102.593552 1047.779663
v 1207.051880 117.614357 1012.100098
v 1178.790161 128.137680 987.781372
v 1140.643311 126.239250 993.135864
v 1121.336548 113.348602 1024.131592
v 1135.408447 124.598511 1057.428223
v 1172.262451 104.881210 1067.952515
v 1130.015869 -52.585213 985.286438
v 1182.495605 195.456146 1049.817383
vn 0.999224 -0.019420 -0.034262
vn 0.999224 -0.019420 -0.034262
vn 0.999224 -0.019420 -0.034262
vn 0.999224 -0.019420 -0.034262
vn 0.723221 0.194976 -0.662522
vn 0.723221 0.194976 -0.662522
vn 0.723221 0.194976 -0.662522
vn 0.723221 0.194976 -0.662522
vn -0.157408 0.249768 -0.955426
vn -0.157408 0.249768 -0.955426
vn -0.157408 0.249768 -0.955426
vn -0.157408 0.249768 -0.955426
vn -0.922874 0.030820 -0.383867
vn -0.922874 0.030820 -0.383867
vn -0.922874 0.030820 -0.383867
vn -0.922874 0.030820 -0.383867
vn -0.923709 -0.208120 0.321632
vn -0.923709 -0.208120 0.321632
vn -0.923709 -0.208120 0.321632
vn -0.923709 -0.208120 0.321632
vn -0.345788 -0.393535 0.851799
vn -0.345789 -0.393535 0.851799
vn -0.345789 -0.393535 0.851799
vn -0.345788 -0.393535 0.851799
vn 0.665212 -0.306148 0.681004
vn 0.665212 -0.306148 0.681004
vn 0.665212 -0.306148 0.681004
vn 0.665213 -0.306148 0.681004
vn 0.035756 -0.939599 -0.340405
vn 0.035756 -0.939597 -0.340409
vn 0.035757 -0.939599 -0.340406
vn 0.035757 -0.939599 -0.340405
vn 0.035757 -0.939599 -0.340405
vn 0.035757 -0.939599 -0.340404
vn 0.035759 -0.939599 -0.340405
vn 0.035758 -0.939598 -0.340406
vn 0.639009 0.426250 0.640295
vn 0.750305 0.660031 -0.037430
vn -0.144698 0.903563 0.403283
vn 0.165477 0.859511 -0.483588
vn -0.623934 0.716461 -0.312074
vn -0.888866 0.411328 0.201810
vn -0.669587 0.242013 0.702199
vn -0.058307 0.260010 0.963844
vn 0.914425 -0.244590 0.322494
vn 0.914425 -0.244590 0.322494
vn 0.914425 -0.244590 0.322494
vn 0.914425 -0.244590 0.322494
vn 0.782106 -0.260158 -0.566240
vn 0.782106 -0.260158 -0.566240
vn 0.782106 -0.260158 -0.566240
vn 0.782106 -0.260158 -0.566240
vn 0.050057 -0.110461 -0.992619
vn 0.050057 -0.110461 -0.992619
vn 0.050057 -0.110461 -0.992619
vn 0.050057 -0.110461 -0.992619
vn -0.740990 0.093763 -0.664937
vn -0.740990 0.093763 -0.664937
vn -0.740990 0.093763 -0.664937
vn -0.740990 0.093763 -0.664937
vn -0.967524 0.190780 0.165830
vn -0.967524 0.190780 0.165830
vn -0.967524 0.190780 0.165830
vn -0.967524 0.190780 0.165830
vn -0.481726 0.102111 0.870352
vn -0.481726 0.102111 0.870352
vn -0.481726 0.102111 0.870352
vn -0.481726 0.102111 0.870352
vn 0.393468 -0.104153 0.913419
vn 0.393468 -0.104153 0.913420
vn 0.393468 -0.104153 0.913420
vn 0.393468 -0.104153 0.913420
vn -0.228299 -0.972726 0.041034
vn -0.228297 -0.972726 0.041034
vn -0.228298 -0.972726 0.041034
vn -0.228298 -0.972726 0.041033
vn -0.228297 -0.972726 0.041034
vn -0.228298 -0.972726 0.041034
vn -0.228300 -0.972726 0.041034
vn -0.228298 -0.972726 0.041034
vn 0.590917 0.425156 0.685609
vn 0.938834 0.277503 -0.203920
vn 0.063063 0.997217 -0.039759
vn 0.466487 0.357964 -0.808859
vn -0.353757 0.507775 -0.785506
vn -0.783318 0.588696 -0.199625
vn -0.676024 0.580240 0.454217
vn -0.267940 0.510710 0.816936
vn 0.337263 -0.030170 0.940927
vn 0.337263 -0.030170 0.940927
vn 0.337263 -0.030170 0.940927
vn 0.337263 -0.030170 0.940927
vn 0.930516 0.161347 0.328796
vn 0.930516 0.161347 0.328796
vn 0.930516 0.161347 0.328796
vn 0.930516 0.161347 0.328796
vn 0.824052 0.193290 -0.532519
vn 0.824052 0.193290 -0.532519
vn 0.824052 0.193290 -0.532519
vn 0.824053 0.193290 -0.532519
vn 0.180787 0.060616 -0.981653
vn 0.180787 0.060616 -0.981653
vn 0.180787 0.060616 -0.981653
vn 0.180787 0.060616 -0.981653
vn -0.700177 -0.149858 -0.698065
vn -0.700177 -0.149858 -0.698065
vn -0.700177 -0.149858 -0.698065
vn -0.700177 -0.149858 -0.698065
vn -0.967208 -0.249212 0.049010
vn -0.967208 -0.249212 0.049010
vn -0.967208 -0.249212 0.049010
vn -0.967208 -0.249212 0.049010
vn -0.519475 -0.215397 0.826892
vn -0.519475 -0.215397 0.826892
vn -0.519475 -0.215397 0.826892
vn -0.519475 -0.215397 0.826892
vn 0.230831 -0.970541 -0.069040
vn 0.230831 -0.970541 -0.069040
vn 0.230831 -0.970541 -0.069040
vn 0.230831 -0.970542 -0.069040
vn 0.230830 -0.970542 -0.069040
vn 0.230831 -0.970541 -0.069041
vn 0.230833 -0.970541 -0.069041
vn 0.230831 -0.970541 -0.069041
vn -0.262007 0.234630 0.936110
vn 0.522629 0.433527 0.734107
vn -0.251316 0.957388 0.142300
vn 0.813857 0.579407 -0.043861
vn 0.514472 0.520525 -0.681448
vn -0.129988 0.445090 -0.886001
vn -0.954843 0.140784 -0.261640
vn -0.880000 0.086201 0.467086
vn 0.949203 -0.165135 0.267850
vn 0.949203 -0.165135 0.267850
vn 0.949203 -0.165135 0.267850
vn 0.949203 -0.165135 0.267850
vn 0.789832 -0.277740 -0.546834
vn 0.789832 -0.277740 -0.546834
vn 0.789832 -0.277740 -0.546834
vn 0.789832 -0.277740 -0.546834
vn 0.035889 -0.240806 -0.969910
vn 0.035889 -0.240806 -0.969910
vn 0.035889 -0.240806 -0.969910
vn 0.035889 -0.240806 -0.969910
vn -0.766839 -0.057116 -0.639293
vn -0.766839 -0.057116 -0.639293
vn -0.766839 -0.057116 -0.639293
vn -0.766839 -0.057116 -0.639293
vn -0.977562 0.122616 0.171282
vn -0.977562 0.122616 0.171282
vn -0.977562 0.122616 0.171282
vn -0.977562 0.122616 0.171282
vn -0.476645 0.157432 0.864884
vn -0.476645 0.157432 0.864884
vn -0.476645 0.157432 0.864884
vn -0.476645 0.157432 0.864884
vn 0.401832 0.023282 0.915417
vn 0.401832 0.023282 0.915417
vn 0.401832 0.023282 0.915417
vn 0.401832 0.023282 0.915417
vn -0.147565 -0.975331 0.164177
vn -0.147564 -0.975331 0.164177
vn -0.147565 -0.975331 0.164177
vn -0.147566 -0.975331 0.164178
vn -0.147565 -0.975331 0.164177
vn -0.147565 -0.975331 0.164177
vn -0.147566 -0.975331 0.164177
vn -0.147566 -0.975331 0.164178
vn 0.598070 0.571155 0.562222
vn 0.886669 0.432886 -0.162569
vn 0.029155 0.992993 -0.114523
vn 0.417639 0.392521 -0.819454
vn -0.363484 0.467891 -0.805579
vn -0.780356 0.570096 -0.256975
vn -0.667650 0.647092 0.368124
vn -0.117312 0.661352 0.740845
vn -0.103767 -0.268417 -0.957698
vn -0.103767 -0.268417 -0.957698
vn -0.103767 -0.268417 -0.957698
vn -0.103767 -0.268417 -0.957698
vn -0.837220 -0.227407 -0.497342
vn -0.837220 -0.227407 -0.497342
vn -0.837220 -0.227407 -0.497342
vn -0.837220 -0.227407 -0.497342
vn -0.938893 -0.102970 0.328448
vn -0.938893 -0.102970 0.328448
vn -0.938893 -0.102970 0.328448
vn -0.938893 -0.102970 0.328448
vn -0.368689 0.010120 0.929498
vn -0.368689 0.010120 0.929498
vn -0.368689 0.010120 0.929498
vn -0.368689 0.010120 0.929498
vn 0.487118 0.033410 0.872697
vn 0.487118 0.033410 0.872697
vn 0.487118 0.033410 0.872697
vn 0.487118 0.033410 0.872697
vn 0.988687 -0.051017 0.141050
vn 0.988687 -0.051017 0.141050
vn 0.988687 -0.051017 0.141050
vn 0.988687 -0.051017 0.141050
vn 0.754989 -0.171713 -0.632856
vn 0.754989 -0.171713 -0.632856
vn 0.754989 -0.171713 -0.632856
vn 0.754989 -0.171713 -0.632856
vn 0.053841 -0.985755 0.159339
vn 0.053841 -0.985755 0.159339
vn 0.053841 -0.985755 0.159339
vn 0.053840 -0.985755 0.159339
vn 0.053840 -0.985755 0.159338
vn 0.053841 -0.985755 0.159339
vn 0.053841 -0.985755 0.159339
vn 0.053841 -0.985755 0.159339
vn 0.347011 0.277514 -0.895862
vn -0.258801 0.281533 -0.923992
vn 0.068000 0.971756 -0.225979
vn -0.871311 0.382824 -0.307023
vn -0.609870 0.516800 0.600813
vn 0.214114 0.544855 0.810733
vn 0.748931 0.500431 0.434363
vn 0.824693 0.400882 -0.398968
vn 0.967928 -0.245263 -0.054415
vn 0.967928 -0.245263 -0.054415
vn 0.967928 -0.245263 -0.054415
vn 0.967928 -0.245263 -0.054415
vn 0.621700 0.018052 -0.783047
vn 0.621700 0.018052 -0.783047
vn 0.621700 0.018052 -0.783047
vn 0.621700 0.018052 -0.783047
vn -0.194279 0.230750 -0.953420
vn -0.194279 0.230750 -0.953420
vn -0.194279 0.230750 -0.953420
vn -0.194279 0.230750 -0.953420
vn -0.882686 0.238589 -0.404895
vn -0.882686 0.238589 -0.404895
vn -0.882686 0.238589 -0.404895
vn -0.882686 0.238589 -0.404895
vn -0.904566 0.033395 0.425023
vn -0.904566 0.033395 0.425023
vn -0.904566 0.033395 0.425023
vn -0.904566 0.033395 0.425023
vn -0.294275 -0.206221 0.933207
vn -0.294275 -0.206221 0.933207
vn -0.294275 -0.206221 0.933207
vn -0.294275 -0.206222 0.933207
vn 0.545301 -0.358356 0.757778
vn 0.545301 -0.358356 0.757778
vn 0.545301 -0.358356 0.757778
vn 0.545301 -0.358356 0.757778
vn -0.200578 -0.948137 -0.246587
vn -0.200578 -0.948137 -0.246587
vn -0.200578 -0.948136 -0.246588
vn -0.200578 -0.948137 -0.246587
vn -0.200579 -0.948136 -0.246588
vn -0.200579 -0.948136 -0.246589
vn -0.200579 -0.948136 -0.246589
vn -0.200577 -0.948137 -0.246588
vn 0.808878 0.176283 0.560929
vn 0.902347 0.381679 -0.200227
vn 0.177870 0.947085 0.267192
vn 0.249401 0.648792 -0.718936
vn -0.541517 0.703873 -0.459698
vn -0.787172 0.611476 -0.080362
vn -0.595714 0.466125 0.654105
vn 0.230050 0.166005 0.958916
s off
g Big_Crystal
usemtl lambert4SG
f 2439//7307 2440//7308 2447//7309 2446//7310
f 2440//7311 2441//7312 2448//7313 2447//7314
f 2441//7315 2442//7316 2449//7317 2448//7318
f 2442//7319 2443//7320 2450//7321 2449//7322
f 2443//7323 2444//7324 2451//7325 2450//7326
f 2444//7327 2445//7328 2452//7329 2451//7330
f 2445//7331 2439//7332 2446//7333 2452//7334
s 1
f 2440//7335 2439//7336 2453//7337
f 2441//7338 2440//7335 2453//7337
f 2442//7339 2441//7338 2453//7337
f 2443//7340 2442//7339 2453//7337
f 2444//7341 2443//7340 2453//7337
f 2445//7342 2444//7341 2453//7337
f 2439//7336 2445//7342 2453//7337
s 2
f 2446//7343 2447//7344 2454//7345
f 2447//7344 2448//7346 2454//7345
f 2448//7346 2449//7347 2454//7345
f 2449//7347 2450//7348 2454//7345
f 2450//7348 2451//7349 2454//7345
f 2451//7349 2452//7350 2454//7345
f 2452//7350 2446//7343 2454//7345
s off
f 2455//7351 2456//7352 2463//7353 2462//7354
f 2456//7355 2457//7356 2464//7357 2463//7358
f 2457//7359 2458//7360 2465//7361 2464//7362
f 2458//7363 2459//7364 2466//7365 2465//7366
f 2459//7367 2460//7368 2467//7369 2466//7370
f 2460//7371 2461//7372 2468//7373 2467//7374
f 2461//7375 2455//7376 2462//7377 2468//7378
s 3
f 2456//7379 2455//7380 2469//7381
f 2457//7382 2456//7379 2469//7381
f 2458//7383 2457//7382 2469//7381
f 2459//7384 2458//7383 2469//7381
f 2460//7385 2459//7384 2469//7381
f 2461//7386 2460//7385 2469//7381
f 2455//7380 2461//7386 2469//7381
s 4
f 2462//7387 2463//7388 2470//7389
f 2463//7388 2464//7390 2470//7389
f 2464//7390 2465//7391 2470//7389
f 2465//7391 2466//7392 2470//7389
f 2466//7392 2467//7393 2470//7389
f 2467//7393 2468//7394 2470//7389
f 2468//7394 2462//7387 2470//7389
s off
f 2471//7395 2472//7396 2479//7397 2478//7398
f 2472//7399 2473//7400 2480//7401 2479//7402
f 2473//7403 2474//7404 2481//7405 2480//7406
f 2474//7407 2475//7408 2482//7409 2481//7410
f 2475//7411 2476//7412 2483//7413 2482//7414
f 2476//7415 2477//7416 2484//7417 2483//7418
f 2477//7419 2471//7420 2478//7421 2484//7422
s 5
f 2472//7423 2471//7424 2485//7425
f 2473//7426 2472//7423 2485//7425
f 2474//7427 2473//7426 2485//7425
f 2475//7428 2474//7427 2485//7425
f 2476//7429 2475//7428 2485//7425
f 2477//7430 2476//7429 2485//7425
f 2471//7424 2477//7430 2485//7425
s 6
f 2478//7431 2479//7432 2486//7433
f 2479//7432 2480//7434 2486//7433
f 2480//7434 2481//7435 2486//7433
f 2481//7435 2482//7436 2486//7433
f 2482//7436 2483//7437 2486//7433
f 2483//7437 2484//7438 2486//7433
f 2484//7438 2478//7431 2486//7433
s off
f 2487//7439 2488//7440 2495//7441 2494//7442
f 2488//7443 2489//7444 2496//7445 2495//7446
f 2489//7447 2490//7448 2497//7449 2496//7450
f 2490//7451 2491//7452 2498//7453 2497//7454
f 2491//7455 2492//7456 2499//7457 2498//7458
f 2492//7459 2493//7460 2500//7461 2499//7462
f 2493//7463 2487//7464 2494//7465 2500//7466
s 7
f 2488//7467 2487//7468 2501//7469
f 2489//7470 2488//7467 2501//7469
f 2490//7471 2489//7470 2501//7469
f 2491//7472 2490//7471 2501//7469
f 2492//7473 2491//7472 2501//7469
f 2493//7474 2492//7473 2501//7469
f 2487//7468 2493//7474 2501//7469
s 8
f 2494//7475 2495//7476 2502//7477
f 2495//7476 2496//7478 2502//7477
f 2496//7478 2497//7479 2502//7477
f 2497//7479 2498//7480 2502//7477
f 2498//7480 2499//7481 2502//7477
f 2499//7481 2500//7482 2502//7477
f 2500//7482 2494//7475 2502//7477
s off
f 2503//7483 2504//7484 2511//7485 2510//7486
f 2504//7487 2505//7488 2512//7489 2511//7490
f 2505//7491 2506//7492 2513//7493 2512//7494
f 2506//7495 2507//7496 2514//7497 2513//7498
f 2507//7499 2508//7500 2515//7501 2514//7502
f 2508//7503 2509//7504 2516//7505 2515//7506
f 2509//7507 2503//7508 2510//7509 2516//7510
s 9
f 2504//7511 2503//7512 2517//7513
f 2505//7514 2504//7511 2517//7513
f 2506//7515 2505//7514 2517//7513
f 2507//7516 2506//7515 2517//7513
f 2508//7517 2507//7516 2517//7513
f 2509//7518 2508//7517 2517//7513
f 2503//7512 2509//7518 2517//7513
s 10
f 2510//7519 2511//7520 2518//7521
f 2511//7520 2512//7522 2518//7521
f 2512//7522 2513//7523 2518//7521
f 2513//7523 2514//7524 2518//7521
f 2514//7524 2515//7525 2518//7521
f 2515//7525 2516//7526 2518//7521
f 2516//7526 2510//7519 2518//7521
s off
f 2519//7527 2520//7528 2527//7529 2526//7530
f 2520//7531 2521//7532 2528//7533 2527//7534
f 2521//7535 2522//7536 2529//7537 2528//7538
f 2522//7539 2523//7540 2530//7541 2529//7542
f 2523//7543 2524//7544 2531//7545 2530//7546
f 2524//7547 2525//7548 2532//7549 2531//7550
f 2525//7551 2519//7552 2526//7553 2532//7554
s 11
f 2520//7555 2519//7556 2533//7557
f 2521//7558 2520//7555 2533//7557
f 2522//7559 2521//7558 2533//7557
f 2523//7560 2522//7559 2533//7557
f 2524//7561 2523//7560 2533//7557
f 2525//7562 2524//7561 2533//7557
f 2519//7556 2525//7562 2533//7557
s 12
f 2526//7563 2527//7564 2534//7565
f 2527//7564 2528//7566 2534//7565
f 2528//7566 2529//7567 2534//7565
f 2529//7567 2530//7568 2534//7565
f 2530//7568 2531//7569 2534//7565
f 2531//7569 2532//7570 2534//7565
f 2532//7570 2526//7563 2534//7565
g default
v -3364.956749 12.738030 -701.754849
v 3060.580290 0.000000 -1335.745464
v 2972.847061 0.000000 -1597.020884
v -3399.030867 12.738030 -446.955596
v -3292.627650 12.738030 -277.050395
v -3255.470411 12.738030 -94.840004
v -3099.528917 12.738030 123.841792
v -2805.980019 12.737972 204.992681
v -2542.969248 12.737972 342.607201
v -2274.697972 12.737972 184.113870
v -2108.123351 12.737972 8.611120
v -1983.883936 -11.495557 -217.624358
v -1375.920447 -20.923679 49.898669
v -1464.660711 -6.079090 238.092033
v -1504.476673 0.000000 471.213584
v -1485.689055 0.000000 660.581936
v -1426.073363 0.000000 914.826077
v -1298.074835 0.000000 1051.591577
v -1199.883270 0.000000 1095.427093
v -1238.458039 0.000000 1253.234097
v -1215.664129 0.000000 1432.081567
v -1124.486941 0.000000 1572.354028
v -975.446828 0.000000 1626.710231
v -831.667221 0.000000 1607.422855
v -752.764255 0.000000 1488.190862
v -738.736605 0.000000 1389.999596
v -793.092232 0.000000 1290.055757
v -893.037225 0.000000 1233.946721
v -1021.035753 0.000000 1216.412437
v -1008.761531 0.000000 1141.016025
v -822.900519 0.000000 1151.536388
v -675.613835 0.000000 1132.248753
v -575.669504 0.000000 1074.385784
v -586.190076 0.000000 937.620025
v -577.422932 0.000000 799.101304
v -458.190886 0.000000 742.992139
v -317.918578 0.000000 760.525905
v -198.686532 0.000000 862.223872
v -51.400068 0.000000 825.402342
v 83.612506 0.000000 863.976835
v 178.296661 0.000000 990.222878
v 285.254596 0.000000 1128.742311
v 406.239851 0.000000 1239.207032
v 546.512710 0.000000 1312.850093
v 749.908230 0.000000 1365.452686
v 951.550210 0.000000 1375.973050
v 1161.959334 0.000000 1328.630767
v 1339.053644 0.000000 1212.905735
v 1449.518547 0.000000 1095.427093
v 1603.818615 0.000000 1041.071084
v 1714.283297 0.000000 918.333038
v 1763.378749 0.000000 727.211205
v 1740.584728 0.000000 532.582542
v 1661.680989 0.000000 327.434033
v 1558.892771 0.000000 163.254036
v 1546.097156 0.000000 -65.329606
v 1556.476703 0.000000 -254.697991
v 1616.092395 0.000000 -382.696866
v 1773.899541 0.000000 -342.368375
v 1963.267411 0.000000 -280.999126
v 2163.156293 0.000000 -284.505827
v 2366.551813 0.000000 -347.628687
v 2538.386278 0.000000 -489.654659
v 2699.699509 0.000000 -598.366159
v 2825.944829 0.000000 -733.378567
v 2847.740753 0.000000 -880.137687
v 2816.368835 0.000000 -1037.739575
v 2748.667509 0.000000 -1194.525216
v 2571.700981 0.000000 -1420.715098
v 2352.524383 0.000000 -1494.358419
v 2133.348447 0.000000 -1552.220805
v 1970.281125 0.000000 -1524.166287
v 1807.214245 0.000000 -1462.796940
v 1596.805011 0.000000 -1464.550161
v 1381.135491 0.000000 -1464.550161
v 1190.013972 0.000000 -1390.907100
v 1081.302498 0.000000 -1201.538878
v 1053.248080 0.000000 -992.883214
v 1123.384344 0.000000 -800.008161
v 1247.429988 0.000000 -658.254757
v 1352.120494 -2.481355 -559.498017
v 1266.668709 -5.911387 -363.806443
v 1249.575152 -7.341767 -138.225589
v 1205.638357 -6.294162 29.185660
v 1123.584074 0.000000 8.285346
v 937.489345 0.000000 -130.068739
v 860.755488 0.000000 -180.506781
v 724.110317 0.000000 -209.797880
v 520.122560 0.000000 -156.645551
v 355.237477 0.000000 -37.023083
v 319.044679 0.000000 71.555128
v 243.936468 0.000000 301.002168
v 87.290954 0.000000 408.180652
v 59.005578 0.000000 606.120811
v -71.988344 0.000000 580.566139
v 37.823741 0.000000 292.757560
v -7.520874 0.000000 8.322069
v 47.138982 0.000000 -261.236139
v 8.968197 0.000000 -508.743462
v -197.144530 0.000000 -684.216549
v -436.235399 0.000000 -696.583332
v -691.814898 0.000000 -544.059955
v -831.971781 0.000000 -395.658786
v -1003.565026 0.000000 -351.980619
v -1178.240951 0.000000 -255.502225
v -1261.626912 4.705558 -161.651266
v -1928.370097 3.302082 -440.441314
v -1871.390838 12.737972 -654.343461
v -1894.169300 12.737972 -821.732818
v -1888.404724 12.737972 -1019.558471
v -2006.253669 12.737972 -1200.763108
v -2230.696953 12.737972 -1402.539629
v -2521.582053 12.738001 -1456.840392
v -2758.398431 12.738030 -1396.596682
v -2983.828667 12.738030 -1349.964237
v -3128.905745 12.738030 -1236.423639
v -3250.010395 12.738030 -1106.991099
v -3344.467344 24.795910 -939.409580
v -1566.955674 -17.959933 -35.167531
v -1752.869211 3.709956 -381.762452
v -1529.897086 4.228159 -260.888312
v -1812.478724 -14.153465 -142.363308
v 2806.571704 0.000000 -1508.777707
v 2909.185572 0.000000 -1267.200540
v 1163.584538 0.000000 1164.272792
v 705.015490 0.000000 1245.551270
v 684.980498 0.000000 1250.375316
v 1329.043100 0.000000 1075.012721
v 269.464579 0.000000 895.469143
v 1465.747086 0.000000 871.454741
v 1092.034717 0.000000 741.329331
v 677.485225 0.000000 722.776145
v 388.834450 0.000000 668.331730
v 503.127213 0.000000 1181.950080
v 341.729566 0.000000 1019.578419
v 285.451347 0.000000 758.864652
v 544.803421 0.000000 640.493402
v 955.455755 0.000000 805.173006
v 817.325190 0.000000 817.759671
v 1218.797017 0.000000 703.362993
v 1363.501891 0.000000 697.457222
v 1451.341274 0.000000 829.356189
v 1453.398822 0.000000 959.715793
v 944.913444 0.000000 1239.478791
v 751.755896 -2.712917 986.691824
v 435.406355 -2.712917 920.409572
v 460.108733 -2.712917 856.123803
v 589.237996 -2.712917 845.789577
v 714.940956 -2.712917 894.741430
v 670.060244 -2.712917 1052.870451
v 507.564966 -2.712917 1026.676666
v 595.735393 -47.030065 690.905473
v 707.482428 -47.030065 760.205701
v 464.375115 -47.030065 714.351228
v 1391.391007 -47.030065 826.688210
v 1403.523321 -47.030065 862.144080
v 1312.919942 -47.030065 735.786121
v 1181.425923 -47.030065 734.445720
v 1074.664187 -47.030065 766.422091
v 377.303864 -47.030065 790.600092
v 363.839430 -47.030065 905.650908
v 452.819038 -47.030065 925.505636
v 491.030983 -47.030065 868.804896
v 590.267542 -47.030065 859.690089
v 701.138746 -47.030065 902.866220
v 751.729743 -47.030065 983.967499
v 1256.237409 -47.030065 1056.865878
v 1360.972054 -47.030065 959.760741
v 941.594730 -47.030065 825.503377
v 825.258544 -47.030065 840.202845
v 424.702384 -47.030065 1010.178382
v 560.634708 -47.030065 1146.930993
v 713.795103 -47.030065 1199.962857
v 730.668957 -47.030065 1195.900202
v 1116.884851 -47.030065 1132.043056
v 661.553742 -47.030065 1042.337652
v 517.424774 -44.340364 1018.039056
v 932.715804 -47.030065 1190.785486
v 419.886359 -20.331965 919.142745
v 503.130192 -20.331965 1032.402775
v 676.318296 -20.331965 1060.320248
v 760.937285 -20.331965 989.787260
v 718.353245 -20.331965 891.785889
v 590.177609 -20.331965 839.612695
v 452.551224 -20.331965 850.627095
v 443.615689 -45.092644 923.693089
v 514.575480 -45.092644 1022.573208
v 665.774882 -45.092644 1046.946286
v 754.091741 -45.092644 985.368132
v 707.535616 -45.092644 899.808997
v 590.570999 -45.092644 854.260479
v 470.418099 -45.092644 863.875929
v 552.505707 -8.132786 648.116902
v 682.021739 -8.132786 728.436193
v 818.524893 -8.132786 821.153808
v 953.359585 -8.132786 808.247588
v 1086.679752 -8.132786 745.124242
v 1210.417526 -8.132786 708.063465
v 1351.669502 -8.132786 702.298496
v 1437.412937 -8.132786 832.473646
v 1451.475016 -8.132786 873.567285
v 1439.421159 -8.132786 959.722658
v 1318.033024 -8.132786 1072.268447
v 1156.522491 -8.132786 1159.399264
v 943.068758 -8.132786 1232.115132
v 708.894992 -8.132786 1238.042795
v 689.338138 -8.132786 1242.751557
v 511.823954 -8.132786 1176.654018
v 354.277340 -8.132786 1018.157190
v 283.736650 -8.132786 897.008765
v 299.341945 -8.132786 763.663828
v 400.258331 -8.132786 675.291248
v 591.412292 -43.140336 686.626370
v 704.936481 -43.140336 757.028789
v 824.585091 -43.140336 838.297811
v 942.771259 -43.140336 823.777617
v 1077.669844 -43.140336 764.292189
v 1186.129173 -43.140336 731.807404
v 1319.560571 -43.140336 733.068531
v 1399.208275 -43.140336 824.938616
v 1411.533698 -43.140336 860.958470
v 1368.817020 -43.140336 959.756984
v 1262.417003 -43.140336 1058.406277
v 1120.848659 -43.140336 1134.778780
v 933.751088 -43.140336 1194.918865
v 728.491572 -43.140336 1200.114410
v 711.349351 -43.140336 1204.242089
v 555.753688 -43.140336 1149.903244
v 417.659869 -43.140336 1010.976560
v 355.829052 -43.140336 904.786538
v 369.507672 -43.140336 787.906466
v 457.963348 -43.140336 710.445567
v 1240.476524 0.000000 433.024450
v 356.890489 0.000000 324.335165
v 434.302434 -1.245911 213.270838
v 1038.248485 -5.198627 42.571150
v 457.616083 -0.000000 195.970878
v 911.707985 0.000000 -0.959900
v 1053.293433 -0.000001 484.241176
v 884.099263 0.000000 447.011878
v 753.523449 0.000000 456.956987
v 599.372019 0.000000 521.723063
v 462.165618 0.000000 543.278810
v 347.541702 0.000000 503.991112
v 306.626453 0.000000 404.469937
v 1286.859402 -2.266050 323.742425
v 1248.057978 -4.176829 190.046131
v 1149.812454 -4.810460 98.796118
v 609.231166 -0.000000 64.483371
v 778.832520 -0.000000 11.351119
v 977.656876 -56.151460 97.900531
v 882.572599 -52.244779 64.844961
v 541.124200 -52.244779 212.924339
v 523.527787 -53.179283 226.256009
v 1130.315188 -52.295815 392.959946
v 1165.126099 -53.997416 311.109711
v 1135.949884 -55.434203 210.578442
v 1062.075584 -55.910649 141.964283
v 465.914579 -52.295815 311.232120
v 428.185186 -52.298140 371.165211
v 458.950962 -52.298140 445.998805
v 545.140865 -52.298140 475.540743
v 648.311218 -52.298140 459.332482
v 764.223336 -52.298140 410.632312
v 862.408169 -52.298140 403.154406
v 989.631503 -52.298147 431.148173
v 783.254162 -52.298147 75.564869
v 655.724833 -52.298147 115.517068
v 1025.702808 -12.943548 53.944744
v 1131.684716 -12.588182 107.740914
v 1224.896609 -11.987020 194.315648
v 1261.709894 -10.174144 321.161815
v 1217.720242 -8.024783 424.763132
v 1040.144484 -8.025375 473.273926
v 879.619026 -8.025371 437.952381
v 755.733166 -8.025371 447.387651
v 609.480000 -8.025371 508.835365
v 479.303425 -8.025371 529.286590
v 370.552446 -8.025371 492.011955
v 331.733477 -8.025371 397.589823
v 379.405551 -8.024783 321.642445
v 452.700414 -9.193350 215.898533
v 474.836320 -8.011863 199.403034
v 618.833974 -8.025372 75.022711
v 779.745649 -8.025372 24.612777
v 905.662463 -8.011863 12.562247
v 984.596878 -53.187071 91.609012
v 1072.103232 -52.928072 137.016339
v 1148.762162 -52.433671 208.216548
v 1179.037994 -50.942735 312.537094
v 1142.903349 -49.176588 397.529720
v 996.905087 -49.178574 437.214953
v 864.886474 -49.178567 408.166015
v 763.001012 -49.178567 415.925783
v 642.719998 -49.178567 466.461558
v 535.660653 -49.178567 483.280564
v 446.222108 -49.178567 452.625294
v 414.296905 -49.178567 374.971003
v 453.459939 -49.176588 312.721548
v 513.350839 -50.102826 224.802461
v 531.598635 -49.132716 211.025718
v 650.412794 -49.178574 109.686944
v 782.749099 -49.178574 68.228995
v 885.916804 -49.132716 57.364917
v -2437.559164 2.699329 -908.212088
v -2583.944085 1.204267 -751.536291
v -2564.905535 4.002254 -525.854110
v -2649.913611 0.191183 -451.098755
v -2714.336942 2.029976 -250.792006
v -2665.635543 12.737972 -41.657299
v -2333.544318 6.107419 -1110.138996
v -2501.213590 1.374586 -821.836379
v -2563.862968 -0.240478 -639.302805
v -2725.362025 1.209095 -341.034483
v -2703.657028 12.737999 -121.501595
v -2670.974176 12.737999 106.791247
v -3044.667014 -12.759156 -59.757705
v -2822.978014 -12.759158 1.527576
v -3162.507132 -12.754989 -224.633454
v -2957.418875 -12.756446 -1173.074390
v -3067.223456 -12.751295 -1087.004119
v -2655.666711 -21.461577 -720.816126
v -2592.946711 -21.338098 -774.231341
v -2544.823977 -20.337306 -839.495015
v -2787.122881 -12.756099 -1208.323915
v -3158.922590 -12.746142 -988.931958
v -3229.948700 -3.634209 -863.036300
v -2641.221284 -19.337575 -550.718375
v -2640.742815 -22.547497 -635.732633
v -2705.282673 -22.220692 -494.412514
v -3245.284856 -12.745332 -683.708587
v -3271.188812 -12.756121 -490.771034
v -3190.735899 -12.753470 -362.211996
v -2754.010555 -20.840171 -342.381491
v -2762.432310 -21.462758 -410.779137
v -2717.062095 -12.754989 -184.469631
v -2745.848339 -12.750796 -244.494820
v -2721.022261 -12.759140 -72.634457
v -2388.549232 -12.755750 -1212.844855
v -2466.220495 -17.763160 -992.023119
v -2608.226368 -12.755750 -1253.852614
v -3088.556802 7.638593 87.121880
v -3236.877667 7.639427 -120.798752
v -3272.249477 7.639730 -294.082709
v -3373.462368 7.639201 -455.718690
v -3341.023165 7.641357 -698.145622
v -3321.563969 19.109885 -924.134924
v -3231.793276 7.641195 -1083.379284
v -3116.568846 7.640165 -1206.539735
v -2978.546974 7.639135 -1314.586345
v -2764.143586 7.639204 -1358.942128
v -2538.911093 7.639251 -1416.242862
v -2262.267497 7.639228 -1364.600752
v -2360.079465 1.333304 -1086.515782
v -2459.012126 -1.907997 -894.468699
v -2519.560038 -3.167951 -812.315424
v -2598.288875 -3.328901 -745.392245
v -2579.239290 -4.701881 -638.588822
v -2580.168420 -0.665711 -530.826957
v -2660.987688 -4.291192 -459.761558
v -2732.776082 -3.325275 -354.983440
v -2722.272283 -2.544053 -269.109896
v -2712.095113 7.640240 -146.100188
v -2675.920854 7.639381 -70.219843
v -2680.984058 7.638573 70.906106
v -2809.379618 7.638547 164.299621
v -3049.056214 -10.719382 -45.069766
v -3169.944141 -10.715547 -214.249909
v -3198.887522 -10.714150 -355.399044
v -3281.415859 -10.716588 -487.265823
v -3254.858642 -10.706663 -685.152356
v -3239.109785 -1.359798 -869.146214
v -3166.209526 -10.707408 -998.376684
v -3072.157774 -10.712149 -1098.957629
v -2959.531817 -10.716888 -1187.225546
v -2784.824995 -10.716568 -1223.385814
v -2601.295194 -10.716250 -1270.091703
v -2375.921014 -10.716252 -1228.020224
v -2455.605906 -15.853511 -1001.472379
v -2536.242438 -18.494373 -844.992370
v -2585.608573 -19.521084 -778.039723
v -2649.928618 -19.648309 -723.273744
v -2634.592462 -20.762932 -636.018316
v -2635.115953 -17.470387 -548.729275
v -2700.853307 -20.427741 -490.947425
v -2759.466599 -19.649007 -405.199561
v -2750.836508 -19.010557 -335.054328
v -2742.473458 -10.711693 -234.655376
v -2712.947882 -10.715552 -173.044743
v -2717.017955 -10.719367 -58.280388
v -2821.618969 -10.719388 17.804748
vt 0.000000 0.585132
vt 1.000000 0.872956
vt 1.000000 0.951961
vt 0.014380 0.579139
vt 0.019532 0.518723
vt 0.038322 0.454176
vt 0.070448 0.402022
vt 0.106817 0.365876
vt 0.152278 0.360712
vt 0.198649 0.386015
vt 0.227441 0.423710
vt 0.244413 0.461922
vt 0.258961 0.447463
vt 0.254718 0.407186
vt 0.244110 0.361229
vt 0.243201 0.305460
vt 0.253505 0.230586
vt 0.275630 0.190309
vt 0.292602 0.177399
vt 0.285934 0.130926
vt 0.289874 0.078255
vt 0.305634 0.036945
vt 0.331395 0.020938
vt 0.356247 0.026618
vt 0.369886 0.061731
vt 0.372310 0.090648
vt 0.362915 0.120082
vt 0.345640 0.136606
vt 0.323515 0.141769
vt 0.325637 0.163974
vt 0.357763 0.160875
vt 0.383221 0.166555
vt 0.400496 0.183596
vt 0.398678 0.223873
vt 0.400193 0.264667
vt 0.420802 0.281191
vt 0.445048 0.276027
vt 0.465657 0.246077
vt 0.491116 0.256921
vt 0.514452 0.245561
vt 0.530818 0.208382
vt 0.549306 0.167588
vt 0.570218 0.135057
vt 0.594464 0.113369
vt 0.629621 0.097878
vt 0.664474 0.094779
vt 0.700843 0.108722
vt 0.731454 0.142802
vt 0.750547 0.177399
vt 0.777218 0.193407
vt 0.796311 0.229553
vt 0.804798 0.285838
vt 0.800858 0.343156
vt 0.787219 0.403571
vt 0.759640 0.452111
vt 0.762367 0.519239
vt 0.769035 0.575008
vt 0.779339 0.612703
vt 0.806616 0.600827
vt 0.839348 0.582753
vt 0.873899 0.583786
vt 0.909055 0.602376
vt 0.938756 0.644202
vt 0.966639 0.676217
vt 0.988461 0.715978
vt 0.993007 0.768132
vt 0.983611 0.826999
vt 0.968458 0.851785
vt 0.944515 0.918397
vt 0.906631 0.940085
vt 0.868746 0.957125
vt 0.840560 0.948863
vt 0.812374 0.930790
vt 0.776006 0.931306
vt 0.738727 0.931306
vt 0.705692 0.909619
vt 0.686902 0.853850
vt 0.682052 0.792402
vt 0.694175 0.735600
vt 0.715616 0.693854
vt 0.744557 0.662063
vt 0.727051 0.600373
vt 0.723680 0.532260
vt 0.727051 0.481381
vt 0.705377 0.483843
vt 0.685147 0.505179
vt 0.654321 0.551135
vt 0.631230 0.563105
vt 0.597741 0.555821
vt 0.561402 0.510903
vt 0.547864 0.441705
vt 0.542164 0.411356
vt 0.515088 0.379792
vt 0.516513 0.315450
vt 0.480887 0.319092
vt 0.506538 0.413784
vt 0.498700 0.497549
vt 0.516513 0.572817
vt 0.501550 0.643228
vt 0.465924 0.701500
vt 0.424597 0.705142
vt 0.380421 0.660224
vt 0.356195 0.616521
vt 0.317006 0.599525
vt 0.296343 0.575245
vt 0.278530 0.541253
vt 0.258579 0.564319
vt 0.263566 0.618949
vt 0.253591 0.672364
vt 0.257866 0.728208
vt 0.247178 0.768270
vt 0.209415 0.813187
vt 0.155975 0.831397
vt 0.091135 0.847179
vt 0.064059 0.816830
vt 0.041971 0.767056
vt 0.021308 0.706356
vt 0.012045 0.632302
vt 0.250163 0.456207
vt 0.268196 0.553199
vt 0.272575 0.548137
vt 0.247495 0.458858
vt 0.971171 0.934522
vt 0.984690 0.862680
vt 0.701124 0.157124
vt 0.621861 0.124608
vt 0.618398 0.123187
vt 0.729723 0.183411
vt 0.546577 0.236286
vt 0.754300 0.242450
vt 0.691130 0.261843
vt 0.621057 0.283356
vt 0.572266 0.298334
vt 0.586965 0.151919
vt 0.559068 0.199737
vt 0.552187 0.273788
vt 0.597685 0.308008
vt 0.666982 0.253473
vt 0.643180 0.257345
vt 0.711537 0.274466
vt 0.736382 0.276364
vt 0.751711 0.254943
vt 0.751788 0.216820
vt 0.663327 0.126396
vt 0.624011 0.213931
vt 0.571370 0.229129
vt 0.580292 0.247260
vt 0.599562 0.245120
vt 0.620546 0.230443
vt 0.610038 0.196308
vt 0.583806 0.202165
vt 0.621057 0.283356
vt 0.597685 0.308008
vt 0.572266 0.298334
vt 0.754300 0.242450
vt 0.751711 0.254943
vt 0.736382 0.276364
vt 0.711537 0.274466
vt 0.691130 0.261843
vt 0.552187 0.273788
vt 0.546577 0.236286
vt 0.571370 0.229129
vt 0.580292 0.247260
vt 0.599562 0.245120
vt 0.620546 0.230443
vt 0.624011 0.213931
vt 0.729723 0.183411
vt 0.751788 0.216820
vt 0.666982 0.253473
vt 0.643180 0.257345
vt 0.559068 0.199737
vt 0.586965 0.151919
vt 0.618398 0.123187
vt 0.621861 0.124608
vt 0.701124 0.157124
vt 0.610038 0.196308
vt 0.583806 0.202165
vt 0.663327 0.126396
vt 0.571370 0.229129
vt 0.583806 0.202165
vt 0.610038 0.196308
vt 0.624011 0.213931
vt 0.620546 0.230443
vt 0.599562 0.245120
vt 0.580292 0.247260
vt 0.571370 0.229129
vt 0.583806 0.202165
vt 0.610038 0.196308
vt 0.624011 0.213931
vt 0.620546 0.230443
vt 0.599562 0.245120
vt 0.580292 0.247260
vt 0.597685 0.308008
vt 0.621057 0.283356
vt 0.643180 0.257345
vt 0.666982 0.253473
vt 0.691130 0.261843
vt 0.711537 0.274466
vt 0.736383 0.276364
vt 0.751711 0.254943
vt 0.754300 0.242450
vt 0.751788 0.216820
vt 0.729723 0.183411
vt 0.701124 0.157124
vt 0.663327 0.126396
vt 0.621861 0.124608
vt 0.618398 0.123187
vt 0.586965 0.151919
vt 0.559068 0.199737
vt 0.546577 0.236286
vt 0.552187 0.273788
vt 0.572266 0.298334
vt 0.597685 0.308008
vt 0.621057 0.283356
vt 0.643180 0.257345
vt 0.666982 0.253473
vt 0.691130 0.261843
vt 0.711537 0.274466
vt 0.736382 0.276364
vt 0.751711 0.254943
vt 0.754300 0.242450
vt 0.751788 0.216820
vt 0.729723 0.183411
vt 0.701124 0.157124
vt 0.663327 0.126396
vt 0.621861 0.124608
vt 0.618398 0.123187
vt 0.586965 0.151919
vt 0.559068 0.199737
vt 0.546577 0.236286
vt 0.552187 0.273788
vt 0.572266 0.298334
vt 0.728714 0.362175
vt 0.568229 0.404484
vt 0.578762 0.425217
vt 0.694871 0.469192
vt 0.581811 0.428964
vt 0.678240 0.471791
vt 0.704479 0.351472
vt 0.671788 0.360185
vt 0.631575 0.354254
vt 0.605590 0.344448
vt 0.582585 0.337419
vt 0.562813 0.348950
vt 0.554375 0.379568
vt 0.736980 0.393480
vt 0.735954 0.439532
vt 0.712205 0.457931
vt 0.611220 0.458512
vt 0.643223 0.470451
vt 0.694871 0.469192
vt 0.678240 0.471791
vt 0.581811 0.428964
vt 0.578762 0.425217
vt 0.728714 0.362175
vt 0.736980 0.393480
vt 0.735954 0.439532
vt 0.712205 0.457931
vt 0.568229 0.404484
vt 0.554375 0.379568
vt 0.562813 0.348950
vt 0.582585 0.337419
vt 0.605590 0.344448
vt 0.631575 0.354254
vt 0.671788 0.360185
vt 0.704479 0.351472
vt 0.643223 0.470451
vt 0.611220 0.458512
vt 0.694871 0.469192
vt 0.712205 0.457931
vt 0.735954 0.439532
vt 0.736980 0.393480
vt 0.728714 0.362175
vt 0.704479 0.351472
vt 0.671788 0.360185
vt 0.631575 0.354254
vt 0.605590 0.344448
vt 0.582585 0.337419
vt 0.562813 0.348950
vt 0.554375 0.379568
vt 0.568229 0.404484
vt 0.578762 0.425217
vt 0.581811 0.428964
vt 0.611220 0.458512
vt 0.643223 0.470451
vt 0.678240 0.471791
vt 0.694871 0.469192
vt 0.712205 0.457931
vt 0.735954 0.439532
vt 0.736980 0.393480
vt 0.728714 0.362175
vt 0.704479 0.351472
vt 0.671788 0.360185
vt 0.631575 0.354254
vt 0.605590 0.344448
vt 0.582585 0.337419
vt 0.562813 0.348950
vt 0.554375 0.379568
vt 0.568229 0.404484
vt 0.578762 0.425217
vt 0.581811 0.428964
vt 0.611220 0.458512
vt 0.643223 0.470451
vt 0.678240 0.471791
vt 0.154630 0.687588
vt 0.138321 0.621830
vt 0.145183 0.534681
vt 0.126544 0.521341
vt 0.118899 0.493625
vt 0.135546 0.438514
vt 0.181379 0.737574
vt 0.148147 0.652331
vt 0.143464 0.579386
vt 0.115495 0.507576
vt 0.126062 0.459592
vt 0.131875 0.396928
vt 0.070448 0.402022
vt 0.106817 0.365876
vt 0.038322 0.454176
vt 0.064059 0.816830
vt 0.041971 0.767056
vt 0.138321 0.621830
vt 0.148147 0.652331
vt 0.154630 0.687588
vt 0.091135 0.847179
vt 0.021308 0.706356
vt 0.012045 0.632302
vt 0.145183 0.534681
vt 0.143464 0.579386
vt 0.126544 0.521341
vt 0.000000 0.585132
vt 0.014380 0.579139
vt 0.019532 0.518723
vt 0.118899 0.493625
vt 0.115495 0.507576
vt 0.135546 0.438514
vt 0.126062 0.459592
vt 0.131875 0.396928
vt 0.181379 0.737574
vt 0.209415 0.813187
vt 0.155975 0.831397
vt 0.070448 0.402022
vt 0.038322 0.454176
vt 0.019532 0.518723
vt 0.014380 0.579139
vt 0.000000 0.585132
vt 0.012045 0.632302
vt 0.021308 0.706356
vt 0.041971 0.767056
vt 0.064059 0.816830
vt 0.091135 0.847179
vt 0.155975 0.831397
vt 0.209415 0.813187
vt 0.181379 0.737574
vt 0.154630 0.687588
vt 0.148147 0.652331
vt 0.138321 0.621830
vt 0.143464 0.579386
vt 0.145183 0.534681
vt 0.126544 0.521341
vt 0.115495 0.507576
vt 0.118899 0.493625
vt 0.126062 0.459592
vt 0.135546 0.438514
vt 0.131875 0.396928
vt 0.106817 0.365876
vt 0.070448 0.402022
vt 0.038322 0.454176
vt 0.019532 0.518723
vt 0.014380 0.579139
vt 0.000000 0.585132
vt 0.012045 0.632302
vt 0.021308 0.706356
vt 0.041971 0.767056
vt 0.064059 0.816830
vt 0.091135 0.847179
vt 0.155975 0.831397
vt 0.209415 0.813187
vt 0.181379 0.737574
vt 0.154630 0.687588
vt 0.148147 0.652331
vt 0.138321 0.621830
vt 0.143464 0.579386
vt 0.145183 0.534681
vt 0.126544 0.521341
vt 0.115495 0.507576
vt 0.118899 0.493625
vt 0.126062 0.459592
vt 0.135546 0.438514
vt 0.131875 0.396928
vt 0.106817 0.365876
vn 0.000000 1.000000 0.000000
vn 0.000000 1.000000 0.000000
vn 0.000000 1.000000 0.000000
vn 0.000000 1.000000 0.000000
vn 0.000000 1.000000 0.000000
vn 0.000000 1.000000 0.000000
vn 0.000668 0.999851 -0.017247
vn 0.000000 1.000000 0.000000
vn 0.000000 1.000000 -0.000000
vn -0.004355 0.999976 -0.005311
vn -0.006504 0.999859 -0.015465
vn 0.000000 1.000000 0.000000
vn 0.000000 1.000000 0.000000
vn -0.003836 0.999987 -0.003252
vn 0.013723 0.998195 -0.058469
vn -0.013119 0.999914 -0.000328
vn 0.000000 1.000000 0.000000
vn 0.000000 1.000000 0.000000
vn 0.000000 1.000000 0.000000
vn 0.000000 1.000000 0.000000
vn 0.000000 1.000000 0.000000
vn 0.000000 1.000000 0.000000
vn 0.000000 1.000000 0.000000
vn 0.000000 1.000000 0.000000
vn 0.000000 1.000000 0.000000
vn 0.000000 1.000000 0.000000
vn 0.000000 1.000000 0.000000
vn 0.000000 1.000000 0.000000
vn 0.000000 1.000000 0.000000
vn 0.000000 1.000000 0.000000
vn 0.000000 1.000000 0.000000
vn 0.000000 1.000000 0.000000
vn 0.000000 1.000000 0.000000
vn 0.000000 1.000000 0.000000
vn 0.002689 0.999996 -0.000100
vn 0.000000 1.000000 0.000000
vn 0.004032 0.999832 -0.017891
vn -0.019216 0.999066 0.038691
vn 0.003484 0.999994 0.000392
vn 0.000000 1.000000 0.000000
vn 0.000000 1.000000 0.000000
vn 0.000000 1.000000 0.000000
vn 0.000000 1.000000 0.000000
vn 0.000000 1.000000 0.000000
vn 0.000000 1.000000 0.000000
vn 0.000000 1.000000 0.000000
vn 0.000000 1.000000 0.000000
vn 0.012493 0.999341 -0.034092
vn -0.002690 0.999818 -0.018882
vn 0.016350 0.998870 -0.044618
vn -0.023519 0.999077 0.035937
vn 0.022410 0.999402 -0.026335
vn -0.001257 0.999859 -0.016760
vn 0.018341 0.999759 -0.012067
vn 0.001219 0.999885 -0.015088
vn 0.015799 0.998456 -0.053260
vn 0.015003 0.996504 -0.082191
vn 0.002994 0.999972 0.006917
vn 0.010722 0.999935 -0.003986
vn 0.018821 0.999801 -0.006663
vn 0.002298 0.999972 0.007164
vn 0.006729 0.999952 0.007063
vn 0.000282 0.999943 0.010669
vn -0.006928 0.999890 0.013090
vn -0.023404 0.999070 0.036205
vn -0.014030 0.999759 0.016889
vn -0.028279 0.999280 0.025275
vn -0.028748 0.999268 0.025223
vn -0.283400 0.958994 -0.003803
vn -0.134049 0.990497 0.030763
vn 0.000000 1.000000 0.000000
vn 0.000000 1.000000 0.000000
vn 0.000000 1.000000 0.000000
vn 0.000000 1.000000 0.000000
vn 0.000000 1.000000 0.000000
vn 0.000000 1.000000 0.000000
vn 0.000000 1.000000 0.000000
vn 0.000000 1.000000 0.000000
vn 0.000000 1.000000 0.000000
vn 0.002644 0.999993 0.002728
vn 0.003208 0.999989 0.003290
vn 0.000159 1.000000 -0.000634
vn 0.000000 1.000000 0.000000
vn 0.000000 1.000000 0.000000
vn 0.008126 0.999828 0.016670
vn 0.000000 1.000000 0.000000
vn -0.000000 1.000000 0.000000
vn 0.000000 1.000000 0.000000
vn 0.000000 1.000000 0.000000
vn 0.000000 1.000000 0.000000
vn -0.001369 0.999999 -0.000242
vn 0.000000 1.000000 0.000000
vn 0.000000 1.000000 0.000000
vn 0.000000 1.000000 0.000000
vn -0.017668 0.999003 -0.041007
vn 0.000000 1.000000 0.000000
vn 0.000000 1.000000 0.000000
vn 0.000805 0.999999 0.001184
vn 0.000000 1.000000 0.000000
vn 0.000000 1.000000 0.000000
vn 0.000000 1.000000 0.000000
vn 0.013893 0.999759 0.016978
vn 0.013144 0.999604 0.024881
vn 0.002825 0.995109 0.098738
vn -0.005086 0.997643 0.068427
vn 0.006122 0.999494 0.031210
vn 0.000000 1.000000 0.000000
vn 0.000000 1.000000 0.000000
vn 0.000000 1.000000 0.000000
vn 0.000000 1.000000 0.000000
vn 0.000000 1.000000 0.000000
vn 0.000000 1.000000 0.000000
vn 0.010319 0.999457 -0.031306
vn 0.000000 1.000000 0.000000
vn -0.028771 0.996029 0.084252
vn -0.026916 0.998146 0.054585
vn -0.025506 0.995288 0.093546
vn -0.031176 0.994886 0.096070
vn 0.000000 1.000000 0.000000
vn 0.000000 1.000000 0.000000
vn 0.000000 1.000000 0.000000
vn 0.000000 1.000000 0.000000
vn 0.000000 1.000000 0.000000
vn 0.000000 1.000000 0.000000
vn -0.004941 0.999986 -0.001694
vn 0.000000 1.000000 0.000000
vn 0.133654 0.984102 -0.116958
vn -0.004196 0.999991 0.000509
vn -0.022658 0.999725 0.006019
vn -0.022995 0.999733 -0.002283
vn -0.021613 0.999765 0.001730
vn -0.108944 0.993937 0.014825
vn 0.002323 0.999514 0.031076
vn 0.018049 0.996414 0.082668
vn 0.035327 0.996894 0.070390
vn 0.007081 0.999948 -0.007300
vn -0.023975 0.999185 -0.032469
vn -0.022944 0.989751 -0.140951
vn -0.003111 0.998190 -0.060066
vn 0.034481 0.999392 -0.005119
vn 0.037556 0.998857 -0.029578
vn 0.113430 0.978739 -0.170893
vn 0.016237 0.999822 0.009642
vn -0.003319 0.999984 -0.004502
vn 0.087211 0.994884 0.050997
vn 0.072766 0.997305 -0.009385
vn 0.041700 0.997888 -0.049802
vn -0.002302 0.999873 -0.015800
vn -0.006707 0.999942 0.008480
vn -0.052158 0.998637 0.002140
vn -0.051840 0.998186 0.030614
vn 0.007026 0.999134 -0.041010
vn 0.000338 0.999845 0.017594
vn -0.004785 0.999747 -0.021959
vn 0.011425 0.995328 -0.095873
vn -0.027736 0.995469 -0.090953
vn -0.012755 0.999716 0.020132
vn 0.005548 0.999855 0.016094
vn 0.002088 0.999745 0.022465
vn -0.001799 0.999981 -0.005852
vn 0.007299 0.999961 -0.004995
vn -0.004689 0.999713 -0.023500
vn -0.003689 0.999896 -0.013940
vn -0.002897 0.999951 -0.009460
vn -0.021723 0.999755 -0.004290
vn -0.016127 0.999868 -0.002085
vn -0.005510 0.999984 -0.001112
vn -0.027277 0.999505 -0.015668
vn -0.017534 0.999502 0.026253
vn -0.044793 0.989296 0.138878
vn 0.011500 0.999585 0.026396
vn -0.030273 0.995938 0.084797
vn 0.020754 0.997778 0.063320
vn -0.042181 0.991826 0.120423
vn 0.009906 0.998788 0.048220
vn -0.022313 0.999624 0.015945
vn 0.007067 0.999829 0.017084
vn -0.011646 0.999927 -0.003107
vn 0.016912 0.999825 0.008052
vn 0.035442 0.999309 -0.011194
vn 0.002237 0.999954 0.009277
vn -0.010891 0.999900 -0.008983
vn -0.007178 0.999918 -0.010593
vn -0.001465 0.999966 0.008073
vn 0.003240 0.999995 0.000162
vn -0.005285 0.999903 -0.012888
vn 0.011192 0.999837 -0.014162
vn -0.028206 0.999594 -0.003982
vn -0.023091 0.997510 -0.066640
vn 0.004443 0.999680 -0.024910
vn -0.000492 0.999897 -0.014354
vn -0.003724 0.999767 -0.021270
vn 0.007500 0.999604 -0.027127
vn 0.027240 0.998991 -0.035695
vn 0.005210 0.999054 0.043163
vn 0.040324 0.998591 -0.034489
vn -0.008360 0.999681 0.023813
vn -0.209937 0.877382 -0.431424
vn -0.119100 0.992147 0.038194
vn 0.028333 0.984288 -0.174283
vn 0.101031 0.994685 0.019878
vn 0.081010 0.992851 -0.087660
vn -0.088917 0.985061 0.147473
vn 0.028811 0.980824 0.192753
vn -0.048855 0.703180 0.709332
vn -0.512220 0.309665 0.801085
vn 0.232283 0.840157 0.490083
vn -0.563779 0.757165 0.329930
vn -0.536930 0.840073 -0.077361
vn -0.293429 0.723071 0.625355
vn 0.098485 0.523347 0.846409
vn 0.325866 0.343404 0.880844
vn 0.388337 0.895020 0.219395
vn 0.454740 0.887048 -0.079737
vn -0.407168 -0.205521 -0.889930
vn -0.962774 -0.200660 0.181111
vn 0.126732 -0.174352 -0.976494
vn 0.614462 -0.127297 -0.778609
vn 0.926545 -0.112494 0.358970
vn -0.466926 0.829484 -0.306492
vn -0.373700 0.771516 -0.514889
vn 0.283459 0.346338 0.894260
vn -0.296267 0.355741 0.886382
vn 0.435208 0.830575 -0.347475
vn 0.335826 0.793569 -0.507414
vn 0.197124 0.753373 -0.627353
vn -0.033486 0.712687 -0.700683
vn -0.271335 0.720292 -0.638402
vn 0.180845 -0.098915 0.978525
vn -0.453850 -0.124866 0.882286
vn -0.113407 0.717097 -0.687685
vn -0.655561 -0.721298 0.223535
vn -0.406937 -0.572288 0.711961
vn 0.126538 -0.509620 0.851044
vn 0.821422 -0.549551 0.152513
vn 0.577500 -0.495164 -0.649082
vn 0.141916 -0.553199 -0.820872
vn -0.314451 -0.701007 -0.640085
vn -0.233067 0.590729 0.772476
vn -0.527551 0.302921 0.793680
vn -0.191362 0.383096 0.903669
vn 0.218573 0.374629 0.901043
vn 0.352086 0.340096 0.871992
vn 0.155616 0.498033 0.853080
vn -0.314212 0.714929 0.624618
vn -0.565675 0.728411 0.386560
vn -0.568661 0.821934 -0.032393
vn -0.439650 0.829203 -0.345153
vn -0.356891 0.774058 -0.522937
vn -0.262726 0.730988 -0.629787
vn -0.120581 0.729182 -0.673612
vn -0.024328 0.728321 -0.684804
vn 0.179627 0.764223 -0.619433
vn 0.329334 0.804838 -0.493736
vn 0.421511 0.835480 -0.352563
vn 0.443989 0.888405 -0.116661
vn 0.386102 0.903316 0.186936
vn 0.214763 0.845295 0.489238
vn 0.012581 0.999918 0.002414
vn 0.000519 0.999943 -0.010655
vn -0.068010 0.979431 -0.189974
vn -0.007793 0.999205 -0.039087
vn 0.000316 0.999589 -0.028663
vn 0.014359 0.999777 -0.015473
vn 0.003945 0.992606 -0.121319
vn -0.062851 0.997703 -0.025249
vn -0.035443 0.979636 0.197626
vn -0.027940 0.999456 0.017496
vn -0.033860 0.999421 0.003294
vn 0.009679 0.999100 0.041291
vn 0.027943 0.998551 0.045980
vn 0.182642 0.970542 0.157134
vn -0.059037 0.791594 0.608189
vn -0.213084 0.810812 0.545141
vn 0.453037 0.822141 0.344735
vn 0.400674 0.778896 0.482474
vn -0.397941 0.916695 -0.036248
vn -0.275382 0.877436 -0.392774
vn -0.383976 0.896777 0.219893
vn -0.306674 0.850386 0.427545
vn 0.456941 0.838795 0.296020
vn 0.402460 0.915229 -0.019514
vn 0.268959 0.911293 -0.311778
vn 0.069229 0.822702 -0.564242
vn -0.184197 0.663810 -0.724864
vn -0.221700 0.595173 -0.772411
vn 0.085953 0.592539 -0.800943
vn -0.062722 0.735390 -0.674735
vn 0.132019 0.761124 0.635029
vn 0.301311 0.778919 0.549996
vn -0.221472 0.801620 0.555298
vn -0.316708 0.838885 0.442683
vn -0.399043 0.885550 0.237837
vn -0.419872 0.907386 -0.018905
vn -0.283398 0.848537 -0.446846
vn 0.013390 0.672422 -0.740047
vn 0.049484 0.610170 -0.790724
vn -0.169272 0.614913 -0.770214
vn -0.260272 0.604058 -0.753241
vn 0.013090 0.770284 -0.637567
vn 0.298204 0.898082 -0.323301
vn 0.439454 0.895322 0.072660
vn 0.469859 0.826950 0.308847
vn 0.452100 0.815822 0.360611
vn 0.414761 0.763729 0.494663
vn 0.333276 0.760905 0.556732
vn 0.152364 0.742342 0.652467
vn -0.056547 0.766344 0.639937
vn 0.003474 0.999727 0.023110
vn 0.008209 0.999730 0.021746
vn 0.003801 0.999892 0.014197
vn -0.002019 0.999867 0.016194
vn 0.016576 0.999809 0.010336
vn 0.005167 0.999930 0.010638
vn 0.005154 0.999916 0.011900
vn 0.035316 0.999373 -0.002415
vn 0.004954 0.999498 0.031306
vn 0.034679 0.999311 -0.013245
vn 0.019534 0.999795 -0.005244
vn 0.010697 0.999488 0.030143
vn 0.005911 0.999654 0.025624
vn 0.021156 0.999771 -0.003195
vn 0.020765 0.999768 -0.005658
vn 0.015350 0.999871 -0.004766
vn 0.010426 0.999699 -0.022200
vn -0.004409 0.999989 0.001843
vn -0.009037 0.998784 -0.048471
vn -0.006476 0.999978 -0.001593
vn 0.000703 0.999592 0.028538
vn -0.012283 0.999686 0.021863
vn 0.053194 0.991133 -0.121764
vn -0.001010 0.992249 -0.124259
vn 0.065360 0.990848 -0.118101
vn 0.143395 0.985495 -0.090761
vn 0.151531 0.984807 -0.084817
vn 0.044280 0.989715 0.136025
vn 0.105419 0.986562 0.124827
vn 0.108433 0.986397 0.123545
vn 0.051267 0.989526 0.134947
vn -0.376995 0.872880 -0.309765
vn -0.365532 0.912965 -0.181332
vn -0.297357 0.943244 -0.147885
vn 0.033099 0.989729 0.139072
vn 0.032644 0.989754 0.139005
vn 0.147044 0.984164 0.098989
vn 0.206873 0.976898 0.053618
vn 0.205483 0.977072 0.055739
vn 0.157488 0.983344 0.090726
vn -0.278622 0.960325 0.012083
vn -0.252569 0.959485 -0.124893
vn -0.238203 0.952669 -0.188894
vn 0.201103 0.978364 0.048596
vn 0.201280 0.978382 0.047493
vn 0.178762 0.982618 -0.050066
vn 0.193225 0.979208 -0.061771
vn 0.188301 0.979766 -0.067831
vn 0.182032 0.982463 -0.040386
vn -0.403106 0.911482 -0.081888
vn -0.471087 0.881935 -0.016357
vn -0.948081 0.056938 0.312891
vn -0.495665 0.868197 0.023445
vn -0.125134 0.986539 -0.105277
vn -0.063196 0.994701 0.081093
vn -0.238087 0.968594 -0.071696
vn -0.004966 0.992453 0.122524
vn -0.001579 0.992288 0.123948
vn 0.090623 0.989744 -0.110426
vn 0.178235 0.981825 -0.065212
vn 0.173783 0.981053 -0.085639
vn 0.188848 0.981802 -0.020022
vn 0.201772 0.978427 0.044369
vn 0.202178 0.977464 0.060736
vn 0.183678 0.980503 0.069825
vn 0.116451 0.985907 0.120108
vn 0.066827 0.988925 0.132518
vn 0.031285 0.989826 0.138804
vn 0.005076 0.991923 0.126742
vn -0.104466 0.993437 0.046581
vn -0.270784 0.956225 -0.110952
vn -0.325390 0.924625 -0.197966
vn -0.430029 0.778919 -0.456465
vn -0.301650 0.953416 -0.002526
vn -0.278692 0.960318 0.010985
vn -0.257248 0.959968 -0.110841
vn -0.233957 0.952660 -0.194173
vn -0.274321 0.947913 -0.161894
vn -0.578131 0.814580 0.047162
vn -0.498670 0.866751 -0.008396
vn -0.942328 0.049347 0.331034
vn -0.239971 0.968209 -0.070607
vn -0.008672 0.992291 -0.123624
s 1
g pPlane1
usemtl lambert5SG
f 2536/3368/7571 2537/3369/7572 2657/3489/7573 2658/3490/7574
f 2658/3490/7574 2657/3489/7573 2603/3435/7575 2602/3434/7576
f 2542/3374/7577 2543/3375/7578 2544/3376/7579 2850/3682/7580
f 2571/3403/7581 2572/3404/7582 2573/3405/7583 2629/3461/7584
f 2545/3377/7585 2844/3676/7586 2850/3682/7580 2544/3376/7579
f 2557/3389/7587 2558/3390/7588 2559/3391/7589 2556/3388/7590
f 2555/3387/7591 2556/3388/7590 2559/3391/7589 2560/3392/7592
f 2555/3387/7591 2560/3392/7592 2561/3393/7593 2554/3386/7594
f 2554/3386/7594 2561/3393/7593 2562/3394/7595 2563/3395/7596
f 2553/3385/7597 2554/3386/7594 2563/3395/7596 2564/3396/7598
f 2634/3466/7599 2635/3467/7600 2633/3465/7601
f 2633/3465/7601 2635/3467/7600 2636/3468/7602 2632/3464/7603
f 2632/3464/7603 2636/3468/7602 2637/3469/7604 2631/3463/7605
f 2631/3463/7605 2637/3469/7604 2638/3470/7606 2639/3471/7607
f 2639/3471/7607 2640/3472/7608 2631/3463/7605
f 2630/3462/7609 2631/3463/7605 2640/3472/7608 2629/3461/7584
f 2566/3398/7610 2567/3399/7611 2568/3400/7612 2565/3397/7613
f 2564/3396/7598 2565/3397/7613 2568/3400/7612 2553/3385/7597
f 2553/3385/7597 2568/3400/7612 2569/3401/7614 2552/3384/7615
f 2551/3383/7616 2552/3384/7615 2569/3401/7614 2550/3382/7617
f 2549/3381/7618 2550/3382/7617 2569/3401/7614 2570/3402/7619
f 2548/3380/7620 2549/3381/7618 2570/3402/7619 2547/3379/7621
f 2851/3683/7622 2852/3684/7623 2853/3685/7624
f 2545/3377/7585 2546/3378/7625 2843/3675/7626 2849/3681/7627
f 2849/3681/7627 2844/3676/7586 2545/3377/7585
f 2842/3674/7628 2848/3680/7629 2843/3675/7626 2546/3378/7625
f 2841/3673/7630 2842/3674/7628 2546/3378/7625
f 2840/3672/7631 2847/3679/7632 2546/3378/7625 2846/3678/7633
f 2847/3679/7632 2841/3673/7630 2546/3378/7625
f 2839/3671/7634 2846/3678/7633 2546/3378/7625
f 2646/3478/7635 2845/3677/7636 2546/3378/7625
f 2845/3677/7636 2839/3671/7634 2546/3378/7625
f 2645/3477/7637 2646/3478/7635 2546/3378/7625 2644/3476/7638
f 2643/3475/7639 2644/3476/7638 2546/3378/7625 2641/3473/7640
f 2605/3437/7641 2606/3438/7642 2604/3436/7643
f 2622/3454/7644 2623/3455/7645 2621/3453/7646
f 2610/3442/7647 2611/3443/7648 2609/3441/7649
f 2608/3440/7650 2609/3441/7649 2611/3443/7648 2613/3445/7651
f 2626/3458/7652 2627/3459/7653 2628/3460/7654 2667/3499/7655
f 2603/3435/7575 2604/3436/7643 2602/3434/7576
f 2584/3416/7656 2585/3417/7657 2583/3415/7658
f 2594/3426/7659 2595/3427/7660 2593/3425/7661
f 2579/3411/7662 2580/3412/7663 2581/3413/7664 2659/3491/7665
f 2596/3428/7666 2597/3429/7667 2595/3427/7660
f 2593/3425/7661 2595/3427/7660 2597/3429/7667 2607/3439/7668
f 2624/3456/7669 2625/3457/7670 2623/3455/7645
f 2621/3453/7646 2623/3455/7645 2625/3457/7670 2620/3452/7671
f 2625/3457/7670 2626/3458/7652 2771/3603/7672 2783/3615/7673
f 2619/3451/7674 2620/3452/7671 2772/3604/7675
f 2620/3452/7671 2625/3457/7670 2783/3615/7673 2784/3616/7676
f 2620/3452/7671 2784/3616/7676 2772/3604/7675
f 2599/3431/7677 2600/3432/7678 2598/3430/7679
f 2576/3408/7680 2577/3409/7681 2578/3410/7682 2661/3493/7683
f 2612/3444/7684 2613/3445/7651 2611/3443/7648
f 2655/3487/7685 2654/3486/7686 2641/3473/7640 2546/3378/7625
f 2546/3378/7625 2656/3488/7687 2653/3485/7688 2655/3487/7685
f 2575/3407/7689 2576/3408/7680 2574/3406/7690
f 2582/3414/7691 2583/3415/7658 2581/3413/7664
f 2586/3418/7692 2587/3419/7693 2585/3417/7657
f 2588/3420/7694 2589/3421/7695 2587/3419/7693
f 2601/3433/7696 2602/3434/7576 2600/3432/7678
f 2614/3446/7697 2615/3447/7698 2613/3445/7651
f 2615/3447/7698 2616/3448/7699 2617/3449/7700 2591/3423/7701
f 2642/3474/7702 2643/3475/7639 2641/3473/7640
f 2640/3472/7608 2655/3487/7685 2653/3485/7688 2547/3379/7621
f 2640/3472/7608 2547/3379/7621 2629/3461/7584
f 2629/3461/7584 2547/3379/7621 2570/3402/7619 2571/3403/7581
f 2628/3460/7654 2629/3461/7584 2573/3405/7583 2574/3406/7690
f 2607/3439/7668 2608/3440/7650 2613/3445/7651 2615/3447/7698
f 2785/3617/7703 2786/3618/7704 2787/3619/7705 2788/3620/7706
f 2659/3491/7665 2581/3413/7664 2583/3415/7658 2662/3494/7707
f 2578/3410/7682 2579/3411/7662 2661/3493/7683
f 2659/3491/7665 2678/3510/7708 2579/3411/7662
f 2660/3492/7709 2661/3493/7683 2579/3411/7662 2678/3510/7708
f 2663/3495/7710 2574/3406/7690 2576/3408/7680 2669/3501/7711
f 2661/3493/7683 2668/3500/7712 2576/3408/7680
f 2576/3408/7680 2668/3500/7712 2669/3501/7711
f 2667/3499/7655 2628/3460/7654 2574/3406/7690 2670/3502/7713
f 2574/3406/7690 2663/3495/7710 2670/3502/7713
f 2767/3599/7714 2585/3417/7657 2587/3419/7693 2589/3421/7695
f 2768/3600/7715 2626/3458/7652 2779/3611/7716
f 2779/3611/7716 2626/3458/7652 2667/3499/7655 2778/3610/7717
f 2585/3417/7657 2767/3599/7714 2773/3605/7718 2675/3507/7719
f 2664/3496/7720 2585/3417/7657 2676/3508/7721
f 2778/3610/7717 2667/3499/7655 2777/3609/7722
f 2777/3609/7722 2667/3499/7655 2671/3503/7723 2776/3608/7724
f 2773/3605/7718 2774/3606/7725 2775/3607/7726 2776/3608/7724
f 2773/3605/7718 2776/3608/7724 2671/3503/7723 2666/3498/7727
f 2773/3605/7718 2666/3498/7727 2665/3497/7728 2674/3506/7729
f 2674/3506/7729 2675/3507/7719 2773/3605/7718
f 2675/3507/7719 2676/3508/7721 2585/3417/7657
f 2785/3617/7703 2788/3620/7706 2792/3624/7730
f 2788/3620/7706 2793/3625/7731 2789/3621/7732 2790/3622/7733
f 2788/3620/7706 2790/3622/7733 2791/3623/7734 2792/3624/7730
f 2589/3421/7695 2590/3422/7735 2618/3450/7736
f 2617/3449/7700 2618/3450/7736 2590/3422/7735 2591/3423/7701
f 2591/3423/7701 2592/3424/7737 2615/3447/7698
f 2607/3439/7668 2615/3447/7698 2592/3424/7737 2593/3425/7661
f 2597/3429/7667 2598/3430/7679 2607/3439/7668
f 2607/3439/7668 2598/3430/7679 2600/3432/7678 2602/3434/7576
f 2606/3438/7642 2607/3439/7668 2602/3434/7576 2604/3436/7643
f 2662/3494/7707 2583/3415/7658 2585/3417/7657 2677/3509/7738
f 2664/3496/7720 2677/3509/7738 2585/3417/7657
f 2687/3518/7739 2686/3519/7740 2688/3520/7741
f 2666/3498/7727 2673/3505/7742 2672/3504/7743 2665/3497/7728
f 2691/3523/7744 2692/3524/7745 2689/3522/7746
f 2693/3525/7747 2690/3521/7748 2689/3522/7746 2692/3524/7745
f 2687/3518/7739 2688/3520/7741 2694/3526/7749 2695/3527/7750
f 2690/3521/7748 2693/3525/7747 2703/3535/7751 2702/3534/7752
f 2701/3533/7753 2702/3534/7752 2703/3535/7751 2704/3536/7754
f 2701/3533/7753 2704/3536/7754 2700/3532/7755 2709/3541/7756
f 2700/3532/7755 2704/3536/7754 2699/3531/7757
f 2696/3528/7758 2697/3529/7759 2695/3527/7750
f 2695/3527/7750 2697/3529/7759 2687/3518/7739
f 2697/3529/7759 2698/3530/7760 2687/3518/7739
f 2704/3536/7754 2687/3518/7739 2698/3530/7760 2699/3531/7757
f 2709/3541/7756 2700/3532/7755 2708/3540/7761 2712/3544/7762
f 2707/3539/7763 2708/3540/7761 2700/3532/7755 2706/3538/7764
f 2700/3532/7755 2710/3542/7765 2706/3538/7764
f 2696/3528/7758 2695/3527/7750 2705/3537/7766 2711/3543/7767
f 2705/3537/7766 2706/3538/7764 2710/3542/7765 2711/3543/7767
f 2681/3513/7768 2680/3512/7769 2682/3514/7770
f 2680/3512/7769 2679/3511/7771 2683/3515/7772 2682/3514/7770
f 2680/3512/7769 2685/3517/7773 2684/3516/7774 2679/3511/7771
f 2666/3498/7727 2671/3503/7723 2727/3559/7775 2728/3560/7776
f 2671/3503/7723 2667/3499/7655 2746/3578/7777 2727/3559/7775
f 2664/3496/7720 2676/3508/7721 2734/3566/7778 2735/3567/7779
f 2676/3508/7721 2675/3507/7719 2733/3565/7780 2734/3566/7778
f 2675/3507/7719 2674/3506/7729 2732/3564/7781 2733/3565/7780
f 2674/3506/7729 2665/3497/7728 2731/3563/7782 2732/3564/7781
f 2667/3499/7655 2670/3502/7713 2745/3577/7783 2746/3578/7777
f 2670/3502/7713 2663/3495/7710 2744/3576/7784 2745/3577/7783
f 2680/3512/7769 2681/3513/7768 2719/3551/7785 2713/3545/7786
f 2681/3513/7768 2682/3514/7770 2718/3550/7787 2719/3551/7785
f 2682/3514/7770 2683/3515/7772 2717/3549/7788 2718/3550/7787
f 2683/3515/7772 2679/3511/7771 2716/3548/7789 2717/3549/7788
f 2662/3494/7707 2677/3509/7738 2736/3568/7790 2737/3569/7791
f 2677/3509/7738 2664/3496/7720 2735/3567/7779 2736/3568/7790
f 2665/3497/7728 2672/3504/7743 2730/3562/7792 2731/3563/7782
f 2672/3504/7743 2673/3505/7742 2729/3561/7793 2730/3562/7792
f 2673/3505/7742 2666/3498/7727 2728/3560/7776 2729/3561/7793
f 2663/3495/7710 2669/3501/7711 2743/3575/7794 2744/3576/7784
f 2669/3501/7711 2668/3500/7712 2742/3574/7795 2743/3575/7794
f 2668/3500/7712 2661/3493/7683 2741/3573/7796 2742/3574/7795
f 2661/3493/7683 2660/3492/7709 2740/3572/7797 2741/3573/7796
f 2659/3491/7665 2662/3494/7707 2737/3569/7791 2738/3570/7798
f 2679/3511/7771 2684/3516/7774 2715/3547/7799 2716/3548/7789
f 2684/3516/7774 2685/3517/7773 2714/3546/7800 2715/3547/7799
f 2685/3517/7773 2680/3512/7769 2713/3545/7786 2714/3546/7800
f 2660/3492/7709 2678/3510/7708 2739/3571/7801 2740/3572/7797
f 2678/3510/7708 2659/3491/7665 2738/3570/7798 2739/3571/7801
f 2714/3546/7800 2713/3545/7786 2720/3552/7802 2721/3553/7803
f 2715/3547/7799 2714/3546/7800 2721/3553/7803 2722/3554/7804
f 2716/3548/7789 2715/3547/7799 2722/3554/7804 2723/3555/7805
f 2717/3549/7788 2716/3548/7789 2723/3555/7805 2724/3556/7806
f 2718/3550/7787 2717/3549/7788 2724/3556/7806 2725/3557/7807
f 2719/3551/7785 2718/3550/7787 2725/3557/7807 2726/3558/7808
f 2713/3545/7786 2719/3551/7785 2726/3558/7808 2720/3552/7802
f 2721/3553/7803 2720/3552/7802 2696/3528/7758 2711/3543/7767
f 2722/3554/7804 2721/3553/7803 2711/3543/7767 2710/3542/7765
f 2723/3555/7805 2722/3554/7804 2710/3542/7765 2700/3532/7755
f 2724/3556/7806 2723/3555/7805 2700/3532/7755 2699/3531/7757
f 2725/3557/7807 2724/3556/7806 2699/3531/7757 2698/3530/7760
f 2726/3558/7808 2725/3557/7807 2698/3530/7760 2697/3529/7759
f 2720/3552/7802 2726/3558/7808 2697/3529/7759 2696/3528/7758
f 2728/3560/7776 2727/3559/7775 2747/3579/7809 2748/3580/7810
f 2729/3561/7793 2728/3560/7776 2748/3580/7810 2749/3581/7811
f 2730/3562/7792 2729/3561/7793 2749/3581/7811 2750/3582/7812
f 2731/3563/7782 2730/3562/7792 2750/3582/7812 2751/3583/7813
f 2732/3564/7781 2731/3563/7782 2751/3583/7813 2752/3584/7814
f 2733/3565/7780 2732/3564/7781 2752/3584/7814 2753/3585/7815
f 2734/3566/7778 2733/3565/7780 2753/3585/7815 2754/3586/7816
f 2735/3567/7779 2734/3566/7778 2754/3586/7816 2755/3587/7817
f 2736/3568/7790 2735/3567/7779 2755/3587/7817 2756/3588/7818
f 2737/3569/7791 2736/3568/7790 2756/3588/7818 2757/3589/7819
f 2738/3570/7798 2737/3569/7791 2757/3589/7819 2758/3590/7820
f 2739/3571/7801 2738/3570/7798 2758/3590/7820 2759/3591/7821
f 2740/3572/7797 2739/3571/7801 2759/3591/7821 2760/3592/7822
f 2741/3573/7796 2740/3572/7797 2760/3592/7822 2761/3593/7823
f 2742/3574/7795 2741/3573/7796 2761/3593/7823 2762/3594/7824
f 2743/3575/7794 2742/3574/7795 2762/3594/7824 2763/3595/7825
f 2744/3576/7784 2743/3575/7794 2763/3595/7825 2764/3596/7826
f 2745/3577/7783 2744/3576/7784 2764/3596/7826 2765/3597/7827
f 2746/3578/7777 2745/3577/7783 2765/3597/7827 2766/3598/7828
f 2727/3559/7775 2746/3578/7777 2766/3598/7828 2747/3579/7809
f 2748/3580/7810 2747/3579/7809 2686/3519/7740 2687/3518/7739
f 2749/3581/7811 2748/3580/7810 2687/3518/7739 2704/3536/7754
f 2750/3582/7812 2749/3581/7811 2704/3536/7754 2703/3535/7751
f 2751/3583/7813 2750/3582/7812 2703/3535/7751 2693/3525/7747
f 2752/3584/7814 2751/3583/7813 2693/3525/7747 2692/3524/7745
f 2753/3585/7815 2752/3584/7814 2692/3524/7745 2691/3523/7744
f 2754/3586/7816 2753/3585/7815 2691/3523/7744 2689/3522/7746
f 2755/3587/7817 2754/3586/7816 2689/3522/7746 2690/3521/7748
f 2756/3588/7818 2755/3587/7817 2690/3521/7748 2702/3534/7752
f 2757/3589/7819 2756/3588/7818 2702/3534/7752 2701/3533/7753
f 2758/3590/7820 2757/3589/7819 2701/3533/7753 2709/3541/7756
f 2759/3591/7821 2758/3590/7820 2709/3541/7756 2712/3544/7762
f 2760/3592/7822 2759/3591/7821 2712/3544/7762 2708/3540/7761
f 2761/3593/7823 2760/3592/7822 2708/3540/7761 2707/3539/7763
f 2762/3594/7824 2761/3593/7823 2707/3539/7763 2706/3538/7764
f 2763/3595/7825 2762/3594/7824 2706/3538/7764 2705/3537/7766
f 2764/3596/7826 2763/3595/7825 2705/3537/7766 2695/3527/7750
f 2765/3597/7827 2764/3596/7826 2695/3527/7750 2694/3526/7749
f 2766/3598/7828 2765/3597/7827 2694/3526/7749 2688/3520/7741
f 2747/3579/7809 2766/3598/7828 2688/3520/7741 2686/3519/7740
f 2789/3621/7732 2793/3625/7731 2794/3626/7829 2799/3631/7830
f 2797/3629/7831 2798/3630/7832 2796/3628/7833
f 2795/3627/7834 2796/3628/7833 2798/3630/7832 2794/3626/7829
f 2800/3632/7835 2789/3621/7732 2799/3631/7830
f 2794/3626/7829 2798/3630/7832 2799/3631/7830
f 2767/3599/7714 2589/3421/7695 2780/3612/7836
f 2770/3602/7837 2782/3614/7838 2618/3450/7736
f 2780/3612/7836 2589/3421/7695 2781/3613/7839
f 2589/3421/7695 2618/3450/7736 2782/3614/7838 2781/3613/7839
f 2619/3451/7674 2772/3604/7675 2770/3602/7837 2618/3450/7736
f 2786/3618/7704 2801/3633/7840 2802/3634/7841 2787/3619/7705
f 2769/3601/7842 2771/3603/7672 2626/3458/7652
f 2768/3600/7715 2769/3601/7842 2626/3458/7652
f 2770/3602/7837 2772/3604/7675 2820/3652/7843 2803/3635/7844
f 2771/3603/7672 2769/3601/7842 2816/3648/7845 2817/3649/7846
f 2767/3599/7714 2780/3612/7836 2806/3638/7847 2807/3639/7848
f 2780/3612/7836 2781/3613/7839 2805/3637/7849 2806/3638/7847
f 2781/3613/7839 2782/3614/7838 2804/3636/7850 2805/3637/7849
f 2782/3614/7838 2770/3602/7837 2803/3635/7844 2804/3636/7850
f 2769/3601/7842 2768/3600/7715 2815/3647/7851 2816/3648/7845
f 2768/3600/7715 2779/3611/7716 2814/3646/7852 2815/3647/7851
f 2779/3611/7716 2778/3610/7717 2813/3645/7853 2814/3646/7852
f 2778/3610/7717 2777/3609/7722 2812/3644/7854 2813/3645/7853
f 2777/3609/7722 2776/3608/7724 2811/3643/7855 2812/3644/7854
f 2776/3608/7724 2775/3607/7726 2810/3642/7856 2811/3643/7855
f 2775/3607/7726 2774/3606/7725 2809/3641/7857 2810/3642/7856
f 2774/3606/7725 2773/3605/7718 2808/3640/7858 2809/3641/7857
f 2773/3605/7718 2767/3599/7714 2807/3639/7848 2808/3640/7858
f 2772/3604/7675 2784/3616/7676 2819/3651/7859 2820/3652/7843
f 2784/3616/7676 2783/3615/7673 2818/3650/7860 2819/3651/7859
f 2783/3615/7673 2771/3603/7672 2817/3649/7846 2818/3650/7860
f 2804/3636/7850 2803/3635/7844 2821/3653/7861 2822/3654/7862
f 2805/3637/7849 2804/3636/7850 2822/3654/7862 2823/3655/7863
f 2806/3638/7847 2805/3637/7849 2823/3655/7863 2824/3656/7864
f 2807/3639/7848 2806/3638/7847 2824/3656/7864 2825/3657/7865
f 2808/3640/7858 2807/3639/7848 2825/3657/7865 2826/3658/7866
f 2809/3641/7857 2808/3640/7858 2826/3658/7866 2827/3659/7867
f 2810/3642/7856 2809/3641/7857 2827/3659/7867 2828/3660/7868
f 2811/3643/7855 2810/3642/7856 2828/3660/7868 2829/3661/7869
f 2812/3644/7854 2811/3643/7855 2829/3661/7869 2830/3662/7870
f 2813/3645/7853 2812/3644/7854 2830/3662/7870 2831/3663/7871
f 2814/3646/7852 2813/3645/7853 2831/3663/7871 2832/3664/7872
f 2815/3647/7851 2814/3646/7852 2832/3664/7872 2833/3665/7873
f 2816/3648/7845 2815/3647/7851 2833/3665/7873 2834/3666/7874
f 2817/3649/7846 2816/3648/7845 2834/3666/7874 2835/3667/7875
f 2818/3650/7860 2817/3649/7846 2835/3667/7875 2836/3668/7876
f 2819/3651/7859 2818/3650/7860 2836/3668/7876 2837/3669/7877
f 2820/3652/7843 2819/3651/7859 2837/3669/7877 2838/3670/7878
f 2803/3635/7844 2820/3652/7843 2838/3670/7878 2821/3653/7861
f 2822/3654/7862 2821/3653/7861 2785/3617/7703 2792/3624/7730
f 2823/3655/7863 2822/3654/7862 2792/3624/7730 2791/3623/7734
f 2824/3656/7864 2823/3655/7863 2791/3623/7734 2790/3622/7733
f 2825/3657/7865 2824/3656/7864 2790/3622/7733 2789/3621/7732
f 2826/3658/7866 2825/3657/7865 2789/3621/7732 2800/3632/7835
f 2827/3659/7867 2826/3658/7866 2800/3632/7835 2799/3631/7830
f 2828/3660/7868 2827/3659/7867 2799/3631/7830 2798/3630/7832
f 2829/3661/7869 2828/3660/7868 2798/3630/7832 2797/3629/7831
f 2830/3662/7870 2829/3661/7869 2797/3629/7831 2796/3628/7833
f 2831/3663/7871 2830/3662/7870 2796/3628/7833 2795/3627/7834
f 2832/3664/7872 2831/3663/7871 2795/3627/7834 2794/3626/7829
f 2833/3665/7873 2832/3664/7872 2794/3626/7829 2793/3625/7731
f 2834/3666/7874 2833/3665/7873 2793/3625/7731 2788/3620/7706
f 2835/3667/7875 2834/3666/7874 2788/3620/7706 2787/3619/7705
f 2836/3668/7876 2835/3667/7875 2787/3619/7705 2802/3634/7841
f 2837/3669/7877 2836/3668/7876 2802/3634/7841 2801/3633/7840
f 2838/3670/7878 2837/3669/7877 2801/3633/7840 2786/3618/7704
f 2821/3653/7861 2838/3670/7878 2786/3618/7704 2785/3617/7703
f 2859/3691/7879 2854/3686/7880 2858/3690/7881 2874/3705/7882
f 2858/3690/7881 2854/3686/7880 2855/3687/7883 2857/3689/7884
f 2856/3688/7885 2857/3689/7884 2855/3687/7883
f 2861/3693/7886 2862/3694/7887 2860/3692/7888
f 2855/3687/7883 2860/3692/7888 2862/3694/7887 2863/3695/7889
f 2863/3695/7889 2856/3688/7885 2855/3687/7883
f 2865/3697/7890 2864/3696/7891 2862/3694/7887 2861/3693/7886
f 2864/3696/7891 2865/3697/7890 2866/3698/7892 2867/3699/7893
f 2864/3696/7891 2867/3699/7893 2869/3701/7894
f 2868/3700/7895 2869/3701/7894 2867/3699/7893 2853/3685/7624
f 2870/3702/7896 2871/3703/7897 2853/3685/7624
f 2853/3685/7624 2871/3703/7897 2868/3700/7895
f 2852/3684/7623 2872/3704/7898 2870/3702/7896 2853/3685/7624
f 2875/3707/7899 2859/3691/7879 2874/3705/7882 2873/3706/7900
f 2541/3373/7901 2542/3374/7577 2900/3732/7902 2876/3708/7903
f 2540/3372/7904 2541/3373/7901 2876/3708/7903 2877/3709/7905
f 2649/3481/7906 2650/3482/7907 2883/3715/7908 2884/3716/7909
f 2840/3672/7631 2846/3678/7633 2890/3722/7910 2891/3723/7911
f 2846/3678/7633 2839/3671/7634 2889/3721/7912 2890/3722/7910
f 2648/3480/7913 2649/3481/7906 2884/3716/7909 2885/3717/7914
f 2651/3483/7915 2652/3484/7916 2881/3713/7917 2882/3714/7918
f 2841/3673/7630 2847/3679/7632 2892/3724/7919 2893/3725/7920
f 2847/3679/7632 2840/3672/7631 2891/3723/7911 2892/3724/7919
f 2650/3482/7907 2651/3483/7915 2882/3714/7918 2883/3715/7908
f 2842/3674/7628 2841/3673/7630 2893/3725/7920 2894/3726/7921
f 2652/3484/7916 2535/3367/7922 2880/3712/7923 2881/3713/7917
f 2538/3370/7924 2539/3371/7925 2878/3710/7926 2879/3711/7927
f 2843/3675/7626 2848/3680/7629 2895/3727/7928 2896/3728/7929
f 2848/3680/7629 2842/3674/7628 2894/3726/7921 2895/3727/7928
f 2535/3367/7922 2538/3370/7924 2879/3711/7927 2880/3712/7923
f 2844/3676/7586 2849/3681/7627 2897/3729/7930 2898/3730/7931
f 2849/3681/7627 2843/3675/7626 2896/3728/7929 2897/3729/7930
f 2539/3371/7925 2540/3372/7904 2877/3709/7905 2878/3710/7926
f 2542/3374/7577 2850/3682/7580 2899/3731/7932 2900/3732/7902
f 2850/3682/7580 2844/3676/7586 2898/3730/7931 2899/3731/7932
f 2845/3677/7636 2646/3478/7635 2887/3719/7933 2888/3720/7934
f 2646/3478/7635 2647/3479/7935 2886/3718/7936 2887/3719/7933
f 2647/3479/7935 2648/3480/7913 2885/3717/7914 2886/3718/7936
f 2839/3671/7634 2845/3677/7636 2888/3720/7934 2889/3721/7912
f 2877/3709/7905 2876/3708/7903 2901/3733/7937 2902/3734/7938
f 2878/3710/7926 2877/3709/7905 2902/3734/7938 2903/3735/7939
f 2879/3711/7927 2878/3710/7926 2903/3735/7939 2904/3736/7940
f 2880/3712/7923 2879/3711/7927 2904/3736/7940 2905/3737/7941
f 2881/3713/7917 2880/3712/7923 2905/3737/7941 2906/3738/7942
f 2882/3714/7918 2881/3713/7917 2906/3738/7942 2907/3739/7943
f 2883/3715/7908 2882/3714/7918 2907/3739/7943 2908/3740/7944
f 2884/3716/7909 2883/3715/7908 2908/3740/7944 2909/3741/7945
f 2885/3717/7914 2884/3716/7909 2909/3741/7945 2910/3742/7946
f 2886/3718/7936 2885/3717/7914 2910/3742/7946 2911/3743/7947
f 2887/3719/7933 2886/3718/7936 2911/3743/7947 2912/3744/7948
f 2888/3720/7934 2887/3719/7933 2912/3744/7948 2913/3745/7949
f 2889/3721/7912 2888/3720/7934 2913/3745/7949 2914/3746/7950
f 2890/3722/7910 2889/3721/7912 2914/3746/7950 2915/3747/7951
f 2891/3723/7911 2890/3722/7910 2915/3747/7951 2916/3748/7952
f 2892/3724/7919 2891/3723/7911 2916/3748/7952 2917/3749/7953
f 2893/3725/7920 2892/3724/7919 2917/3749/7953 2918/3750/7954
f 2894/3726/7921 2893/3725/7920 2918/3750/7954 2919/3751/7955
f 2895/3727/7928 2894/3726/7921 2919/3751/7955 2920/3752/7956
f 2896/3728/7929 2895/3727/7928 2920/3752/7956 2921/3753/7957
f 2897/3729/7930 2896/3728/7929 2921/3753/7957 2922/3754/7958
f 2898/3730/7931 2897/3729/7930 2922/3754/7958 2923/3755/7959
f 2899/3731/7932 2898/3730/7931 2923/3755/7959 2924/3756/7960
f 2900/3732/7902 2899/3731/7932 2924/3756/7960 2925/3757/7961
f 2876/3708/7903 2900/3732/7902 2925/3757/7961 2901/3733/7937
f 2902/3734/7938 2901/3733/7937 2851/3683/7622 2853/3685/7624
f 2903/3735/7939 2902/3734/7938 2853/3685/7624 2867/3699/7893
f 2904/3736/7940 2903/3735/7939 2867/3699/7893 2866/3698/7892
f 2905/3737/7941 2904/3736/7940 2866/3698/7892 2865/3697/7890
f 2906/3738/7942 2905/3737/7941 2865/3697/7890 2861/3693/7886
f 2907/3739/7943 2906/3738/7942 2861/3693/7886 2860/3692/7888
f 2908/3740/7944 2907/3739/7943 2860/3692/7888 2855/3687/7883
f 2909/3741/7945 2908/3740/7944 2855/3687/7883 2854/3686/7880
f 2910/3742/7946 2909/3741/7945 2854/3686/7880 2859/3691/7879
f 2911/3743/7947 2910/3742/7946 2859/3691/7879 2875/3707/7899
f 2912/3744/7948 2911/3743/7947 2875/3707/7899 2873/3706/7900
f 2913/3745/7949 2912/3744/7948 2873/3706/7900 2874/3705/7882
f 2914/3746/7950 2913/3745/7949 2874/3705/7882 2858/3690/7881
f 2915/3747/7951 2914/3746/7950 2858/3690/7881 2857/3689/7884
f 2916/3748/7952 2915/3747/7951 2857/3689/7884 2856/3688/7885
f 2917/3749/7953 2916/3748/7952 2856/3688/7885 2863/3695/7889
f 2918/3750/7954 2917/3749/7953 2863/3695/7889 2862/3694/7887
f 2919/3751/7955 2918/3750/7954 2862/3694/7887 2864/3696/7891
f 2920/3752/7956 2919/3751/7955 2864/3696/7891 2869/3701/7894
f 2921/3753/7957 2920/3752/7956 2869/3701/7894 2868/3700/7895
f 2922/3754/7958 2921/3753/7957 2868/3700/7895 2871/3703/7897
f 2923/3755/7959 2922/3754/7958 2871/3703/7897 2870/3702/7896
f 2924/3756/7960 2923/3755/7959 2870/3702/7896 2872/3704/7898
f 2925/3757/7961 2924/3756/7960 2872/3704/7898 2852/3684/7623
f 2901/3733/7937 2925/3757/7961 2852/3684/7623 2851/3683/7622
g default
v 563.757446 -2.261419 964.668091
v 550.632324 -2.261419 961.672363
v 540.106812 -2.261419 970.066223
v 540.106812 -2.261419 983.528870
v 550.632324 -2.261419 991.922729
v 563.757446 -2.261419 988.927002
v 569.598694 -2.261419 976.797546
v 567.762878 51.243462 962.021362
v 551.049255 55.869980 955.668884
v 536.448425 62.075481 965.124695
v 534.955200 65.187111 983.268372
v 547.693909 62.861740 996.437317
v 565.072083 56.850418 994.715088
v 574.003662 51.679802 979.398560
v 554.084534 -2.261419 976.797546
v 554.084534 87.337761 976.797546
v 547.116150 -1.357593 982.849060
v 540.317566 -1.815638 978.574829
v 532.902222 -3.608806 981.123901
v 530.454102 -5.386806 988.576782
v 534.816650 -5.810766 995.321289
v 542.704773 -4.561437 996.278748
v 548.178589 -2.579588 990.728027
v 543.538574 34.148865 987.235901
v 534.211792 33.520485 981.372192
v 524.038940 31.060495 984.869202
v 520.680420 28.621313 995.093567
v 526.665222 28.039694 1004.346191
v 537.486755 29.753611 1005.659668
v 544.996094 32.472446 998.044861
v 539.498596 -3.588662 987.636108
v 530.151672 48.294418 996.943298
v 571.374939 -4.409107 977.221802
v 564.068604 -1.045886 977.139587
v 558.635437 -0.709863 983.061401
v 559.166687 -3.654070 990.527954
v 565.262268 -7.661459 993.916870
v 572.332214 -9.714384 990.676086
v 575.052551 -8.266952 983.246155
v 580.580383 17.577190 986.767639
v 574.557312 20.349710 986.699829
v 570.078369 20.626715 991.581604
v 570.516296 18.199615 997.736755
v 575.541321 14.896066 1000.530396
v 581.369446 13.203707 997.858887
v 583.612061 14.396918 991.733826
v 566.556091 -5.065960 985.112854
v 581.601135 27.909748 997.045349
vt 0.597420 0.034089
vt 0.465231 0.003918
vt 0.359224 0.088456
vt 0.359224 0.224044
vt 0.465231 0.308582
vt 0.597420 0.278411
vt 0.656250 0.156250
vt 0.375000 0.312500
vt 0.410714 0.312500
vt 0.446429 0.312500
vt 0.482143 0.312500
vt 0.517857 0.312500
vt 0.553571 0.312500
vt 0.589286 0.312500
vt 0.625000 0.312500
vt 0.375000 0.687500
vt 0.410714 0.687500
vt 0.446429 0.687500
vt 0.482143 0.687500
vt 0.517857 0.687500
vt 0.553571 0.687500
vt 0.589286 0.687500
vt 0.625000 0.687500
vt 0.597420 0.721589
vt 0.465231 0.691418
vt 0.359224 0.775956
vt 0.359224 0.911544
vt 0.465231 0.996082
vt 0.597420 0.965911
vt 0.656250 0.843750
vt 0.500000 0.156250
vt 0.500000 0.843750
vt 0.375000 0.312500
vt 0.410714 0.312500
vt 0.410714 0.687500
vt 0.375000 0.687500
vt 0.446429 0.312500
vt 0.446429 0.687500
vt 0.482143 0.312500
vt 0.482143 0.687500
vt 0.517857 0.312500
vt 0.517857 0.687500
vt 0.553571 0.312500
vt 0.553571 0.687500
vt 0.589286 0.312500
vt 0.589286 0.687500
vt 0.625000 0.312500
vt 0.625000 0.687500
vt 0.465231 0.003918
vt 0.597420 0.034089
vt 0.500000 0.156250
vt 0.359224 0.088456
vt 0.359224 0.224044
vt 0.465231 0.308582
vt 0.597420 0.278411
vt 0.656250 0.156250
vt 0.597420 0.965911
vt 0.465231 0.996082
vt 0.500000 0.843750
vt 0.359224 0.911544
vt 0.359224 0.775956
vt 0.465231 0.691418
vt 0.597420 0.721589
vt 0.656250 0.843750
vt 0.375000 0.312500
vt 0.410714 0.312500
vt 0.410714 0.687500
vt 0.375000 0.687500
vt 0.446429 0.312500
vt 0.446429 0.687500
vt 0.482143 0.312500
vt 0.482143 0.687500
vt 0.517857 0.312500
vt 0.517857 0.687500
vt 0.553571 0.312500
vt 0.553571 0.687500
vt 0.589286 0.312500
vt 0.589286 0.687500
vt 0.625000 0.312500
vt 0.625000 0.687500
vt 0.465231 0.003918
vt 0.597420 0.034089
vt 0.500000 0.156250
vt 0.359224 0.088456
vt 0.359224 0.224044
vt 0.465231 0.308582
vt 0.597420 0.278411
vt 0.656250 0.156250
vt 0.597420 0.965911
vt 0.465231 0.996082
vt 0.500000 0.843750
vt 0.359224 0.911544
vt 0.359224 0.775956
vt 0.465231 0.691418
vt 0.597420 0.721589
vt 0.656250 0.843750
vn 0.285808 -0.085281 -0.954485
vn 0.285808 -0.085281 -0.954485
vn 0.285808 -0.085281 -0.954485
vn 0.285808 -0.085281 -0.954485
vn -0.591163 -0.087305 -0.801813
vn -0.591163 -0.087305 -0.801813
vn -0.591163 -0.087305 -0.801813
vn -0.591163 -0.087305 -0.801813
vn -0.996852 -0.068235 -0.040378
vn -0.996852 -0.068235 -0.040378
vn -0.996852 -0.068235 -0.040378
vn -0.996852 -0.068235 -0.040378
vn -0.681827 -0.064988 0.728621
vn -0.681827 -0.064988 0.728621
vn -0.681827 -0.064988 0.728621
vn -0.681827 -0.064988 0.728621
vn 0.136929 -0.080090 0.987338
vn 0.136929 -0.080090 0.987338
vn 0.136929 -0.080090 0.987338
vn 0.136929 -0.080090 0.987338
vn 0.871358 -0.080004 0.484081
vn 0.871359 -0.080004 0.484081
vn 0.871358 -0.080004 0.484081
vn 0.871359 -0.080004 0.484081
vn 0.923368 -0.072438 -0.377019
vn 0.923368 -0.072438 -0.377019
vn 0.923368 -0.072438 -0.377019
vn 0.923369 -0.072438 -0.377019
vn 0.000000 -1.000000 -0.000000
vn 0.000000 -1.000000 -0.000000
vn 0.000000 -1.000000 -0.000000
vn 0.000000 -1.000000 -0.000000
vn 0.000000 -1.000000 0.000000
vn 0.000000 -1.000000 0.000000
vn 0.000000 -1.000000 0.000000
vn 0.000000 -1.000000 0.000000
vn 0.683626 0.483042 -0.547108
vn 0.172971 0.537483 -0.825345
vn 0.214756 0.972445 -0.090720
vn -0.506206 0.627000 -0.592137
vn -0.703461 0.673679 0.226495
vn -0.048508 0.632776 0.772814
vn 0.657877 0.543498 0.521352
vn 0.873548 0.484867 -0.042645
vn 0.518178 0.156104 -0.840906
vn 0.518178 0.156104 -0.840906
vn 0.518178 0.156104 -0.840906
vn 0.518178 0.156104 -0.840906
vn -0.328911 0.017915 -0.944191
vn -0.328911 0.017915 -0.944191
vn -0.328911 0.017915 -0.944191
vn -0.328911 0.017915 -0.944191
vn -0.916609 -0.196737 -0.348026
vn -0.916609 -0.196737 -0.348026
vn -0.916609 -0.196737 -0.348026
vn -0.916609 -0.196737 -0.348026
vn -0.802914 -0.326340 0.498831
vn -0.802914 -0.326340 0.498831
vn -0.802914 -0.326340 0.498831
vn -0.802914 -0.326340 0.498831
vn -0.073134 -0.273326 0.959137
vn -0.073134 -0.273326 0.959137
vn -0.073134 -0.273326 0.959137
vn -0.073134 -0.273326 0.959137
vn 0.723580 -0.077477 0.685879
vn 0.723580 -0.077477 0.685879
vn 0.723580 -0.077477 0.685879
vn 0.723580 -0.077477 0.685879
vn 0.986788 0.113689 -0.115431
vn 0.986788 0.113689 -0.115431
vn 0.986788 0.113689 -0.115431
vn 0.986788 0.113689 -0.115431
vn 0.174601 -0.969169 -0.173858
vn 0.174601 -0.969169 -0.173858
vn 0.174601 -0.969169 -0.173858
vn 0.174602 -0.969169 -0.173858
vn 0.174602 -0.969169 -0.173858
vn 0.174600 -0.969169 -0.173858
vn 0.174599 -0.969169 -0.173856
vn 0.174602 -0.969169 -0.173857
vn 0.567651 0.757873 -0.321560
vn -0.032284 0.720834 -0.692355
vn -0.171557 0.969517 0.174941
vn -0.679136 0.567247 -0.465838
vn -0.892377 0.412376 0.183330
vn -0.513793 0.371138 0.773481
vn 0.179147 0.475721 0.861160
vn 0.663642 0.648583 0.372719
vn 0.164285 0.334168 -0.928085
vn 0.164285 0.334168 -0.928085
vn 0.164285 0.334168 -0.928085
vn 0.164285 0.334168 -0.928085
vn -0.598286 0.552575 -0.580271
vn -0.598286 0.552575 -0.580271
vn -0.598286 0.552575 -0.580271
vn -0.598286 0.552575 -0.580271
vn -0.893653 0.392135 0.218209
vn -0.893653 0.392135 0.218209
vn -0.893653 0.392135 0.218209
vn -0.893653 0.392135 0.218209
vn -0.499032 -0.026557 0.866177
vn -0.499032 -0.026557 0.866177
vn -0.499032 -0.026557 0.866177
vn -0.499031 -0.026557 0.866177
vn 0.288547 -0.388096 0.875284
vn 0.288547 -0.388096 0.875284
vn 0.288547 -0.388096 0.875284
vn 0.288547 -0.388096 0.875284
vn 0.875531 -0.420065 0.238729
vn 0.875531 -0.420064 0.238729
vn 0.875531 -0.420064 0.238729
vn 0.875531 -0.420065 0.238729
vn 0.820043 -0.098587 -0.563746
vn 0.820043 -0.098587 -0.563746
vn 0.820043 -0.098587 -0.563746
vn 0.820043 -0.098587 -0.563746
vn -0.394269 -0.864159 -0.312701
vn -0.394273 -0.864156 -0.312703
vn -0.394269 -0.864158 -0.312702
vn -0.394268 -0.864159 -0.312702
vn -0.394268 -0.864159 -0.312702
vn -0.394267 -0.864160 -0.312700
vn -0.394272 -0.864157 -0.312701
vn -0.394267 -0.864158 -0.312705
vn 0.649117 0.503259 -0.570418
vn -0.029325 0.816455 -0.576665
vn 0.395657 0.865123 0.308250
vn -0.526097 0.850095 -0.023659
vn -0.469546 0.583216 0.662862
vn 0.089166 0.218704 0.971709
vn 0.735500 0.025868 0.677030
vn 0.988614 0.150262 -0.007993
s off
g crystal_1
usemtl lambert4SG
f 2926/3765/7962 2927/3766/7963 2934/3774/7964 2933/3773/7965
f 2927/3766/7966 2928/3767/7967 2935/3775/7968 2934/3774/7969
f 2928/3767/7970 2929/3768/7971 2936/3776/7972 2935/3775/7973
f 2929/3768/7974 2930/3769/7975 2937/3777/7976 2936/3776/7977
f 2930/3769/7978 2931/3770/7979 2938/3778/7980 2937/3777/7981
f 2931/3770/7982 2932/3771/7983 2939/3779/7984 2938/3778/7985
f 2932/3771/7986 2926/3772/7987 2933/3780/7988 2939/3779/7989
s 1
f 2927/3759/7990 2926/3758/7991 2940/3788/7992
f 2928/3760/7993 2927/3759/7990 2940/3788/7992
f 2929/3761/7994 2928/3760/7993 2940/3788/7992
f 2930/3762/7995 2929/3761/7994 2940/3788/7992
f 2931/3763/7996 2930/3762/7995 2940/3788/7992
f 2932/3764/7997 2931/3763/7996 2940/3788/7992
f 2926/3758/7991 2932/3764/7997 2940/3788/7992
s 2
f 2933/3786/7998 2934/3785/7999 2941/3789/8000
f 2934/3785/7999 2935/3784/8001 2941/3789/8000
f 2935/3784/8001 2936/3783/8002 2941/3789/8000
f 2936/3783/8002 2937/3782/8003 2941/3789/8000
f 2937/3782/8003 2938/3781/8004 2941/3789/8000
f 2938/3781/8004 2939/3787/8005 2941/3789/8000
f 2939/3787/8005 2933/3786/7998 2941/3789/8000
s off
f 2942/3790/8006 2943/3791/8007 2950/3792/8008 2949/3793/8009
f 2943/3791/8010 2944/3794/8011 2951/3795/8012 2950/3792/8013
f 2944/3794/8014 2945/3796/8015 2952/3797/8016 2951/3795/8017
f 2945/3796/8018 2946/3798/8019 2953/3799/8020 2952/3797/8021
f 2946/3798/8022 2947/3800/8023 2954/3801/8024 2953/3799/8025
f 2947/3800/8026 2948/3802/8027 2955/3803/8028 2954/3801/8029
f 2948/3802/8030 2942/3804/8031 2949/3805/8032 2955/3803/8033
s 3
f 2943/3806/8034 2942/3807/8035 2956/3808/8036
f 2944/3809/8037 2943/3806/8034 2956/3808/8036
f 2945/3810/8038 2944/3809/8037 2956/3808/8036
f 2946/3811/8039 2945/3810/8038 2956/3808/8036
f 2947/3812/8040 2946/3811/8039 2956/3808/8036
f 2948/3813/8041 2947/3812/8040 2956/3808/8036
f 2942/3807/8035 2948/3813/8041 2956/3808/8036
s 4
f 2949/3814/8042 2950/3815/8043 2957/3816/8044
f 2950/3815/8043 2951/3817/8045 2957/3816/8044
f 2951/3817/8045 2952/3818/8046 2957/3816/8044
f 2952/3818/8046 2953/3819/8047 2957/3816/8044
f 2953/3819/8047 2954/3820/8048 2957/3816/8044
f 2954/3820/8048 2955/3821/8049 2957/3816/8044
f 2955/3821/8049 2949/3814/8042 2957/3816/8044
s off
f 2958/3822/8050 2959/3823/8051 2966/3824/8052 2965/3825/8053
f 2959/3823/8054 2960/3826/8055 2967/3827/8056 2966/3824/8057
f 2960/3826/8058 2961/3828/8059 2968/3829/8060 2967/3827/8061
f 2961/3828/8062 2962/3830/8063 2969/3831/8064 2968/3829/8065
f 2962/3830/8066 2963/3832/8067 2970/3833/8068 2969/3831/8069
f 2963/3832/8070 2964/3834/8071 2971/3835/8072 2970/3833/8073
f 2964/3834/8074 2958/3836/8075 2965/3837/8076 2971/3835/8077
s 5
f 2959/3838/8078 2958/3839/8079 2972/3840/8080
f 2960/3841/8081 2959/3838/8078 2972/3840/8080
f 2961/3842/8082 2960/3841/8081 2972/3840/8080
f 2962/3843/8083 2961/3842/8082 2972/3840/8080
f 2963/3844/8084 2962/3843/8083 2972/3840/8080
f 2964/3845/8085 2963/3844/8084 2972/3840/8080
f 2958/3839/8079 2964/3845/8085 2972/3840/8080
s 6
f 2965/3846/8086 2966/3847/8087 2973/3848/8088
f 2966/3847/8087 2967/3849/8089 2973/3848/8088
f 2967/3849/8089 2968/3850/8090 2973/3848/8088
f 2968/3850/8090 2969/3851/8091 2973/3848/8088
f 2969/3851/8091 2970/3852/8092 2973/3848/8088
f 2970/3852/8092 2971/3853/8093 2973/3848/8088
f 2971/3853/8093 2965/3846/8086 2973/3848/8088
g default
v 1436.478926 -0.790891 584.249222
v 1430.691618 -0.790891 591.427448
v 1432.695478 -0.790891 600.427694
v 1440.981521 -0.790891 604.472591
v 1449.310232 -0.790891 600.516271
v 1451.409896 -0.790891 591.537893
v 1445.699433 -0.790891 584.298364
v 1436.053353 35.854783 580.988725
v 1427.121841 39.023501 589.367068
v 1428.554873 43.273670 601.194674
v 1439.273370 45.404835 607.565058
v 1451.206031 43.812181 603.681241
v 1455.367357 39.695006 592.467805
v 1448.623803 36.153634 582.368660
v 1441.038153 -0.790891 593.847080
v 1441.038153 60.575890 593.847080
v 1442.669088 -0.171857 599.954205
v 1437.995710 -0.485574 602.854417
v 1437.336658 -1.713721 608.184320
v 1441.188241 -2.931480 611.930341
v 1446.650119 -3.221851 611.271672
v 1449.609431 -2.366181 606.704331
v 1447.837679 -1.008806 601.667553
v 1444.294223 24.146635 603.474186
v 1437.882942 23.716256 607.452900
v 1436.978828 22.031401 614.764815
v 1442.262682 20.360797 619.903874
v 1449.755677 19.962444 619.000307
v 1453.815466 21.136311 612.734465
v 1451.384881 22.998451 605.824694
v 1443.326720 -1.699924 606.080971
v 1446.246831 33.834973 614.630229
v 1446.494235 -2.261850 583.332582
v 1444.248420 0.041631 587.804813
v 1446.260788 0.271775 592.928068
v 1451.015947 -1.744722 594.844443
v 1454.933208 -4.489397 592.110922
v 1455.062747 -5.895452 586.785779
v 1451.307078 -4.904101 582.879108
v 1455.135350 12.796640 580.534858
v 1453.283962 14.695548 584.221588
v 1454.942903 14.885269 588.445050
v 1458.862876 13.222941 590.024849
v 1462.092102 10.960328 587.771386
v 1462.198911 9.801226 583.381605
v 1459.102836 10.618460 580.161017
v 1449.903211 -2.711731 588.669398
v 1461.767804 19.873443 582.994574
vt 0.597420 0.034089
vt 0.465231 0.003918
vt 0.359224 0.088456
vt 0.359224 0.224044
vt 0.465231 0.308582
vt 0.597420 0.278411
vt 0.656250 0.156250
vt 0.375000 0.312500
vt 0.410714 0.312500
vt 0.446429 0.312500
vt 0.482143 0.312500
vt 0.517857 0.312500
vt 0.553571 0.312500
vt 0.589286 0.312500
vt 0.625000 0.312500
vt 0.375000 0.687500
vt 0.410714 0.687500
vt 0.446429 0.687500
vt 0.482143 0.687500
vt 0.517857 0.687500
vt 0.553571 0.687500
vt 0.589286 0.687500
vt 0.625000 0.687500
vt 0.597420 0.721589
vt 0.465231 0.691418
vt 0.359224 0.775956
vt 0.359224 0.911544
vt 0.465231 0.996082
vt 0.597420 0.965911
vt 0.656250 0.843750
vt 0.500000 0.156250
vt 0.500000 0.843750
vt 0.375000 0.312500
vt 0.410714 0.312500
vt 0.410714 0.687500
vt 0.375000 0.687500
vt 0.446429 0.312500
vt 0.446429 0.687500
vt 0.482143 0.312500
vt 0.482143 0.687500
vt 0.517857 0.312500
vt 0.517857 0.687500
vt 0.553571 0.312500
vt 0.553571 0.687500
vt 0.589286 0.312500
vt 0.589286 0.687500
vt 0.625000 0.312500
vt 0.625000 0.687500
vt 0.465231 0.003918
vt 0.597420 0.034089
vt 0.500000 0.156250
vt 0.359224 0.088456
vt 0.359224 0.224044
vt 0.465231 0.308582
vt 0.597420 0.278411
vt 0.656250 0.156250
vt 0.597420 0.965911
vt 0.465231 0.996082
vt 0.500000 0.843750
vt 0.359224 0.911544
vt 0.359224 0.775956
vt 0.465231 0.691418
vt 0.597420 0.721589
vt 0.656250 0.843750
vt 0.375000 0.312500
vt 0.410714 0.312500
vt 0.410714 0.687500
vt 0.375000 0.687500
vt 0.446429 0.312500
vt 0.446429 0.687500
vt 0.482143 0.312500
vt 0.482143 0.687500
vt 0.517857 0.312500
vt 0.517857 0.687500
vt 0.553571 0.312500
vt 0.553571 0.687500
vt 0.589286 0.312500
vt 0.589286 0.687500
vt 0.625000 0.312500
vt 0.625000 0.687500
vt 0.465231 0.003918
vt 0.597420 0.034089
vt 0.500000 0.156250
vt 0.359224 0.088456
vt 0.359224 0.224044
vt 0.465231 0.308582
vt 0.597420 0.278411
vt 0.656250 0.156250
vt 0.597420 0.965911
vt 0.465231 0.996082
vt 0.500000 0.843750
vt 0.359224 0.911544
vt 0.359224 0.775956
vt 0.465231 0.691418
vt 0.597420 0.721589
vt 0.656250 0.843750
vn -0.732363 -0.085281 -0.675553
vn -0.732363 -0.085281 -0.675553
vn -0.732363 -0.085281 -0.675553
vn -0.732363 -0.085281 -0.675553
vn -0.979875 -0.087305 0.179505
vn -0.979875 -0.087305 0.179505
vn -0.979875 -0.087305 0.179505
vn -0.979875 -0.087305 0.179505
vn -0.473584 -0.068235 0.878101
vn -0.473584 -0.068235 0.878101
vn -0.473584 -0.068235 0.878101
vn -0.473584 -0.068235 0.878101
vn 0.355667 -0.064988 0.932351
vn 0.355667 -0.064988 0.932351
vn 0.355667 -0.064988 0.932351
vn 0.355667 -0.064988 0.932351
vn 0.947333 -0.080090 0.310075
vn 0.947333 -0.080090 0.310075
vn 0.947333 -0.080090 0.310075
vn 0.947333 -0.080090 0.310075
vn 0.817263 -0.080004 -0.570684
vn 0.817263 -0.080004 -0.570684
vn 0.817263 -0.080004 -0.570684
vn 0.817263 -0.080004 -0.570684
vn 0.066257 -0.072438 -0.995170
vn 0.066257 -0.072438 -0.995170
vn 0.066257 -0.072438 -0.995170
vn 0.066257 -0.072438 -0.995170
vn -0.000000 -1.000000 -0.000000
vn -0.000000 -1.000000 -0.000000
vn -0.000000 -1.000000 -0.000000
vn -0.000000 -1.000000 -0.000000
vn 0.000000 -1.000000 0.000000
vn 0.000000 -1.000000 0.000000
vn 0.000000 -1.000000 0.000000
vn 0.000000 -1.000000 0.000000
vn -0.191762 0.483042 -0.854341
vn -0.665812 0.537483 -0.517501
vn 0.012685 0.972445 -0.232786
vn -0.754182 0.627000 0.195140
vn -0.105056 0.673679 0.731519
vn 0.673205 0.632776 0.382609
vn 0.757107 0.543498 -0.362490
vn 0.344885 0.484867 -0.803716
vn -0.528361 0.156104 -0.834546
vn -0.528361 0.156104 -0.834546
vn -0.528361 0.156104 -0.834546
vn -0.528361 0.156104 -0.834546
vn -0.992778 0.017915 -0.118624
vn -0.992778 0.017915 -0.118624
vn -0.992778 0.017915 -0.118624
vn -0.992778 0.017915 -0.118624
vn -0.714849 -0.196737 0.671033
vn -0.714849 -0.196737 0.671033
vn -0.714849 -0.196737 0.671033
vn -0.714849 -0.196737 0.671033
vn 0.096049 -0.326340 0.940360
vn 0.096049 -0.326340 0.940360
vn 0.096049 -0.326340 0.940360
vn 0.096049 -0.326340 0.940360
vn 0.829840 -0.273326 0.486475
vn 0.829840 -0.273326 0.486475
vn 0.829840 -0.273326 0.486475
vn 0.829840 -0.273326 0.486475
vn 0.933780 -0.077477 -0.349359
vn 0.933780 -0.077477 -0.349359
vn 0.933780 -0.077477 -0.349359
vn 0.933780 -0.077477 -0.349359
vn 0.329152 0.113689 -0.937408
vn 0.329152 0.113689 -0.937408
vn 0.329152 0.113689 -0.937408
vn 0.329152 0.113689 -0.937408
vn -0.079642 -0.969169 -0.233172
vn -0.079642 -0.969169 -0.233172
vn -0.079642 -0.969169 -0.233172
vn -0.079642 -0.969169 -0.233173
vn -0.079642 -0.969169 -0.233172
vn -0.079643 -0.969169 -0.233171
vn -0.079642 -0.969169 -0.233169
vn -0.079641 -0.969169 -0.233173
vn -0.039951 0.757873 -0.651178
vn -0.636343 0.720834 -0.274710
vn 0.081951 0.969517 0.230911
vn -0.716545 0.567247 0.405947
vn -0.226719 0.412376 0.882352
vn 0.469694 0.371138 0.801027
vn 0.852464 0.475721 0.216785
vn 0.626067 0.648583 -0.432873
vn -0.761949 0.334168 -0.554766
vn -0.761949 0.334168 -0.554766
vn -0.761949 0.334168 -0.554766
vn -0.761949 0.334168 -0.554766
vn -0.783913 0.552575 0.283093
vn -0.783913 0.552575 0.283093
vn -0.783913 0.552575 0.283093
vn -0.783913 0.552575 0.283093
vn -0.195936 0.392135 0.898799
vn -0.195936 0.392135 0.898799
vn -0.195936 0.392135 0.898799
vn -0.195936 0.392135 0.898799
vn 0.559469 -0.026557 0.828426
vn 0.559469 -0.026557 0.828426
vn 0.559469 -0.026557 0.828426
vn 0.559469 -0.026557 0.828426
vn 0.913148 -0.388096 0.124669
vn 0.913148 -0.388096 0.124669
vn 0.913148 -0.388096 0.124669
vn 0.913148 -0.388096 0.124669
vn 0.598610 -0.420064 -0.682064
vn 0.598610 -0.420064 -0.682064
vn 0.598610 -0.420064 -0.682064
vn 0.598610 -0.420064 -0.682064
vn -0.146870 -0.098587 -0.984231
vn -0.146870 -0.098587 -0.984231
vn -0.146870 -0.098587 -0.984231
vn -0.146870 -0.098587 -0.984231
vn -0.453964 -0.864159 0.217131
vn -0.453968 -0.864156 0.217135
vn -0.453965 -0.864158 0.217131
vn -0.453965 -0.864159 0.217130
vn -0.453965 -0.864159 0.217130
vn -0.453963 -0.864160 0.217130
vn -0.453966 -0.864157 0.217134
vn -0.453967 -0.864158 0.217128
vn -0.227848 0.503259 -0.833556
vn -0.531080 0.816454 -0.226618
vn 0.450574 0.865123 -0.220332
vn -0.252049 0.850095 0.462395
vn 0.389696 0.583216 0.712739
vn 0.912335 0.218704 0.346141
vn 0.931058 0.025868 -0.363953
vn 0.426502 0.150262 -0.891918
s off
g crystal_2
usemtl lambert4SG
f 2974/3861/8094 2975/3862/8095 2982/3870/8096 2981/3869/8097
f 2975/3862/8098 2976/3863/8099 2983/3871/8100 2982/3870/8101
f 2976/3863/8102 2977/3864/8103 2984/3872/8104 2983/3871/8105
f 2977/3864/8106 2978/3865/8107 2985/3873/8108 2984/3872/8109
f 2978/3865/8110 2979/3866/8111 2986/3874/8112 2985/3873/8113
f 2979/3866/8114 2980/3867/8115 2987/3875/8116 2986/3874/8117
f 2980/3867/8118 2974/3868/8119 2981/3876/8120 2987/3875/8121
s 1
f 2975/3855/8122 2974/3854/8123 2988/3884/8124
f 2976/3856/8125 2975/3855/8122 2988/3884/8124
f 2977/3857/8126 2976/3856/8125 2988/3884/8124
f 2978/3858/8127 2977/3857/8126 2988/3884/8124
f 2979/3859/8128 2978/3858/8127 2988/3884/8124
f 2980/3860/8129 2979/3859/8128 2988/3884/8124
f 2974/3854/8123 2980/3860/8129 2988/3884/8124
s 2
f 2981/3882/8130 2982/3881/8131 2989/3885/8132
f 2982/3881/8131 2983/3880/8133 2989/3885/8132
f 2983/3880/8133 2984/3879/8134 2989/3885/8132
f 2984/3879/8134 2985/3878/8135 2989/3885/8132
f 2985/3878/8135 2986/3877/8136 2989/3885/8132
f 2986/3877/8136 2987/3883/8137 2989/3885/8132
f 2987/3883/8137 2981/3882/8130 2989/3885/8132
s off
f 2990/3886/8138 2991/3887/8139 2998/3888/8140 2997/3889/8141
f 2991/3887/8142 2992/3890/8143 2999/3891/8144 2998/3888/8145
f 2992/3890/8146 2993/3892/8147 3000/3893/8148 2999/3891/8149
f 2993/3892/8150 2994/3894/8151 3001/3895/8152 3000/3893/8153
f 2994/3894/8154 2995/3896/8155 3002/3897/8156 3001/3895/8157
f 2995/3896/8158 2996/3898/8159 3003/3899/8160 3002/3897/8161
f 2996/3898/8162 2990/3900/8163 2997/3901/8164 3003/3899/8165
s 3
f 2991/3902/8166 2990/3903/8167 3004/3904/8168
f 2992/3905/8169 2991/3902/8166 3004/3904/8168
f 2993/3906/8170 2992/3905/8169 3004/3904/8168
f 2994/3907/8171 2993/3906/8170 3004/3904/8168
f 2995/3908/8172 2994/3907/8171 3004/3904/8168
f 2996/3909/8173 2995/3908/8172 3004/3904/8168
f 2990/3903/8167 2996/3909/8173 3004/3904/8168
s 4
f 2997/3910/8174 2998/3911/8175 3005/3912/8176
f 2998/3911/8175 2999/3913/8177 3005/3912/8176
f 2999/3913/8177 3000/3914/8178 3005/3912/8176
f 3000/3914/8178 3001/3915/8179 3005/3912/8176
f 3001/3915/8179 3002/3916/8180 3005/3912/8176
f 3002/3916/8180 3003/3917/8181 3005/3912/8176
f 3003/3917/8181 2997/3910/8174 3005/3912/8176
s off
f 3006/3918/8182 3007/3919/8183 3014/3920/8184 3013/3921/8185
f 3007/3919/8186 3008/3922/8187 3015/3923/8188 3014/3920/8189
f 3008/3922/8190 3009/3924/8191 3016/3925/8192 3015/3923/8193
f 3009/3924/8194 3010/3926/8195 3017/3927/8196 3016/3925/8197
f 3010/3926/8198 3011/3928/8199 3018/3929/8200 3017/3927/8201
f 3011/3928/8202 3012/3930/8203 3019/3931/8204 3018/3929/8205
f 3012/3930/8206 3006/3932/8207 3013/3933/8208 3019/3931/8209
s 5
f 3007/3934/8210 3006/3935/8211 3020/3936/8212
f 3008/3937/8213 3007/3934/8210 3020/3936/8212
f 3009/3938/8214 3008/3937/8213 3020/3936/8212
f 3010/3939/8215 3009/3938/8214 3020/3936/8212
f 3011/3940/8216 3010/3939/8215 3020/3936/8212
f 3012/3941/8217 3011/3940/8216 3020/3936/8212
f 3006/3935/8211 3012/3941/8217 3020/3936/8212
s 6
f 3013/3942/8218 3014/3943/8219 3021/3944/8220
f 3014/3943/8219 3015/3945/8221 3021/3944/8220
f 3015/3945/8221 3016/3946/8222 3021/3944/8220
f 3016/3946/8222 3017/3947/8223 3021/3944/8220
f 3017/3947/8223 3018/3948/8224 3021/3944/8220
f 3018/3948/8224 3019/3949/8225 3021/3944/8220
f 3019/3949/8225 3013/3942/8218 3021/3944/8220
g default
v 1701.641946 2.744699 696.453630
v 1688.227902 -3.130007 699.220126
v 1689.133745 6.375468 690.780019
v 1693.911452 0.500762 692.947147
v 1679.937568 0.500762 700.929916
v 1679.031724 2.744699 709.370023
v 1691.681558 14.680889 698.519785
v 1680.497408 6.375468 695.713643
v 1693.911452 12.250174 692.947147
v 1679.937568 12.250174 700.929916
v 1701.453349 5.841953 697.566577
v 1692.445768 -3.130007 706.603526
v 1700.176262 6.375468 710.110010
v 1700.736102 0.500762 704.893737
v 1686.762218 0.500762 712.876506
v 1679.646420 6.558891 709.018869
v 1695.899424 14.680889 705.903185
v 1691.539925 6.375468 715.043634
v 1700.924699 12.022189 703.780789
v 1686.147522 10.695674 713.227659
vt 1.000000 0.431743
vt 0.250000 0.136446
vt 0.191930 0.548443
vt 0.125000 0.347549
vt 0.375000 0.347549
vt 0.500000 0.431743
vt 0.250000 0.899086
vt 0.308070 0.548443
vt 0.125000 0.732372
vt 0.375000 0.732372
vt 1.000000 0.659117
vt 0.750000 0.136446
vt 0.808070 0.548443
vt 0.875000 0.347549
vt 0.625000 0.347549
vt 0.500000 0.659117
vt 0.750000 0.899086
vt 0.691930 0.548443
vt 0.875000 0.732372
vt 0.625000 0.732372
vt 1.250000 0.899086
vt 1.125000 0.732372
vt 1.250000 0.136446
vt 1.125000 0.347549
vt 1.191930 0.548443
vn 0.553919 0.759948 -0.340078
vn 0.553919 0.759948 -0.340078
vn 0.553919 0.759948 -0.340078
vn 0.553919 0.759948 -0.340078
vn 0.553919 0.759948 -0.340078
vn 0.393443 0.605052 0.692181
vn 0.393443 0.605052 0.692181
vn 0.393443 0.605052 0.692181
vn 0.393443 0.605052 0.692181
vn 0.393443 0.605052 0.692181
vn -0.326063 0.912224 0.248055
vn -0.326063 0.912224 0.248055
vn -0.326063 0.912224 0.248055
vn -0.326063 0.912224 0.248055
vn -0.326063 0.912224 0.248055
vn -0.370708 0.664433 -0.648926
vn -0.370708 0.664433 -0.648926
vn -0.370708 0.664433 -0.648926
vn -0.370708 0.664433 -0.648926
vn -0.370708 0.664433 -0.648926
vn 0.357121 -0.911507 -0.204010
vn 0.357121 -0.911507 -0.204010
vn 0.357121 -0.911507 -0.204010
vn 0.357121 -0.911507 -0.204010
vn 0.357121 -0.911507 -0.204010
vn -0.357121 -0.911507 0.204010
vn -0.357121 -0.911507 0.204010
vn -0.357121 -0.911507 0.204010
vn -0.357121 -0.911507 0.204010
vn -0.357121 -0.911507 0.204010
vn 0.994649 -0.002065 0.103290
vn 0.994649 -0.002065 0.103290
vn 0.994649 -0.002065 0.103290
vn 0.994649 -0.002065 0.103290
vn 0.994649 -0.002065 0.103290
vn 0.461475 0.048530 -0.885825
vn 0.461475 0.048530 -0.885825
vn 0.461475 0.048530 -0.885825
vn 0.461475 0.048530 -0.885825
vn 0.461475 0.048530 -0.885825
vn -0.401837 -0.586285 -0.703418
vn -0.401837 -0.586285 -0.703418
vn -0.401837 -0.586285 -0.703418
vn -0.401837 -0.586285 -0.703418
vn -0.401837 -0.586285 -0.703418
vn -0.996617 0.025638 -0.078088
vn -0.996617 0.025638 -0.078089
vn -0.996617 0.025638 -0.078088
vn -0.996617 0.025638 -0.078089
vn -0.996617 0.025638 -0.078088
vn 0.401837 -0.586285 0.703418
vn 0.401837 -0.586285 0.703418
vn 0.401837 -0.586285 0.703418
vn 0.401837 -0.586285 0.703418
vn 0.401837 -0.586285 0.703418
vn -0.437990 -0.017797 0.898804
vn -0.437990 -0.017797 0.898804
vn -0.437990 -0.017797 0.898804
vn -0.437990 -0.017797 0.898804
vn -0.437990 -0.017797 0.898804
s off
g pPlatonic1
usemtl lambert7SG
f 3028/3970/8226 3038/3966/8227 3040/3968/8228 3032/3960/8229 3030/3971/8230
f 3039/3967/8231 3034/3962/8232 3040/3968/8233 3038/3966/8234 3041/3969/8235
f 3037/3965/8236 3041/3969/8237 3038/3966/8238 3028/3956/8239 3031/3959/8240
f 3024/3952/8241 3029/3957/8242 3031/3959/8243 3028/3956/8244 3030/3958/8245
f 3033/3961/8246 3023/3972/8247 3025/3973/8248 3022/3950/8249 3035/3963/8250
f 3023/3951/8251 3033/3961/8252 3036/3964/8253 3027/3955/8254 3026/3954/8255
f 3035/3963/8256 3022/3950/8257 3032/3960/8258 3040/3968/8259 3034/3962/8260
f 3022/3950/8261 3025/3973/8262 3024/3974/8263 3030/3971/8264 3032/3960/8265
f 3023/3951/8266 3026/3954/8267 3029/3957/8268 3024/3952/8269 3025/3953/8270
f 3026/3954/8271 3027/3955/8272 3037/3965/8273 3031/3959/8274 3029/3957/8275
f 3033/3961/8276 3035/3963/8277 3034/3962/8278 3039/3967/8279 3036/3964/8280
f 3027/3955/8281 3036/3964/8282 3039/3967/8283 3041/3969/8284 3037/3965/8285
g default
v 1708.824596 -0.131308 713.718145
v 1707.726835 -1.841089 709.886082
v 1710.196148 0.925394 709.963417
v 1709.672261 -0.784386 711.397596
v 1707.048381 -0.784386 707.517738
v 1704.579068 -0.131308 707.440402
v 1708.006007 3.342611 710.872969
v 1708.574501 0.925394 707.565533
v 1709.672261 2.635174 711.397596
v 1707.048381 2.635174 707.517738
v 1708.497462 0.770119 713.687880
v 1705.676829 -1.841089 711.272465
v 1704.829163 0.925394 713.593015
v 1706.355283 -0.784386 713.640810
v 1703.731403 -0.784386 709.760952
v 1704.694490 0.978778 707.611073
v 1705.956001 3.342611 712.259352
v 1703.207516 0.925394 711.195130
v 1706.682417 2.568821 713.671075
v 1703.615981 2.182751 709.590281
vt 1.000000 0.431743
vt 0.250000 0.136446
vt 0.191930 0.548443
vt 0.125000 0.347549
vt 0.375000 0.347549
vt 0.500000 0.431743
vt 0.250000 0.899086
vt 0.308070 0.548443
vt 0.125000 0.732372
vt 0.375000 0.732372
vt 1.000000 0.659117
vt 0.750000 0.136446
vt 0.808070 0.548443
vt 0.875000 0.347549
vt 0.625000 0.347549
vt 0.500000 0.659117
vt 0.750000 0.899086
vt 0.691930 0.548443
vt 0.875000 0.732372
vt 0.625000 0.732372
vt 1.250000 0.899086
vt 1.125000 0.732372
vt 1.250000 0.136446
vt 1.125000 0.347549
vt 1.191930 0.548443
vn 0.380947 0.759948 0.526648
vn 0.380947 0.759948 0.526648
vn 0.380947 0.759948 0.526648
vn 0.380947 0.759948 0.526648
vn 0.380947 0.759948 0.526648
vn -0.660484 0.605052 0.444604
vn -0.660484 0.605052 0.444604
vn -0.660484 0.605052 0.444604
vn -0.660484 0.605052 0.444604
vn -0.660484 0.605052 0.444604
vn -0.271976 0.912224 -0.306394
vn -0.271976 0.912224 -0.306394
vn -0.271976 0.912224 -0.306394
vn -0.271976 0.912224 -0.306394
vn -0.271976 0.912224 -0.306394
vn 0.619070 0.664433 -0.418666
vn 0.619070 0.664433 -0.418666
vn 0.619070 0.664433 -0.418666
vn 0.619070 0.664433 -0.418666
vn 0.619070 0.664433 -0.418666
vn 0.230403 -0.911507 0.340691
vn 0.230403 -0.911507 0.340691
vn 0.230403 -0.911507 0.340691
vn 0.230403 -0.911507 0.340691
vn 0.230403 -0.911507 0.340691
vn -0.230403 -0.911507 -0.340691
vn -0.230403 -0.911507 -0.340691
vn -0.230403 -0.911507 -0.340691
vn -0.230403 -0.911507 -0.340691
vn -0.230403 -0.911507 -0.340691
vn -0.027863 -0.002065 0.999610
vn -0.027863 -0.002065 0.999610
vn -0.027863 -0.002065 0.999610
vn -0.027863 -0.002065 0.999610
vn -0.027863 -0.002065 0.999610
vn 0.918152 0.048530 0.393245
vn 0.918152 0.048530 0.393245
vn 0.918152 0.048530 0.393245
vn 0.918152 0.048530 0.393245
vn 0.918152 0.048530 0.393245
vn 0.671055 -0.586285 -0.453823
vn 0.671055 -0.586285 -0.453823
vn 0.671055 -0.586285 -0.453823
vn 0.671055 -0.586285 -0.453823
vn 0.671055 -0.586285 -0.453823
vn 0.002584 0.025638 -0.999668
vn 0.002584 0.025638 -0.999668
vn 0.002584 0.025638 -0.999668
vn 0.002584 0.025638 -0.999668
vn 0.002584 0.025638 -0.999668
vn -0.671055 -0.586285 0.453823
vn -0.671055 -0.586285 0.453823
vn -0.671055 -0.586285 0.453823
vn -0.671055 -0.586285 0.453823
vn -0.671055 -0.586285 0.453823
vn -0.929320 -0.017797 -0.368846
vn -0.929320 -0.017797 -0.368846
vn -0.929320 -0.017797 -0.368846
vn -0.929320 -0.017797 -0.368846
vn -0.929320 -0.017797 -0.368846
s off
g pPlatonic2
usemtl lambert7SG
f 3048/3995/8286 3058/3991/8287 3060/3993/8288 3052/3985/8289 3050/3996/8290
f 3059/3992/8291 3054/3987/8292 3060/3993/8293 3058/3991/8294 3061/3994/8295
f 3057/3990/8296 3061/3994/8297 3058/3991/8298 3048/3981/8299 3051/3984/8300
f 3044/3977/8301 3049/3982/8302 3051/3984/8303 3048/3981/8304 3050/3983/8305
f 3053/3986/8306 3043/3997/8307 3045/3998/8308 3042/3975/8309 3055/3988/8310
f 3043/3976/8311 3053/3986/8312 3056/3989/8313 3047/3980/8314 3046/3979/8315
f 3055/3988/8316 3042/3975/8317 3052/3985/8318 3060/3993/8319 3054/3987/8320
f 3042/3975/8321 3045/3998/8322 3044/3999/8323 3050/3996/8324 3052/3985/8325
f 3043/3976/8326 3046/3979/8327 3049/3982/8328 3044/3977/8329 3045/3978/8330
f 3046/3979/8331 3047/3980/8332 3057/3990/8333 3051/3984/8334 3049/3982/8335
f 3053/3986/8336 3055/3988/8337 3054/3987/8338 3059/3992/8339 3056/3989/8340
f 3047/3980/8341 3056/3989/8342 3059/3992/8343 3061/3994/8344 3057/3990/8345
g default
v 2366.357155 5.944839 -636.463023
v 2441.399567 1.697630 -597.944878
v 2366.419536 7.174930 -636.448919
v 2441.461948 2.927721 -597.930774
v 2396.189401 6.331295 -694.540645
v 2471.231813 2.084086 -656.022500
v 2396.127020 5.101203 -694.554749
v 2471.169432 0.853994 -656.036603
vt 0.375000 0.000000
vt 0.625000 0.000000
vt 0.375000 0.250000
vt 0.625000 0.250000
vt 0.375000 0.500000
vt 0.625000 0.500000
vt 0.375000 0.750000
vt 0.625000 0.750000
vt 0.375000 1.000000
vt 0.625000 1.000000
vt 0.875000 0.000000
vt 0.875000 0.250000
vt 0.125000 0.000000
vt 0.125000 0.250000
vn -0.456027 0.012923 0.889872
vn -0.456027 0.012923 0.889872
vn -0.456027 0.012923 0.889872
vn -0.456027 0.012923 0.889872
vn 0.050644 0.998651 0.011450
vn 0.050644 0.998651 0.011450
vn 0.050644 0.998651 0.011450
vn 0.050644 0.998651 0.011450
vn 0.456027 -0.012923 -0.889872
vn 0.456027 -0.012923 -0.889872
vn 0.456027 -0.012923 -0.889872
vn 0.456027 -0.012923 -0.889872
vn -0.050644 -0.998651 -0.011450
vn -0.050644 -0.998651 -0.011450
vn -0.050644 -0.998651 -0.011450
vn -0.050644 -0.998651 -0.011450
vn 0.888524 -0.050288 0.456066
vn 0.888524 -0.050288 0.456066
vn 0.888524 -0.050288 0.456066
vn 0.888524 -0.050288 0.456066
vn -0.888524 0.050288 -0.456066
vn -0.888524 0.050288 -0.456066
vn -0.888524 0.050288 -0.456066
vn -0.888524 0.050288 -0.456066
s off
g pCube2
usemtl lambert6SG
f 3062/4000/8346 3063/4001/8347 3065/4003/8348 3064/4002/8349
f 3064/4002/8350 3065/4003/8351 3067/4005/8352 3066/4004/8353
f 3066/4004/8354 3067/4005/8355 3069/4007/8356 3068/4006/8357
f 3068/4006/8358 3069/4007/8359 3063/4009/8360 3062/4008/8361
f 3063/4001/8362 3069/4010/8363 3067/4011/8364 3065/4003/8365
f 3068/4012/8366 3062/4000/8367 3064/4002/8368 3066/4013/8369
g default
v 1815.087539 0.133811 -545.340208
v 2413.407797 0.133811 -628.034628
v 1815.087539 4.096644 -545.340208
v 2413.407797 4.096644 -628.034628
v 1732.393123 2.358722 -1143.660444
v 2330.713381 2.358722 -1226.354863
v 1732.393123 0.133812 -1143.660444
v 2330.713381 0.133812 -1226.354863
vt 0.375000 0.000000
vt 0.625000 0.000000
vt 0.375000 0.250000
vt 0.625000 0.250000
vt 0.375000 0.500000
vt 0.625000 0.500000
vt 0.375000 0.750000
vt 0.625000 0.750000
vt 0.375000 1.000000
vt 0.625000 1.000000
vt 0.875000 0.000000
vt 0.875000 0.250000
vt 0.125000 0.000000
vt 0.125000 0.250000
vn 0.136909 0.000000 0.990584
vn 0.136909 0.000000 0.990584
vn 0.136909 0.000000 0.990584
vn 0.136909 0.000000 0.990584
vn -0.000394 0.999996 -0.002850
vn -0.000394 0.999996 -0.002850
vn -0.000394 0.999996 -0.002850
vn -0.000394 0.999996 -0.002850
vn -0.136909 0.000000 -0.990584
vn -0.136909 0.000000 -0.990584
vn -0.136909 0.000000 -0.990584
vn -0.136909 0.000000 -0.990584
vn -0.000000 -1.000000 -0.000000
vn -0.000000 -1.000000 -0.000000
vn -0.000000 -1.000000 -0.000000
vn -0.000000 -1.000000 -0.000000
vn 0.990584 0.000000 -0.136909
vn 0.990584 0.000000 -0.136909
vn 0.990584 0.000000 -0.136909
vn 0.990584 0.000000 -0.136909
vn -0.990584 0.000000 0.136909
vn -0.990584 0.000000 0.136909
vn -0.990584 0.000000 0.136909
vn -0.990584 0.000000 0.136909
s off
g pCube1
usemtl lambert6SG
f 3070/4014/8370 3071/4015/8371 3073/4017/8372 3072/4016/8373
f 3072/4016/8374 3073/4017/8375 3075/4019/8376 3074/4018/8377
f 3074/4018/8378 3075/4019/8379 3077/4021/8380 3076/4020/8381
f 3076/4020/8382 3077/4021/8383 3071/4023/8384 3070/4022/8385
f 3071/4015/8386 3077/4024/8387 3075/4025/8388 3073/4017/8389
f 3076/4026/8390 3070/4014/8391 3072/4016/8392 3074/4027/8393
g default
v 1662.172164 -2.957012 807.954565
v 1659.705728 -2.957012 807.969333
v 1657.719011 -2.957012 809.431033
v 1656.970963 -2.957012 811.781279
v 1657.747173 -2.957012 814.122388
v 1659.751231 -2.957012 815.560169
v 1662.217608 -2.957012 815.545445
v 1664.204324 -2.957012 814.083745
v 1664.952432 -2.957012 811.733455
v 1664.176201 -2.957012 809.392317
v 1662.542599 13.339891 806.790858
v 1659.321398 13.339891 806.810167
v 1656.726742 13.339891 808.719150
v 1655.749741 13.339891 811.788612
v 1656.763456 13.339891 814.846145
v 1659.380796 13.339891 816.723877
v 1662.601916 13.339891 816.704582
v 1665.196572 13.339891 814.795598
v 1666.173654 13.339891 811.726122
v 1665.159858 13.339891 808.668604
v 1662.609993 29.636795 806.578995
v 1659.251410 29.636795 806.599119
v 1656.546085 29.636795 808.589526
v 1655.527362 29.636795 811.789946
v 1656.584351 29.636795 814.977919
v 1659.313343 29.636795 816.935783
v 1662.671904 29.636795 816.915629
v 1665.377229 29.636795 814.925223
v 1666.395974 29.636795 811.724832
v 1665.338963 29.636795 808.536829
v 1662.323560 43.986998 807.478939
v 1659.548646 43.986998 807.495550
v 1657.313501 43.986998 809.140028
v 1656.471832 43.986998 811.784270
v 1657.345133 43.986998 814.418184
v 1659.599835 43.986998 816.035795
v 1662.374749 43.986998 816.019184
v 1664.609894 43.986998 814.374707
v 1665.451563 43.986998 811.730464
v 1664.578240 43.986998 809.096521
v 1660.961657 -2.957012 811.757374
v 1661.888145 47.038860 808.846807
v 1660.000419 47.038860 808.858109
v 1658.479847 47.038860 809.976849
v 1657.907272 47.038860 811.775681
v 1658.501358 47.038860 813.567509
v 1660.035220 47.038860 814.667950
v 1661.922946 47.038860 814.656647
v 1663.443518 47.038860 813.537907
v 1664.016093 47.038860 811.739075
v 1663.421988 47.038860 809.947221
v 1661.359900 47.734951 810.506338
v 1660.548507 47.734951 810.511197
v 1660.961666 47.734951 811.757376
v 1659.894925 47.734951 810.992061
v 1659.648817 47.734951 811.765245
v 1659.904171 47.734951 812.535420
v 1660.563465 47.734951 813.008418
v 1661.374859 47.734951 813.003559
v 1662.028440 47.734951 812.522695
v 1662.274548 47.734951 811.749511
v 1662.019186 47.734951 810.979325
vt 0.626409 0.064409
vt 0.548284 0.007647
vt 0.451716 0.007647
vt 0.373591 0.064409
vt 0.343750 0.156250
vt 0.373591 0.248091
vt 0.451716 0.304853
vt 0.548284 0.304853
vt 0.626409 0.248091
vt 0.656250 0.156250
vt 0.375000 0.312500
vt 0.400000 0.312500
vt 0.425000 0.312500
vt 0.450000 0.312500
vt 0.475000 0.312500
vt 0.500000 0.312500
vt 0.525000 0.312500
vt 0.550000 0.312500
vt 0.575000 0.312500
vt 0.600000 0.312500
vt 0.625000 0.312500
vt 0.375000 0.437500
vt 0.400000 0.437500
vt 0.425000 0.437500
vt 0.450000 0.437500
vt 0.475000 0.437500
vt 0.500000 0.437500
vt 0.525000 0.437500
vt 0.550000 0.437500
vt 0.575000 0.437500
vt 0.600000 0.437500
vt 0.625000 0.437500
vt 0.375000 0.562500
vt 0.400000 0.562500
vt 0.425000 0.562500
vt 0.450000 0.562500
vt 0.475000 0.562500
vt 0.500000 0.562500
vt 0.525000 0.562500
vt 0.550000 0.562500
vt 0.575000 0.562500
vt 0.600000 0.562500
vt 0.625000 0.562500
vt 0.375000 0.687500
vt 0.400000 0.687500
vt 0.425000 0.687500
vt 0.450000 0.687500
vt 0.475000 0.687500
vt 0.500000 0.687500
vt 0.525000 0.687500
vt 0.550000 0.687500
vt 0.575000 0.687500
vt 0.600000 0.687500
vt 0.625000 0.687500
vt 0.626409 0.751909
vt 0.548284 0.695147
vt 0.451716 0.695147
vt 0.373591 0.751909
vt 0.343750 0.843750
vt 0.373591 0.935591
vt 0.451716 0.992353
vt 0.548284 0.992353
vt 0.626409 0.935591
vt 0.656250 0.843750
vt 0.500000 0.156250
vt 0.500000 0.843750
vt 0.626409 0.935591
vt 0.548284 0.992353
vt 0.451716 0.992353
vt 0.373591 0.935591
vt 0.343750 0.843750
vt 0.373591 0.751909
vt 0.451716 0.695147
vt 0.548284 0.695147
vt 0.626409 0.751909
vt 0.656250 0.843750
vt 0.626409 0.935591
vt 0.548284 0.992353
vt 0.451716 0.992353
vt 0.373591 0.935591
vt 0.343750 0.843750
vt 0.373591 0.751909
vt 0.451716 0.695147
vt 0.548284 0.695147
vt 0.626409 0.751909
vt 0.656250 0.843750
vn -0.005976 -0.071088 -0.997452
vn -0.005976 -0.071088 -0.997452
vn -0.005988 -0.039560 -0.999199
vn -0.005988 -0.039560 -0.999199
vn -0.591123 -0.071088 -0.803443
vn -0.591123 -0.071088 -0.803443
vn -0.592158 -0.039560 -0.804850
vn -0.592158 -0.039560 -0.804850
vn -0.950485 -0.071088 -0.302531
vn -0.950485 -0.071088 -0.302531
vn -0.952148 -0.039560 -0.303067
vn -0.952148 -0.039560 -0.303067
vn -0.946788 -0.071090 0.313908
vn -0.946788 -0.071090 0.313908
vn -0.948447 -0.039561 0.314458
vn -0.948447 -0.039561 0.314458
vn -0.581452 -0.071090 0.810469
vn -0.581452 -0.071090 0.810469
vn -0.582470 -0.039561 0.811889
vn -0.582470 -0.039561 0.811889
vn 0.005966 -0.071087 0.997452
vn 0.005966 -0.071087 0.997452
vn 0.005984 -0.039560 0.999199
vn 0.005984 -0.039560 0.999199
vn 0.591123 -0.071086 0.803443
vn 0.591123 -0.071086 0.803443
vn 0.592158 -0.039559 0.804850
vn 0.592158 -0.039559 0.804850
vn 0.950479 -0.071087 0.302551
vn 0.950479 -0.071087 0.302551
vn 0.952143 -0.039559 0.303084
vn 0.952143 -0.039559 0.303084
vn 0.946783 -0.071088 -0.313924
vn 0.946783 -0.071088 -0.313924
vn 0.948442 -0.039559 -0.314473
vn 0.948442 -0.039559 -0.314473
vn 0.581459 -0.071088 -0.810464
vn 0.581458 -0.071088 -0.810464
vn 0.582476 -0.039559 -0.811884
vn 0.582476 -0.039559 -0.811885
vn -0.005990 0.020772 -0.999766
vn -0.005990 0.020772 -0.999766
vn -0.592494 0.020771 -0.805307
vn -0.592494 0.020772 -0.805307
vn -0.952686 0.020773 -0.303244
vn -0.952686 0.020773 -0.303244
vn -0.948984 0.020773 0.314639
vn -0.948984 0.020773 0.314639
vn -0.582803 0.020773 0.812348
vn -0.582803 0.020773 0.812348
vn 0.005993 0.020772 0.999766
vn 0.005993 0.020772 0.999766
vn 0.592494 0.020770 0.805307
vn 0.592494 0.020770 0.805307
vn 0.952683 0.020771 0.303255
vn 0.952683 0.020772 0.303255
vn 0.948981 0.020772 -0.314648
vn 0.948981 0.020772 -0.314648
vn 0.582805 0.020772 -0.812347
vn 0.582805 0.020772 -0.812347
vn -0.005977 0.062469 -0.998029
vn -0.005977 0.062469 -0.998029
vn -0.591464 0.062470 -0.803908
vn -0.591464 0.062470 -0.803908
vn -0.951030 0.062472 -0.302719
vn -0.951030 0.062472 -0.302719
vn -0.947334 0.062474 0.314096
vn -0.947334 0.062474 0.314095
vn -0.581792 0.062474 0.810934
vn -0.581792 0.062474 0.810934
vn 0.005982 0.062471 0.998029
vn 0.005982 0.062471 0.998029
vn 0.591464 0.062467 0.803908
vn 0.591464 0.062467 0.803908
vn 0.951029 0.062468 0.302723
vn 0.951029 0.062468 0.302723
vn 0.947333 0.062469 -0.314099
vn 0.947333 0.062469 -0.314099
vn 0.581790 0.062469 -0.810937
vn 0.581790 0.062469 -0.810937
vn 0.000000 -1.000000 0.000000
vn 0.000000 -1.000000 0.000000
vn 0.000000 -1.000000 0.000000
vn 0.000000 -1.000000 0.000000
vn 0.000000 -1.000000 0.000000
vn 0.000000 -1.000000 0.000000
vn 0.000000 -1.000000 0.000000
vn 0.000000 -1.000000 0.000000
vn 0.000000 -1.000000 0.000000
vn 0.000000 -1.000000 0.000000
vn 0.000000 -1.000000 0.000000
vn 0.000001 1.000000 0.000002
vn 0.000001 1.000000 0.000001
vn 0.000000 1.000000 0.000000
vn 0.000000 1.000000 0.000000
vn -0.000002 1.000000 -0.000003
vn 0.000000 1.000000 0.000000
vn 0.000003 1.000000 0.000004
vn 0.000001 1.000000 0.000001
vn -0.000001 1.000000 -0.000001
vn -0.000001 1.000000 -0.000002
vn -0.000000 1.000000 -0.000000
vn -0.005465 0.408349 -0.912810
vn -0.005465 0.408349 -0.912810
vn -0.005465 0.408349 -0.912810
vn -0.005465 0.408349 -0.912810
vn -0.540960 0.408351 -0.735263
vn -0.540960 0.408351 -0.735263
vn -0.540960 0.408351 -0.735263
vn -0.540960 0.408351 -0.735263
vn -0.869827 0.408343 -0.276869
vn -0.869827 0.408343 -0.276869
vn -0.869827 0.408343 -0.276869
vn -0.869827 0.408343 -0.276869
vn -0.866447 0.408339 0.287277
vn -0.866447 0.408339 0.287277
vn -0.866447 0.408339 0.287277
vn -0.866447 0.408339 0.287277
vn -0.532118 0.408339 0.741694
vn -0.532118 0.408339 0.741694
vn -0.532118 0.408339 0.741694
vn -0.532118 0.408339 0.741694
vn 0.005464 0.408344 0.912812
vn 0.005464 0.408344 0.912812
vn 0.005464 0.408344 0.912812
vn 0.005464 0.408344 0.912812
vn 0.540960 0.408351 0.735263
vn 0.540960 0.408351 0.735263
vn 0.540960 0.408351 0.735263
vn 0.540960 0.408351 0.735263
vn 0.869825 0.408349 0.276868
vn 0.869825 0.408349 0.276868
vn 0.869825 0.408349 0.276868
vn 0.869825 0.408349 0.276868
vn 0.866442 0.408348 -0.287280
vn 0.866442 0.408348 -0.287280
vn 0.866443 0.408348 -0.287280
vn 0.866442 0.408348 -0.287280
vn 0.532112 0.408348 -0.741693
vn 0.532112 0.408348 -0.741693
vn 0.532112 0.408348 -0.741693
vn 0.532112 0.408348 -0.741693
vn -0.002320 0.921897 -0.387429
vn -0.002320 0.921897 -0.387429
vn -0.002320 0.921897 -0.387429
vn -0.002320 0.921897 -0.387429
vn -0.229603 0.921897 -0.312072
vn -0.229603 0.921897 -0.312072
vn -0.229603 0.921897 -0.312072
vn -0.229603 0.921897 -0.312072
vn -0.369185 0.921897 -0.117514
vn -0.369185 0.921897 -0.117513
vn -0.369185 0.921897 -0.117513
vn -0.369185 0.921897 -0.117514
vn -0.367750 0.921897 0.121929
vn -0.367749 0.921897 0.121928
vn -0.367749 0.921897 0.121928
vn -0.367749 0.921897 0.121928
vn -0.225848 0.921897 0.314801
vn -0.225848 0.921897 0.314801
vn -0.225848 0.921897 0.314801
vn -0.225848 0.921897 0.314801
vn 0.002320 0.921897 0.387429
vn 0.002320 0.921897 0.387429
vn 0.002320 0.921897 0.387429
vn 0.002320 0.921897 0.387429
vn 0.229603 0.921897 0.312072
vn 0.229603 0.921897 0.312072
vn 0.229603 0.921897 0.312072
vn 0.229603 0.921897 0.312072
vn 0.369185 0.921897 0.117514
vn 0.369185 0.921897 0.117513
vn 0.369185 0.921897 0.117513
vn 0.369185 0.921897 0.117514
vn 0.367749 0.921897 -0.121931
vn 0.367749 0.921897 -0.121931
vn 0.367749 0.921897 -0.121931
vn 0.367749 0.921897 -0.121931
vn 0.225846 0.921897 -0.314801
vn 0.225846 0.921897 -0.314801
vn 0.225846 0.921897 -0.314801
vn 0.225846 0.921897 -0.314801
s 1
g cactus pCylinder15
usemtl lambert8SG
f 3078/4038/8394 3079/4039/8395 3089/4050/8396 3088/4049/8397
s 2
f 3079/4039/8398 3080/4040/8399 3090/4051/8400 3089/4050/8401
s 3
f 3080/4040/8402 3081/4041/8403 3091/4052/8404 3090/4051/8405
s 4
f 3081/4041/8406 3082/4042/8407 3092/4053/8408 3091/4052/8409
s 5
f 3082/4042/8410 3083/4043/8411 3093/4054/8412 3092/4053/8413
s 6
f 3083/4043/8414 3084/4044/8415 3094/4055/8416 3093/4054/8417
s 7
f 3084/4044/8418 3085/4045/8419 3095/4056/8420 3094/4055/8421
s 8
f 3085/4045/8422 3086/4046/8423 3096/4057/8424 3095/4056/8425
s 9
f 3086/4046/8426 3087/4047/8427 3097/4058/8428 3096/4057/8429
s 10
f 3087/4047/8430 3078/4048/8431 3088/4059/8432 3097/4058/8433
s 1
f 3088/4049/8397 3089/4050/8396 3099/4061/8434 3098/4060/8435
s 2
f 3089/4050/8401 3090/4051/8400 3100/4062/8436 3099/4061/8437
s 3
f 3090/4051/8405 3091/4052/8404 3101/4063/8438 3100/4062/8439
s 4
f 3091/4052/8409 3092/4053/8408 3102/4064/8440 3101/4063/8441
s 5
f 3092/4053/8413 3093/4054/8412 3103/4065/8442 3102/4064/8443
s 6
f 3093/4054/8417 3094/4055/8416 3104/4066/8444 3103/4065/8445
s 7
f 3094/4055/8421 3095/4056/8420 3105/4067/8446 3104/4066/8447
s 8
f 3095/4056/8425 3096/4057/8424 3106/4068/8448 3105/4067/8449
s 9
f 3096/4057/8429 3097/4058/8428 3107/4069/8450 3106/4068/8451
s 10
f 3097/4058/8433 3088/4059/8432 3098/4070/8452 3107/4069/8453
s 1
f 3098/4060/8435 3099/4061/8434 3109/4072/8454 3108/4071/8455
s 2
f 3099/4061/8437 3100/4062/8436 3110/4073/8456 3109/4072/8457
s 3
f 3100/4062/8439 3101/4063/8438 3111/4074/8458 3110/4073/8459
s 4
f 3101/4063/8441 3102/4064/8440 3112/4075/8460 3111/4074/8461
s 5
f 3102/4064/8443 3103/4065/8442 3113/4076/8462 3112/4075/8463
s 6
f 3103/4065/8445 3104/4066/8444 3114/4077/8464 3113/4076/8465
s 7
f 3104/4066/8447 3105/4067/8446 3115/4078/8466 3114/4077/8467
s 8
f 3105/4067/8449 3106/4068/8448 3116/4079/8468 3115/4078/8469
s 9
f 3106/4068/8451 3107/4069/8450 3117/4080/8470 3116/4079/8471
s 10
f 3107/4069/8453 3098/4070/8452 3108/4081/8472 3117/4080/8473
s 11
f 3079/4029/8474 3078/4028/8475 3118/4092/8476
f 3080/4030/8477 3079/4029/8474 3118/4092/8476
f 3081/4031/8478 3080/4030/8477 3118/4092/8476
f 3082/4032/8479 3081/4031/8478 3118/4092/8476
f 3083/4033/8480 3082/4032/8479 3118/4092/8476
f 3084/4034/8481 3083/4033/8480 3118/4092/8476
f 3085/4035/8482 3084/4034/8481 3118/4092/8476
f 3086/4036/8483 3085/4035/8482 3118/4092/8476
f 3087/4037/8484 3086/4036/8483 3118/4092/8476
f 3078/4028/8475 3087/4037/8484 3118/4092/8476
s 12
f 3129/4104/8485 3130/4105/8486 3131/4093/8487
f 3130/4105/8486 3132/4106/8488 3131/4093/8487
f 3132/4106/8488 3133/4107/8489 3131/4093/8487
f 3133/4107/8489 3134/4108/8490 3131/4093/8487
f 3134/4108/8490 3135/4109/8491 3131/4093/8487
f 3135/4109/8491 3136/4110/8492 3131/4093/8487
f 3136/4110/8492 3137/4111/8493 3131/4093/8487
f 3137/4111/8493 3138/4112/8494 3131/4093/8487
f 3138/4112/8494 3139/4113/8495 3131/4093/8487
f 3139/4113/8495 3129/4104/8485 3131/4093/8487
s off
f 3108/4090/8496 3109/4089/8497 3120/4095/8498 3119/4094/8499
f 3109/4089/8500 3110/4088/8501 3121/4096/8502 3120/4095/8503
f 3110/4088/8504 3111/4087/8505 3122/4097/8506 3121/4096/8507
f 3111/4087/8508 3112/4086/8509 3123/4098/8510 3122/4097/8511
f 3112/4086/8512 3113/4085/8513 3124/4099/8514 3123/4098/8515
f 3113/4085/8516 3114/4084/8517 3125/4100/8518 3124/4099/8519
f 3114/4084/8520 3115/4083/8521 3126/4101/8522 3125/4100/8523
f 3115/4083/8524 3116/4082/8525 3127/4102/8526 3126/4101/8527
f 3116/4082/8528 3117/4091/8529 3128/4103/8530 3127/4102/8531
f 3117/4091/8532 3108/4090/8533 3119/4094/8534 3128/4103/8535
f 3119/4094/8536 3120/4095/8537 3130/4105/8538 3129/4104/8539
f 3120/4095/8540 3121/4096/8541 3132/4106/8542 3130/4105/8543
f 3121/4096/8544 3122/4097/8545 3133/4107/8546 3132/4106/8547
f 3122/4097/8548 3123/4098/8549 3134/4108/8550 3133/4107/8551
f 3123/4098/8552 3124/4099/8553 3135/4109/8554 3134/4108/8555
f 3124/4099/8556 3125/4100/8557 3136/4110/8558 3135/4109/8559
f 3125/4100/8560 3126/4101/8561 3137/4111/8562 3136/4110/8563
f 3126/4101/8564 3127/4102/8565 3138/4112/8566 3137/4111/8567
f 3127/4102/8568 3128/4103/8569 3139/4113/8570 3138/4112/8571
f 3128/4103/8572 3119/4094/8573 3129/4104/8574 3139/4113/8575
g default
v 835.905691 -0.790891 -104.106456
v 830.118382 -0.790891 -96.928231
v 832.122243 -0.790891 -87.927984
v 840.408285 -0.790891 -83.883087
v 848.736996 -0.790891 -87.839408
v 850.836660 -0.790891 -96.817786
v 845.126198 -0.790891 -104.057315
v 835.480117 35.854783 -107.366954
v 826.548606 39.023501 -98.988611
v 827.981637 43.273670 -87.161005
v 838.700134 45.404835 -80.790621
v 850.632795 43.812181 -84.674438
v 854.794121 39.695006 -95.887874
v 848.050567 36.153634 -105.987019
v 840.464917 -0.790891 -94.508599
v 840.464917 60.575890 -94.508599
v 842.095852 -0.171857 -88.401473
v 837.422475 -0.485574 -85.501261
v 836.763423 -1.713721 -80.171359
v 840.615005 -2.931480 -76.425338
v 846.076883 -3.221851 -77.084007
v 849.036196 -2.366181 -81.651348
v 847.264443 -1.008806 -86.688126
v 843.720988 24.146635 -84.881492
v 837.309707 23.716256 -80.902779
v 836.405593 22.031401 -73.590864
v 841.689446 20.360797 -68.451804
v 849.182441 19.962444 -69.355372
v 853.242231 21.136311 -75.621213
v 850.811645 22.998451 -82.530984
v 842.753484 -1.699924 -82.274707
v 845.673595 33.834973 -73.725450
v 845.920999 -2.261850 -105.023096
v 843.675185 0.041631 -100.550866
v 845.687553 0.271775 -95.427611
v 850.442712 -1.744722 -93.511236
v 854.359973 -4.489397 -96.244757
v 854.489511 -5.895452 -101.569899
v 850.733842 -4.904101 -105.476571
v 854.562115 12.796640 -107.820821
v 852.710727 14.695548 -104.134091
v 854.369668 14.885269 -99.910628
v 858.289641 13.222941 -98.330830
v 861.518867 10.960328 -100.584293
v 861.625676 9.801226 -104.974074
v 858.529600 10.618460 -108.194662
v 849.329976 -2.711731 -99.686280
v 861.194568 19.873443 -105.361105
vt 0.597420 0.034089
vt 0.465231 0.003918
vt 0.359224 0.088456
vt 0.359224 0.224044
vt 0.465231 0.308582
vt 0.597420 0.278411
vt 0.656250 0.156250
vt 0.375000 0.312500
vt 0.410714 0.312500
vt 0.446429 0.312500
vt 0.482143 0.312500
vt 0.517857 0.312500
vt 0.553571 0.312500
vt 0.589286 0.312500
vt 0.625000 0.312500
vt 0.375000 0.687500
vt 0.410714 0.687500
vt 0.446429 0.687500
vt 0.482143 0.687500
vt 0.517857 0.687500
vt 0.553571 0.687500
vt 0.589286 0.687500
vt 0.625000 0.687500
vt 0.597420 0.721589
vt 0.465231 0.691418
vt 0.359224 0.775956
vt 0.359224 0.911544
vt 0.465231 0.996082
vt 0.597420 0.965911
vt 0.656250 0.843750
vt 0.500000 0.156250
vt 0.500000 0.843750
vt 0.375000 0.312500
vt 0.410714 0.312500
vt 0.410714 0.687500
vt 0.375000 0.687500
vt 0.446429 0.312500
vt 0.446429 0.687500
vt 0.482143 0.312500
vt 0.482143 0.687500
vt 0.517857 0.312500
vt 0.517857 0.687500
vt 0.553571 0.312500
vt 0.553571 0.687500
vt 0.589286 0.312500
vt 0.589286 0.687500
vt 0.625000 0.312500
vt 0.625000 0.687500
vt 0.465231 0.003918
vt 0.597420 0.034089
vt 0.500000 0.156250
vt 0.359224 0.088456
vt 0.359224 0.224044
vt 0.465231 0.308582
vt 0.597420 0.278411
vt 0.656250 0.156250
vt 0.597420 0.965911
vt 0.465231 0.996082
vt 0.500000 0.843750
vt 0.359224 0.911544
vt 0.359224 0.775956
vt 0.465231 0.691418
vt 0.597420 0.721589
vt 0.656250 0.843750
vt 0.375000 0.312500
vt 0.410714 0.312500
vt 0.410714 0.687500
vt 0.375000 0.687500
vt 0.446429 0.312500
vt 0.446429 0.687500
vt 0.482143 0.312500
vt 0.482143 0.687500
vt 0.517857 0.312500
vt 0.517857 0.687500
vt 0.553571 0.312500
vt 0.553571 0.687500
vt 0.589286 0.312500
vt 0.589286 0.687500
vt 0.625000 0.312500
vt 0.625000 0.687500
vt 0.465231 0.003918
vt 0.597420 0.034089
vt 0.500000 0.156250
vt 0.359224 0.088456
vt 0.359224 0.224044
vt 0.465231 0.308582
vt 0.597420 0.278411
vt 0.656250 0.156250
vt 0.597420 0.965911
vt 0.465231 0.996082
vt 0.500000 0.843750
vt 0.359224 0.911544
vt 0.359224 0.775956
vt 0.465231 0.691418
vt 0.597420 0.721589
vt 0.656250 0.843750
vn -0.732363 -0.085281 -0.675553
vn -0.732363 -0.085281 -0.675553
vn -0.732363 -0.085281 -0.675553
vn -0.732363 -0.085281 -0.675553
vn -0.979875 -0.087305 0.179505
vn -0.979875 -0.087305 0.179505
vn -0.979875 -0.087305 0.179505
vn -0.979875 -0.087305 0.179505
vn -0.473584 -0.068235 0.878101
vn -0.473584 -0.068235 0.878101
vn -0.473584 -0.068235 0.878101
vn -0.473584 -0.068235 0.878101
vn 0.355667 -0.064988 0.932351
vn 0.355667 -0.064988 0.932351
vn 0.355667 -0.064988 0.932351
vn 0.355667 -0.064988 0.932351
vn 0.947333 -0.080090 0.310075
vn 0.947333 -0.080090 0.310075
vn 0.947333 -0.080090 0.310075
vn 0.947333 -0.080090 0.310075
vn 0.817263 -0.080004 -0.570684
vn 0.817263 -0.080004 -0.570684
vn 0.817263 -0.080004 -0.570684
vn 0.817263 -0.080004 -0.570684
vn 0.066257 -0.072438 -0.995170
vn 0.066257 -0.072438 -0.995170
vn 0.066257 -0.072438 -0.995170
vn 0.066257 -0.072438 -0.995170
vn -0.000000 -1.000000 -0.000000
vn -0.000000 -1.000000 -0.000000
vn -0.000000 -1.000000 -0.000000
vn -0.000000 -1.000000 -0.000000
vn 0.000000 -1.000000 0.000000
vn 0.000000 -1.000000 0.000000
vn 0.000000 -1.000000 0.000000
vn 0.000000 -1.000000 0.000000
vn -0.191762 0.483042 -0.854341
vn -0.665812 0.537483 -0.517501
vn 0.012685 0.972445 -0.232786
vn -0.754182 0.627000 0.195140
vn -0.105056 0.673679 0.731519
vn 0.673205 0.632776 0.382609
vn 0.757107 0.543498 -0.362490
vn 0.344885 0.484867 -0.803716
vn -0.528361 0.156104 -0.834546
vn -0.528361 0.156104 -0.834546
vn -0.528361 0.156104 -0.834546
vn -0.528361 0.156104 -0.834546
vn -0.992778 0.017915 -0.118624
vn -0.992778 0.017915 -0.118624
vn -0.992778 0.017915 -0.118624
vn -0.992778 0.017915 -0.118624
vn -0.714849 -0.196737 0.671033
vn -0.714849 -0.196737 0.671033
vn -0.714849 -0.196737 0.671033
vn -0.714849 -0.196737 0.671033
vn 0.096049 -0.326340 0.940360
vn 0.096049 -0.326340 0.940360
vn 0.096049 -0.326340 0.940360
vn 0.096049 -0.326340 0.940360
vn 0.829840 -0.273326 0.486475
vn 0.829840 -0.273326 0.486475
vn 0.829840 -0.273326 0.486475
vn 0.829840 -0.273326 0.486475
vn 0.933780 -0.077477 -0.349359
vn 0.933780 -0.077477 -0.349359
vn 0.933780 -0.077477 -0.349359
vn 0.933780 -0.077477 -0.349359
vn 0.329152 0.113689 -0.937408
vn 0.329152 0.113689 -0.937408
vn 0.329152 0.113689 -0.937408
vn 0.329152 0.113689 -0.937408
vn -0.079642 -0.969169 -0.233172
vn -0.079642 -0.969169 -0.233172
vn -0.079642 -0.969169 -0.233172
vn -0.079642 -0.969169 -0.233173
vn -0.079642 -0.969169 -0.233172
vn -0.079643 -0.969169 -0.233171
vn -0.079642 -0.969169 -0.233169
vn -0.079641 -0.969169 -0.233173
vn -0.039951 0.757873 -0.651178
vn -0.636343 0.720834 -0.274710
vn 0.081951 0.969517 0.230911
vn -0.716545 0.567247 0.405947
vn -0.226719 0.412376 0.882352
vn 0.469694 0.371138 0.801027
vn 0.852464 0.475721 0.216785
vn 0.626067 0.648583 -0.432873
vn -0.761949 0.334168 -0.554766
vn -0.761949 0.334168 -0.554766
vn -0.761949 0.334168 -0.554766
vn -0.761949 0.334168 -0.554766
vn -0.783913 0.552575 0.283093
vn -0.783913 0.552575 0.283093
vn -0.783913 0.552575 0.283093
vn -0.783913 0.552575 0.283093
vn -0.195936 0.392135 0.898799
vn -0.195936 0.392135 0.898799
vn -0.195936 0.392135 0.898799
vn -0.195936 0.392135 0.898799
vn 0.559469 -0.026557 0.828426
vn 0.559469 -0.026557 0.828426
vn 0.559469 -0.026557 0.828426
vn 0.559469 -0.026557 0.828426
vn 0.913148 -0.388096 0.124669
vn 0.913148 -0.388096 0.124669
vn 0.913148 -0.388096 0.124669
vn 0.913148 -0.388096 0.124669
vn 0.598610 -0.420064 -0.682064
vn 0.598610 -0.420064 -0.682064
vn 0.598610 -0.420064 -0.682064
vn 0.598610 -0.420064 -0.682064
vn -0.146870 -0.098587 -0.984231
vn -0.146870 -0.098587 -0.984231
vn -0.146870 -0.098587 -0.984231
vn -0.146870 -0.098587 -0.984231
vn -0.453964 -0.864159 0.217131
vn -0.453968 -0.864156 0.217135
vn -0.453965 -0.864158 0.217131
vn -0.453965 -0.864159 0.217130
vn -0.453965 -0.864159 0.217130
vn -0.453963 -0.864160 0.217130
vn -0.453966 -0.864157 0.217134
vn -0.453967 -0.864158 0.217128
vn -0.227848 0.503259 -0.833556
vn -0.531080 0.816454 -0.226618
vn 0.450574 0.865123 -0.220332
vn -0.252049 0.850095 0.462395
vn 0.389696 0.583216 0.712739
vn 0.912335 0.218704 0.346141
vn 0.931058 0.025868 -0.363953
vn 0.426502 0.150262 -0.891918
s off
g crystal_3
usemtl lambert4SG
f 3140/4121/8576 3141/4122/8577 3148/4130/8578 3147/4129/8579
f 3141/4122/8580 3142/4123/8581 3149/4131/8582 3148/4130/8583
f 3142/4123/8584 3143/4124/8585 3150/4132/8586 3149/4131/8587
f 3143/4124/8588 3144/4125/8589 3151/4133/8590 3150/4132/8591
f 3144/4125/8592 3145/4126/8593 3152/4134/8594 3151/4133/8595
f 3145/4126/8596 3146/4127/8597 3153/4135/8598 3152/4134/8599
f 3146/4127/8600 3140/4128/8601 3147/4136/8602 3153/4135/8603
s 1
f 3141/4115/8604 3140/4114/8605 3154/4144/8606
f 3142/4116/8607 3141/4115/8604 3154/4144/8606
f 3143/4117/8608 3142/4116/8607 3154/4144/8606
f 3144/4118/8609 3143/4117/8608 3154/4144/8606
f 3145/4119/8610 3144/4118/8609 3154/4144/8606
f 3146/4120/8611 3145/4119/8610 3154/4144/8606
f 3140/4114/8605 3146/4120/8611 3154/4144/8606
s 2
f 3147/4142/8612 3148/4141/8613 3155/4145/8614
f 3148/4141/8613 3149/4140/8615 3155/4145/8614
f 3149/4140/8615 3150/4139/8616 3155/4145/8614
f 3150/4139/8616 3151/4138/8617 3155/4145/8614
f 3151/4138/8617 3152/4137/8618 3155/4145/8614
f 3152/4137/8618 3153/4143/8619 3155/4145/8614
f 3153/4143/8619 3147/4142/8612 3155/4145/8614
s off
f 3156/4146/8620 3157/4147/8621 3164/4148/8622 3163/4149/8623
f 3157/4147/8624 3158/4150/8625 3165/4151/8626 3164/4148/8627
f 3158/4150/8628 3159/4152/8629 3166/4153/8630 3165/4151/8631
f 3159/4152/8632 3160/4154/8633 3167/4155/8634 3166/4153/8635
f 3160/4154/8636 3161/4156/8637 3168/4157/8638 3167/4155/8639
f 3161/4156/8640 3162/4158/8641 3169/4159/8642 3168/4157/8643
f 3162/4158/8644 3156/4160/8645 3163/4161/8646 3169/4159/8647
s 3
f 3157/4162/8648 3156/4163/8649 3170/4164/8650
f 3158/4165/8651 3157/4162/8648 3170/4164/8650
f 3159/4166/8652 3158/4165/8651 3170/4164/8650
f 3160/4167/8653 3159/4166/8652 3170/4164/8650
f 3161/4168/8654 3160/4167/8653 3170/4164/8650
f 3162/4169/8655 3161/4168/8654 3170/4164/8650
f 3156/4163/8649 3162/4169/8655 3170/4164/8650
s 4
f 3163/4170/8656 3164/4171/8657 3171/4172/8658
f 3164/4171/8657 3165/4173/8659 3171/4172/8658
f 3165/4173/8659 3166/4174/8660 3171/4172/8658
f 3166/4174/8660 3167/4175/8661 3171/4172/8658
f 3167/4175/8661 3168/4176/8662 3171/4172/8658
f 3168/4176/8662 3169/4177/8663 3171/4172/8658
f 3169/4177/8663 3163/4170/8656 3171/4172/8658
s off
f 3172/4178/8664 3173/4179/8665 3180/4180/8666 3179/4181/8667
f 3173/4179/8668 3174/4182/8669 3181/4183/8670 3180/4180/8671
f 3174/4182/8672 3175/4184/8673 3182/4185/8674 3181/4183/8675
f 3175/4184/8676 3176/4186/8677 3183/4187/8678 3182/4185/8679
f 3176/4186/8680 3177/4188/8681 3184/4189/8682 3183/4187/8683
f 3177/4188/8684 3178/4190/8685 3185/4191/8686 3184/4189/8687
f 3178/4190/8688 3172/4192/8689 3179/4193/8690 3185/4191/8691
s 5
f 3173/4194/8692 3172/4195/8693 3186/4196/8694
f 3174/4197/8695 3173/4194/8692 3186/4196/8694
f 3175/4198/8696 3174/4197/8695 3186/4196/8694
f 3176/4199/8697 3175/4198/8696 3186/4196/8694
f 3177/4200/8698 3176/4199/8697 3186/4196/8694
f 3178/4201/8699 3177/4200/8698 3186/4196/8694
f 3172/4195/8693 3178/4201/8699 3186/4196/8694
s 6
f 3179/4202/8700 3180/4203/8701 3187/4204/8702
f 3180/4203/8701 3181/4205/8703 3187/4204/8702
f 3181/4205/8703 3182/4206/8704 3187/4204/8702
f 3182/4206/8704 3183/4207/8705 3187/4204/8702
f 3183/4207/8705 3184/4208/8706 3187/4204/8702
f 3184/4208/8706 3185/4209/8707 3187/4204/8702
f 3185/4209/8707 3179/4202/8700 3187/4204/8702
g default
v 2379.936680 11.969941 -657.053996
v 2463.791944 5.221256 -664.523918
v 2380.024704 13.192979 -657.170808
v 2463.879969 6.444294 -664.640729
v 2373.797024 7.458886 -721.900564
v 2457.652288 0.710202 -729.370485
v 2373.708999 6.235848 -721.783752
v 2457.564264 -0.512836 -729.253674
vt 0.375000 0.000000
vt 0.625000 0.000000
vt 0.375000 0.250000
vt 0.625000 0.250000
vt 0.375000 0.500000
vt 0.625000 0.500000
vt 0.375000 0.750000
vt 0.625000 0.750000
vt 0.375000 1.000000
vt 0.625000 1.000000
vt 0.875000 0.000000
vt 0.875000 0.250000
vt 0.125000 0.000000
vt 0.125000 0.250000
vn 0.095398 0.087837 0.991556
vn 0.095398 0.087837 0.991556
vn 0.095398 0.087837 0.991556
vn 0.095398 0.087837 0.991556
vn 0.071463 0.992925 -0.094834
vn 0.071463 0.992925 -0.094834
vn 0.071463 0.992925 -0.094834
vn 0.071463 0.992925 -0.094834
vn -0.095398 -0.087837 -0.991556
vn -0.095398 -0.087837 -0.991556
vn -0.095398 -0.087837 -0.991556
vn -0.095398 -0.087837 -0.991556
vn -0.071463 -0.992925 0.094834
vn -0.071463 -0.992925 0.094834
vn -0.071463 -0.992925 0.094834
vn -0.071463 -0.992925 0.094834
vn 0.992871 -0.079906 -0.088446
vn 0.992871 -0.079906 -0.088446
vn 0.992871 -0.079906 -0.088446
vn 0.992871 -0.079906 -0.088446
vn -0.992871 0.079906 0.088446
vn -0.992871 0.079906 0.088446
vn -0.992871 0.079906 0.088446
vn -0.992871 0.079906 0.088446
s off
g pCube3
usemtl lambert6SG
f 3188/4210/8708 3189/4211/8709 3191/4213/8710 3190/4212/8711
f 3190/4212/8712 3191/4213/8713 3193/4215/8714 3192/4214/8715
f 3192/4214/8716 3193/4215/8717 3195/4217/8718 3194/4216/8719
f 3194/4216/8720 3195/4217/8721 3189/4219/8722 3188/4218/8723
f 3189/4211/8724 3195/4220/8725 3193/4221/8726 3191/4213/8727
f 3194/4222/8728 3188/4210/8729 3190/4212/8730 3192/4223/8731
g default
v 230.187462 -0.473785 377.808942
v 224.609337 -0.473785 377.842329
v 220.116173 -0.473785 381.148115
v 218.424401 -0.473785 386.463483
v 220.179894 -0.473785 391.758161
v 224.712242 -0.473785 395.009870
v 230.290245 -0.473785 394.976606
v 234.783531 -0.473785 391.670759
v 236.475426 -0.473785 386.355329
v 234.719811 -0.473785 381.060590
v 231.025231 36.383545 375.177106
v 223.740196 36.383545 375.220747
v 217.872032 36.383545 379.538129
v 215.662438 36.383545 386.480085
v 217.955040 36.383545 393.395063
v 223.874474 36.383545 397.641767
v 231.159386 36.383545 397.598127
v 237.027550 36.383545 393.280744
v 239.237389 36.383545 386.338728
v 236.944542 36.383545 379.423811
v 231.177696 73.240883 374.697919
v 223.581871 73.240883 374.743452
v 217.463463 73.240883 379.244978
v 215.159508 73.240883 386.483076
v 217.550011 73.240883 393.693037
v 223.722008 73.240883 398.121015
v 231.317711 73.240883 398.075422
v 237.436119 73.240883 393.573896
v 239.740196 73.240883 386.335859
v 237.349571 73.240883 379.125776
v 230.529869 105.695534 376.733259
v 224.254113 105.695534 376.770795
v 219.199059 105.695534 380.489973
v 217.295494 105.695534 386.470258
v 219.270592 105.695534 392.427168
v 224.369835 105.695534 396.085554
v 230.645714 105.695534 396.048017
v 235.700768 105.695534 392.328840
v 237.604210 105.695534 386.348554
v 235.629113 105.695534 380.391584
v 227.449791 -0.473785 386.409406
v 229.545128 112.597672 379.826826
v 225.275841 112.597672 379.852399
v 221.836876 112.597672 382.382551
v 220.541954 112.597672 386.450849
v 221.885582 112.597672 390.503278
v 225.354576 112.597672 392.992048
v 229.623863 112.597672 392.966474
v 233.062828 112.597672 390.436323
v 234.357750 112.597672 386.368024
v 233.014122 112.597672 382.315534
v 228.350426 114.171967 383.580061
v 226.515465 114.171967 383.591047
v 227.449791 114.171967 386.409406
v 225.037316 114.171967 384.678571
v 224.480675 114.171967 386.427229
v 225.058190 114.171967 388.169050
v 226.549279 114.171967 389.238813
v 228.384362 114.171967 389.227827
v 229.862511 114.171967 388.140302
v 230.419030 114.171967 386.391645
v 229.841515 114.171967 384.649763
v 230.521935 67.942490 389.610212
v 232.433800 63.475231 392.233015
v 232.419396 57.953396 392.243635
v 230.484337 53.486141 389.637922
v 227.367638 51.779797 385.411115
v 224.259972 53.486141 381.177717
v 222.348107 57.953396 378.554914
v 222.362511 63.475231 378.544294
v 224.297570 67.942490 381.150129
v 227.414147 69.648834 385.376875
v 256.644371 66.920532 370.390974
v 262.196373 63.013004 370.335554
v 265.972252 58.062069 365.984357
v 266.455284 55.578335 363.172712
v 263.740074 55.069714 358.650617
v 260.230919 55.424519 354.712507
v 256.654015 58.341000 355.002790
v 250.240563 62.727322 358.033308
v 250.420006 66.920532 361.930769
v 252.866051 68.413071 366.650983
v 256.283165 90.642395 368.781049
v 260.938317 90.642395 368.753156
v 264.687828 90.642395 365.994489
v 266.099938 90.642395 361.558515
v 264.634850 90.642395 357.139997
v 260.852501 90.642395 354.426313
v 256.197350 90.642395 354.454206
v 252.447838 90.642395 357.212873
v 251.035729 90.642395 361.648847
v 252.500817 90.642395 366.067487
v 257.013634 95.464233 366.486311
v 260.180504 95.464233 366.467390
v 262.731285 95.464233 364.590681
v 263.691735 95.464233 361.572981
v 262.695153 95.464233 358.567121
v 260.121910 95.464233 356.721052
v 256.955284 95.464233 356.739973
v 254.404503 95.464233 358.616804
v 253.443810 95.464233 361.634382
v 254.440514 95.464233 364.640363
v 257.899864 96.564026 363.702375
v 259.260948 96.564026 363.694318
v 258.567833 96.564026 361.603742
v 260.357384 96.564026 362.887556
v 260.770226 96.564026 361.590437
v 260.341881 96.564026 360.298444
v 259.235802 96.564026 359.504987
v 257.874718 96.564026 359.513166
v 256.778282 96.564026 360.319807
v 256.365441 96.564026 361.616804
v 256.793785 96.564026 362.908918
v 260.360680 62.437428 354.652937
v 264.717369 62.780903 357.715192
v 266.373375 62.667873 362.800153
v 266.406578 59.264622 362.951154
v 264.728112 59.188831 357.789411
v 260.303063 59.135342 354.679426
v 254.777428 54.791920 357.956159
v 258.334801 53.046810 362.627424
v 260.933068 54.154331 367.235700
v 264.050988 54.222759 364.941633
v 261.344811 53.359112 360.412885
v 257.185021 54.891926 356.273420
v 222.863488 74.542000 383.028242
v 221.071007 70.353806 380.569257
v 221.084679 65.176918 380.559309
v 222.898766 60.988724 383.002302
v 225.820885 59.388969 386.965009
v 228.734337 60.988724 390.933942
v 230.526818 65.176918 393.392927
v 230.513268 70.353806 393.402937
v 228.699059 74.542000 390.959882
v 225.777184 76.141754 386.997114
v 198.372887 73.583878 401.046918
v 193.167687 69.920456 401.098798
v 189.627648 65.278801 405.178205
v 189.174889 62.950218 407.814252
v 191.720543 62.473373 412.053815
v 195.010460 62.806007 415.745893
v 198.363854 65.540306 415.473737
v 204.376671 69.652618 412.632551
v 204.208458 73.583878 408.978559
v 201.915245 74.983185 404.553266
v 198.711632 95.823883 402.556257
v 194.347130 95.823883 402.582380
v 190.831993 95.823883 405.168806
v 189.508019 95.823883 409.327558
v 190.881554 95.823883 413.470075
v 194.427696 95.823883 416.014204
v 198.792076 95.823883 415.988081
v 202.307335 95.823883 413.401716
v 203.631188 95.823883 409.242902
v 202.257653 95.823883 405.100324
v 198.026696 100.344505 404.707624
v 195.057823 100.344505 404.725385
v 192.666344 100.344505 406.484846
v 191.765831 100.344505 409.314008
v 192.700157 100.344505 412.132185
v 195.112633 100.344505 413.862897
v 198.081505 100.344505 413.845075
v 200.472985 100.344505 412.085615
v 201.373497 100.344505 409.256513
v 200.439049 100.344505 406.438215
v 197.195885 101.375595 407.317609
v 195.919884 101.375595 407.325300
v 196.569542 101.375595 409.285261
v 194.891808 101.375595 408.081525
v 194.504723 101.375595 409.297590
v 194.906334 101.375595 410.508894
v 195.943321 101.375595 411.252912
v 197.219445 101.375595 411.245222
v 198.247399 101.375595 410.488874
v 198.634484 101.375595 409.272932
v 198.232872 101.375595 408.061506
v 194.888878 69.380836 415.801801
v 190.804161 69.702850 412.930769
v 189.251671 69.596878 408.163435
v 189.220665 66.406227 408.021894
v 190.794274 66.335175 412.861250
v 194.942833 66.285027 415.776960
v 200.123253 62.212929 412.704877
v 196.788170 60.576836 408.325422
v 194.352135 61.615166 404.005109
v 191.428917 61.679321 406.155805
v 193.966271 60.869621 410.401655
v 197.866051 62.306686 414.282575
vt 0.626409 0.064409
vt 0.548284 0.007647
vt 0.451716 0.007647
vt 0.373591 0.064409
vt 0.343750 0.156250
vt 0.373591 0.248091
vt 0.451716 0.304853
vt 0.548284 0.304853
vt 0.626409 0.248091
vt 0.656250 0.156250
vt 0.375000 0.312500
vt 0.400000 0.312500
vt 0.425000 0.312500
vt 0.450000 0.312500
vt 0.475000 0.312500
vt 0.500000 0.312500
vt 0.525000 0.312500
vt 0.550000 0.312500
vt 0.575000 0.312500
vt 0.600000 0.312500
vt 0.625000 0.312500
vt 0.375000 0.437500
vt 0.400000 0.437500
vt 0.425000 0.437500
vt 0.450000 0.437500
vt 0.475000 0.437500
vt 0.500000 0.437500
vt 0.525000 0.437500
vt 0.550000 0.437500
vt 0.575000 0.437500
vt 0.600000 0.437500
vt 0.625000 0.437500
vt 0.375000 0.562500
vt 0.400000 0.562500
vt 0.425000 0.562500
vt 0.450000 0.562500
vt 0.475000 0.562500
vt 0.500000 0.562500
vt 0.525000 0.562500
vt 0.550000 0.562500
vt 0.575000 0.562500
vt 0.600000 0.562500
vt 0.625000 0.562500
vt 0.375000 0.687500
vt 0.400000 0.687500
vt 0.425000 0.687500
vt 0.450000 0.687500
vt 0.475000 0.687500
vt 0.500000 0.687500
vt 0.525000 0.687500
vt 0.550000 0.687500
vt 0.575000 0.687500
vt 0.600000 0.687500
vt 0.625000 0.687500
vt 0.626409 0.751909
vt 0.548284 0.695147
vt 0.451716 0.695147
vt 0.373591 0.751909
vt 0.343750 0.843750
vt 0.373591 0.935591
vt 0.451716 0.992353
vt 0.548284 0.992353
vt 0.626409 0.935591
vt 0.656250 0.843750
vt 0.500000 0.156250
vt 0.500000 0.843750
vt 0.626409 0.935591
vt 0.548284 0.992353
vt 0.451716 0.992353
vt 0.373591 0.935591
vt 0.343750 0.843750
vt 0.373591 0.751909
vt 0.451716 0.695147
vt 0.548284 0.695147
vt 0.626409 0.751909
vt 0.656250 0.843750
vt 0.626409 0.935591
vt 0.548284 0.992353
vt 0.451716 0.992353
vt 0.373591 0.935591
vt 0.343750 0.843750
vt 0.373591 0.751909
vt 0.451716 0.695147
vt 0.548284 0.695147
vt 0.626409 0.751909
vt 0.656250 0.843750
vt 0.375000 0.312500
vt 0.400000 0.312500
vt 0.400000 0.687500
vt 0.375000 0.687500
vt 0.425000 0.312500
vt 0.425000 0.687500
vt 0.450000 0.312500
vt 0.450000 0.629930
vt 0.475000 0.312500
vt 0.475000 0.623183
vt 0.500000 0.312500
vt 0.500000 0.634472
vt 0.525000 0.312500
vt 0.525000 0.687500
vt 0.550000 0.312500
vt 0.550000 0.687500
vt 0.575000 0.312500
vt 0.575000 0.687500
vt 0.600000 0.312500
vt 0.600000 0.687500
vt 0.625000 0.312500
vt 0.625000 0.687500
vt 0.375000 0.562500
vt 0.400000 0.562500
vt 0.400000 0.687500
vt 0.375000 0.687500
vt 0.425000 0.562500
vt 0.425000 0.687500
vt 0.450000 0.575218
vt 0.450000 0.591346
vt 0.475000 0.577631
vt 0.475000 0.594214
vt 0.500000 0.572594
vt 0.500000 0.588564
vt 0.525000 0.562500
vt 0.550000 0.562500
vt 0.550000 0.687500
vt 0.525000 0.687500
vt 0.575000 0.562500
vt 0.575000 0.687500
vt 0.600000 0.562500
vt 0.600000 0.687500
vt 0.625000 0.562500
vt 0.625000 0.687500
vt 0.626409 0.935591
vt 0.548284 0.992353
vt 0.500000 0.843750
vt 0.451716 0.992353
vt 0.373591 0.935591
vt 0.343750 0.843750
vt 0.373591 0.751909
vt 0.451716 0.695147
vt 0.548284 0.695147
vt 0.626409 0.751909
vt 0.656250 0.843750
vt 0.626409 0.935591
vt 0.548284 0.992353
vt 0.548284 0.992353
vt 0.626409 0.935591
vt 0.451716 0.992353
vt 0.451716 0.992353
vt 0.373591 0.935591
vt 0.373591 0.935591
vt 0.343750 0.843750
vt 0.343750 0.843750
vt 0.373591 0.751909
vt 0.373591 0.751909
vt 0.451716 0.695147
vt 0.451716 0.695147
vt 0.548284 0.695147
vt 0.548284 0.695147
vt 0.626409 0.751909
vt 0.626409 0.751909
vt 0.656250 0.843750
vt 0.656250 0.843750
vt 0.500000 0.687500
vt 0.475000 0.687500
vt 0.450000 0.687500
vt 0.450000 0.562500
vt 0.475000 0.562500
vt 0.500000 0.562500
vt 0.500000 0.659131
vt 0.500000 0.687500
vt 0.475000 0.653382
vt 0.475000 0.687500
vt 0.450000 0.662436
vt 0.450000 0.687500
vt 0.375000 0.312500
vt 0.400000 0.312500
vt 0.400000 0.687500
vt 0.375000 0.687500
vt 0.425000 0.312500
vt 0.425000 0.687500
vt 0.450000 0.312500
vt 0.450000 0.629930
vt 0.475000 0.312500
vt 0.475000 0.623183
vt 0.500000 0.312500
vt 0.500000 0.634472
vt 0.525000 0.312500
vt 0.525000 0.687500
vt 0.550000 0.312500
vt 0.550000 0.687500
vt 0.575000 0.312500
vt 0.575000 0.687500
vt 0.600000 0.312500
vt 0.600000 0.687500
vt 0.625000 0.312500
vt 0.625000 0.687500
vt 0.375000 0.562500
vt 0.400000 0.562500
vt 0.400000 0.687500
vt 0.375000 0.687500
vt 0.425000 0.562500
vt 0.425000 0.687500
vt 0.450000 0.575218
vt 0.450000 0.591346
vt 0.475000 0.577631
vt 0.475000 0.594214
vt 0.500000 0.572594
vt 0.500000 0.588564
vt 0.525000 0.562500
vt 0.550000 0.562500
vt 0.550000 0.687500
vt 0.525000 0.687500
vt 0.575000 0.562500
vt 0.575000 0.687500
vt 0.600000 0.562500
vt 0.600000 0.687500
vt 0.625000 0.562500
vt 0.625000 0.687500
vt 0.626409 0.935591
vt 0.548284 0.992353
vt 0.500000 0.843750
vt 0.451716 0.992353
vt 0.373591 0.935591
vt 0.343750 0.843750
vt 0.373591 0.751909
vt 0.451716 0.695147
vt 0.548284 0.695147
vt 0.626409 0.751909
vt 0.656250 0.843750
vt 0.626409 0.935591
vt 0.548284 0.992353
vt 0.548284 0.992353
vt 0.626409 0.935591
vt 0.451716 0.992353
vt 0.451716 0.992353
vt 0.373591 0.935591
vt 0.373591 0.935591
vt 0.343750 0.843750
vt 0.343750 0.843750
vt 0.373591 0.751909
vt 0.373591 0.751909
vt 0.451716 0.695147
vt 0.451716 0.695147
vt 0.548284 0.695147
vt 0.548284 0.695147
vt 0.626409 0.751909
vt 0.626409 0.751909
vt 0.656250 0.843750
vt 0.656250 0.843750
vt 0.500000 0.687500
vt 0.475000 0.687500
vt 0.450000 0.687500
vt 0.450000 0.562500
vt 0.475000 0.562500
vt 0.500000 0.562500
vt 0.500000 0.659131
vt 0.500000 0.687500
vt 0.475000 0.653382
vt 0.475000 0.687500
vt 0.450000 0.662436
vt 0.450000 0.687500
vn -0.005975 -0.071088 -0.997452
vn -0.005975 -0.071088 -0.997452
vn -0.005989 -0.039718 -0.999193
vn -0.005989 -0.039718 -0.999193
vn -0.591119 -0.071085 -0.803446
vn -0.591119 -0.071085 -0.803446
vn -0.592152 -0.039716 -0.804847
vn -0.592152 -0.039716 -0.804847
vn -0.950486 -0.071092 -0.302528
vn -0.950486 -0.071092 -0.302528
vn -0.952142 -0.039720 -0.303064
vn -0.952142 -0.039720 -0.303064
vn -0.946789 -0.071093 0.313906
vn -0.946789 -0.071093 0.313906
vn -0.948442 -0.039719 0.314454
vn -0.948441 -0.039719 0.314454
vn -0.581447 -0.071096 0.810472
vn -0.581447 -0.071096 0.810472
vn -0.582464 -0.039720 0.811885
vn -0.582464 -0.039720 0.811885
vn 0.005958 -0.071087 0.997452
vn 0.005958 -0.071087 0.997452
vn 0.005981 -0.039718 0.999193
vn 0.005981 -0.039718 0.999193
vn 0.591120 -0.071085 0.803445
vn 0.591120 -0.071085 0.803445
vn 0.592150 -0.039716 0.804848
vn 0.592150 -0.039716 0.804848
vn 0.950478 -0.071086 0.302554
vn 0.950478 -0.071086 0.302554
vn 0.952135 -0.039718 0.303085
vn 0.952135 -0.039718 0.303085
vn 0.946781 -0.071091 -0.313929
vn 0.946781 -0.071091 -0.313929
vn 0.948434 -0.039719 -0.314476
vn 0.948434 -0.039719 -0.314476
vn 0.581452 -0.071089 -0.810469
vn 0.581452 -0.071089 -0.810469
vn 0.582468 -0.039718 -0.811883
vn 0.582468 -0.039718 -0.811883
vn -0.005995 0.020892 -0.999764
vn -0.005995 0.020892 -0.999764
vn -0.592490 0.020892 -0.805307
vn -0.592490 0.020892 -0.805307
vn -0.952684 0.020893 -0.303244
vn -0.952684 0.020893 -0.303244
vn -0.948982 0.020893 0.314638
vn -0.948982 0.020893 0.314638
vn -0.582802 0.020893 0.812346
vn -0.582802 0.020893 0.812346
vn 0.005991 0.020893 0.999764
vn 0.005991 0.020893 0.999764
vn 0.592490 0.020892 0.805307
vn 0.592490 0.020891 0.805307
vn 0.952680 0.020892 0.303255
vn 0.952680 0.020892 0.303255
vn 0.948978 0.020894 -0.314651
vn 0.948978 0.020894 -0.314651
vn 0.582800 0.020893 -0.812347
vn 0.582800 0.020893 -0.812347
vn -0.005984 0.062469 -0.998029
vn -0.005984 0.062469 -0.998029
vn -0.591459 0.062469 -0.803912
vn -0.591459 0.062469 -0.803912
vn -0.951030 0.062471 -0.302719
vn -0.951030 0.062471 -0.302719
vn -0.947333 0.062468 0.314099
vn -0.947333 0.062468 0.314099
vn -0.581794 0.062470 0.810934
vn -0.581794 0.062470 0.810934
vn 0.005975 0.062472 0.998029
vn 0.005975 0.062472 0.998029
vn 0.591465 0.062467 0.803908
vn 0.591465 0.062467 0.803908
vn 0.951029 0.062473 0.302722
vn 0.951029 0.062473 0.302722
vn 0.947333 0.062474 -0.314099
vn 0.947333 0.062474 -0.314099
vn 0.581787 0.062470 -0.810939
vn 0.581786 0.062470 -0.810939
vn 0.000000 -1.000000 0.000000
vn 0.000000 -1.000000 -0.000000
vn 0.000000 -1.000000 0.000000
vn 0.000000 -1.000000 0.000000
vn 0.000000 -1.000000 0.000000
vn 0.000000 -1.000000 0.000000
vn 0.000000 -1.000000 0.000000
vn 0.000000 -1.000000 0.000000
vn 0.000000 -1.000000 0.000000
vn 0.000000 -1.000000 -0.000000
vn 0.000000 -1.000000 -0.000000
vn 0.000000 1.000000 0.000006
vn 0.000000 1.000000 0.000003
vn 0.000000 1.000000 0.000001
vn 0.000000 1.000000 0.000003
vn 0.000000 1.000000 0.000000
vn 0.000000 1.000000 0.000000
vn 0.000000 1.000000 0.000001
vn 0.000000 1.000000 0.000003
vn 0.000000 1.000000 0.000001
vn 0.000000 1.000000 -0.000006
vn 0.000000 1.000000 -0.000000
vn -0.005475 0.408345 -0.912811
vn -0.005475 0.408345 -0.912811
vn -0.005475 0.408345 -0.912811
vn -0.005475 0.408345 -0.912811
vn -0.540952 0.408347 -0.735272
vn -0.540952 0.408347 -0.735272
vn -0.540952 0.408347 -0.735272
vn -0.540952 0.408347 -0.735272
vn -0.869828 0.408344 -0.276866
vn -0.869828 0.408344 -0.276866
vn -0.869828 0.408344 -0.276866
vn -0.869828 0.408344 -0.276866
vn -0.866434 0.408364 0.287282
vn -0.866434 0.408364 0.287282
vn -0.866434 0.408364 0.287282
vn -0.866434 0.408364 0.287282
vn -0.532119 0.408339 0.741693
vn -0.532119 0.408339 0.741693
vn -0.532119 0.408339 0.741693
vn -0.532119 0.408339 0.741693
vn 0.005462 0.408352 0.912808
vn 0.005462 0.408352 0.912808
vn 0.005462 0.408352 0.912808
vn 0.005462 0.408352 0.912808
vn 0.540957 0.408354 0.735263
vn 0.540957 0.408354 0.735263
vn 0.540957 0.408354 0.735263
vn 0.540957 0.408354 0.735263
vn 0.869826 0.408354 0.276857
vn 0.869826 0.408354 0.276857
vn 0.869826 0.408354 0.276857
vn 0.869826 0.408354 0.276857
vn 0.866446 0.408342 -0.287278
vn 0.866446 0.408342 -0.287278
vn 0.866446 0.408342 -0.287278
vn 0.866446 0.408342 -0.287278
vn 0.532107 0.408352 -0.741694
vn 0.532107 0.408352 -0.741694
vn 0.532107 0.408352 -0.741694
vn 0.532107 0.408352 -0.741694
vn -0.002313 0.921903 -0.387413
vn -0.002313 0.921903 -0.387413
vn -0.002313 0.921903 -0.387413
vn -0.002313 0.921903 -0.387413
vn -0.229615 0.921887 -0.312092
vn -0.229615 0.921887 -0.312092
vn -0.229615 0.921887 -0.312092
vn -0.229615 0.921887 -0.312092
vn -0.369194 0.921893 -0.117515
vn -0.369194 0.921893 -0.117515
vn -0.369194 0.921893 -0.117515
vn -0.369194 0.921893 -0.117515
vn -0.367746 0.921898 0.121929
vn -0.367746 0.921898 0.121929
vn -0.367746 0.921898 0.121929
vn -0.367746 0.921898 0.121929
vn -0.225853 0.921896 0.314799
vn -0.225853 0.921896 0.314799
vn -0.225853 0.921896 0.314799
vn -0.225853 0.921896 0.314799
vn 0.002323 0.921895 0.387432
vn 0.002323 0.921895 0.387432
vn 0.002323 0.921895 0.387432
vn 0.002323 0.921895 0.387432
vn 0.229607 0.921893 0.312079
vn 0.229607 0.921893 0.312079
vn 0.229607 0.921893 0.312079
vn 0.229607 0.921893 0.312079
vn 0.369179 0.921900 0.117506
vn 0.369179 0.921900 0.117506
vn 0.369179 0.921900 0.117506
vn 0.369179 0.921900 0.117506
vn 0.367751 0.921897 -0.121924
vn 0.367751 0.921897 -0.121924
vn 0.367751 0.921897 -0.121924
vn 0.367751 0.921897 -0.121924
vn 0.225843 0.921894 -0.314811
vn 0.225843 0.921894 -0.314811
vn 0.225843 0.921894 -0.314811
vn 0.225843 0.921894 -0.314811
vn 0.476952 0.616968 0.625993
vn 0.476952 0.616968 0.625993
vn 0.476952 0.616968 0.625993
vn 0.476952 0.616968 0.625993
vn 0.601174 -0.111980 0.791233
vn 0.601174 -0.111980 0.791233
vn 0.601174 -0.111980 0.791233
vn 0.601174 -0.111980 0.791233
vn 0.514768 -0.536799 0.668476
vn 0.514768 -0.536799 0.668476
vn 0.515018 -0.535867 0.669031
vn 0.520797 -0.533228 0.666662
vn 0.173862 -0.965277 0.194969
vn 0.173862 -0.965277 0.194969
vn 0.171673 -0.967090 0.187788
vn 0.172170 -0.966685 0.189416
vn -0.151857 -0.954585 -0.256335
vn -0.151857 -0.954585 -0.256335
vn -0.148653 -0.955043 -0.256505
vn -0.148617 -0.955048 -0.256507
vn -0.499463 -0.496182 -0.710169
vn -0.499463 -0.496182 -0.710169
vn -0.496389 -0.490003 -0.716586
vn -0.499770 -0.494849 -0.710882
vn -0.574166 -0.124137 -0.809273
vn -0.574166 -0.124137 -0.809273
vn -0.574166 -0.124137 -0.809273
vn -0.574166 -0.124137 -0.809273
vn -0.460220 0.602197 -0.652347
vn -0.460220 0.602197 -0.652347
vn -0.460220 0.602197 -0.652347
vn -0.460220 0.602197 -0.652347
vn -0.143956 0.956805 -0.252590
vn -0.143956 0.956805 -0.252590
vn -0.143956 0.956805 -0.252590
vn -0.143956 0.956805 -0.252590
vn 0.198307 0.956804 0.212605
vn 0.198307 0.956804 0.212605
vn 0.198307 0.956804 0.212605
vn 0.198307 0.956804 0.212605
vn 0.032273 0.063030 0.997490
vn 0.032273 0.063030 0.997490
vn 0.032273 0.063030 0.997490
vn 0.032273 0.063030 0.997490
vn 0.702530 0.048206 0.710020
vn 0.702530 0.048206 0.710020
vn 0.702530 0.048206 0.710020
vn 0.702530 0.048206 0.710020
vn 0.970929 0.028882 0.237617
vn 0.988682 0.018473 0.148888
vn 0.968417 0.029834 0.247543
vn 0.928629 -0.090894 -0.359704
vn 0.930167 -0.085951 -0.356934
vn 0.950150 -0.004087 -0.311767
vn 0.950162 -0.004085 -0.311729
vn 0.617278 -0.097821 -0.780640
vn 0.618699 -0.100813 -0.779133
vn 0.578642 -0.015884 -0.815427
vn 0.578702 -0.015884 -0.815384
vn -0.086810 -0.006802 -0.996202
vn -0.043360 -0.012233 -0.998985
vn -0.039546 -0.012691 -0.999137
vn -0.496681 -0.005293 -0.867917
vn -0.496681 -0.005293 -0.867917
vn -0.496681 -0.005293 -0.867917
vn -0.496681 -0.005293 -0.867917
vn -0.984030 0.050155 -0.170793
vn -0.984030 0.050155 -0.170793
vn -0.984030 0.050155 -0.170793
vn -0.984030 0.050155 -0.170793
vn -0.920006 0.012393 0.391708
vn -0.920006 0.012393 0.391708
vn -0.920006 0.012393 0.391707
vn -0.920006 0.012393 0.391708
vn -0.646006 0.026199 0.762882
vn -0.646006 0.026199 0.762882
vn -0.646006 0.026199 0.762882
vn -0.646006 0.026199 0.762882
vn 0.000000 1.000000 0.000003
vn 0.000000 1.000000 0.000003
vn 0.000000 1.000000 0.000000
vn 0.000000 1.000000 0.000000
vn 0.000000 1.000000 0.000000
vn 0.000000 1.000000 0.000000
vn 0.000000 1.000000 -0.000003
vn 0.000000 1.000000 -0.000003
vn 0.000000 1.000000 0.000000
vn 0.000000 1.000000 0.000000
vn 0.000000 1.000000 0.000000
vn 0.005391 0.429045 0.903267
vn 0.005391 0.429045 0.903267
vn 0.005391 0.429045 0.903267
vn 0.005391 0.429045 0.903267
vn 0.535308 0.429042 0.727577
vn 0.535308 0.429042 0.727577
vn 0.535308 0.429042 0.727577
vn 0.535308 0.429042 0.727577
vn 0.860731 0.429044 0.273976
vn 0.860731 0.429044 0.273976
vn 0.860731 0.429044 0.273976
vn 0.860731 0.429044 0.273976
vn 0.857375 0.429063 -0.284276
vn 0.857375 0.429063 -0.284276
vn 0.857375 0.429063 -0.284276
vn 0.857375 0.429063 -0.284276
vn 0.526538 0.429070 -0.733932
vn 0.526538 0.429070 -0.733932
vn 0.526538 0.429070 -0.733932
vn 0.526538 0.429070 -0.733932
vn -0.005391 0.429046 -0.903267
vn -0.005391 0.429046 -0.903267
vn -0.005391 0.429046 -0.903267
vn -0.005391 0.429046 -0.903267
vn -0.535316 0.429039 -0.727573
vn -0.535316 0.429039 -0.727573
vn -0.535316 0.429039 -0.727573
vn -0.535316 0.429039 -0.727573
vn -0.860726 0.429036 -0.274007
vn -0.860726 0.429036 -0.274007
vn -0.860726 0.429036 -0.274007
vn -0.860726 0.429036 -0.274007
vn -0.857383 0.429040 0.284286
vn -0.857383 0.429040 0.284286
vn -0.857383 0.429040 0.284285
vn -0.857383 0.429040 0.284285
vn -0.526532 0.429061 0.733942
vn -0.526532 0.429061 0.733942
vn -0.526532 0.429061 0.733942
vn -0.526532 0.429061 0.733942
vn 0.002192 0.929808 0.368037
vn 0.002192 0.929808 0.368037
vn 0.002192 0.929808 0.368038
vn 0.002192 0.929808 0.368037
vn 0.218117 0.929809 0.296447
vn 0.218117 0.929809 0.296447
vn 0.218117 0.929809 0.296447
vn 0.218117 0.929809 0.296447
vn 0.350708 0.929808 0.111625
vn 0.350708 0.929808 0.111625
vn 0.350708 0.929808 0.111625
vn 0.350708 0.929808 0.111625
vn 0.349338 0.929811 -0.115820
vn 0.349338 0.929811 -0.115820
vn 0.349338 0.929811 -0.115820
vn 0.349338 0.929811 -0.115820
vn 0.214522 0.929819 -0.299028
vn 0.214522 0.929819 -0.299028
vn 0.214522 0.929819 -0.299028
vn 0.214522 0.929819 -0.299028
vn -0.002210 0.929816 -0.368018
vn -0.002210 0.929816 -0.368018
vn -0.002210 0.929816 -0.368018
vn -0.002210 0.929816 -0.368018
vn -0.218123 0.929801 -0.296468
vn -0.218123 0.929801 -0.296468
vn -0.218123 0.929801 -0.296468
vn -0.218123 0.929801 -0.296468
vn -0.350703 0.929808 -0.111647
vn -0.350703 0.929808 -0.111647
vn -0.350703 0.929808 -0.111647
vn -0.350703 0.929808 -0.111647
vn -0.349327 0.929815 0.115824
vn -0.349327 0.929815 0.115824
vn -0.349327 0.929815 0.115824
vn -0.349327 0.929815 0.115824
vn -0.214528 0.929815 0.299036
vn -0.214528 0.929815 0.299036
vn -0.214528 0.929815 0.299036
vn -0.214528 0.929815 0.299036
vn -0.038876 -0.012779 -0.999162
vn -0.038876 -0.012779 -0.999162
vn 0.579107 -0.015887 -0.815097
vn 0.579107 -0.015887 -0.815097
vn 0.950053 -0.004100 -0.312062
vn 0.950053 -0.004100 -0.312062
vn 0.968173 0.029962 0.248484
vn 0.968173 0.029962 0.248484
vn 0.988397 0.022020 0.150287
vn 0.902021 -0.163905 -0.399366
vn 0.902021 -0.163905 -0.399366
vn 0.650486 -0.172570 -0.739654
vn 0.650486 -0.172570 -0.739654
vn -0.086725 -0.007195 -0.996206
vn -0.450089 -0.368927 -0.813211
vn -0.371397 -0.370780 -0.851227
vn 0.023270 -0.948946 -0.314580
vn -0.001344 -0.952392 -0.304874
vn 0.156689 -0.918370 -0.363380
vn 0.156689 -0.918370 -0.363380
vn 0.295544 -0.955317 0.004770
vn 0.305101 -0.952314 -0.003445
vn 0.457330 -0.878078 -0.140812
vn 0.457330 -0.878078 -0.140812
vn 0.577290 -0.470184 0.667580
vn 0.678802 -0.488555 0.548217
vn -0.476941 0.616993 -0.625977
vn -0.476941 0.616993 -0.625977
vn -0.476941 0.616993 -0.625977
vn -0.476941 0.616993 -0.625977
vn -0.601171 -0.112011 -0.791231
vn -0.601171 -0.112011 -0.791231
vn -0.601171 -0.112011 -0.791231
vn -0.601171 -0.112011 -0.791231
vn -0.514765 -0.536806 -0.668473
vn -0.514765 -0.536806 -0.668473
vn -0.515015 -0.535875 -0.669028
vn -0.520793 -0.533235 -0.666659
vn -0.173860 -0.965278 -0.194966
vn -0.173860 -0.965278 -0.194966
vn -0.171671 -0.967091 -0.187786
vn -0.172168 -0.966686 -0.189413
vn 0.151859 -0.954583 0.256339
vn 0.151859 -0.954583 0.256339
vn 0.148656 -0.955042 0.256509
vn 0.148621 -0.955047 0.256511
vn 0.499459 -0.496195 0.710163
vn 0.499459 -0.496195 0.710163
vn 0.496387 -0.490009 0.716583
vn 0.499767 -0.494860 0.710877
vn 0.574163 -0.124145 0.809274
vn 0.574163 -0.124145 0.809275
vn 0.574163 -0.124145 0.809275
vn 0.574163 -0.124145 0.809275
vn 0.460208 0.602220 0.652334
vn 0.460208 0.602220 0.652334
vn 0.460208 0.602220 0.652334
vn 0.460208 0.602220 0.652334
vn 0.143959 0.956803 0.252596
vn 0.143959 0.956803 0.252596
vn 0.143959 0.956803 0.252596
vn 0.143959 0.956803 0.252596
vn -0.198306 0.956805 -0.212603
vn -0.198306 0.956805 -0.212603
vn -0.198306 0.956805 -0.212603
vn -0.198306 0.956805 -0.212603
vn -0.032248 0.063030 -0.997491
vn -0.032248 0.063030 -0.997491
vn -0.032248 0.063030 -0.997490
vn -0.032248 0.063030 -0.997491
vn -0.702541 0.048211 -0.710009
vn -0.702541 0.048211 -0.710009
vn -0.702541 0.048211 -0.710009
vn -0.702541 0.048211 -0.710008
vn -0.970929 0.028890 -0.237617
vn -0.988693 0.018497 -0.148810
vn -0.968415 0.029834 -0.247551
vn -0.928625 -0.090943 0.359702
vn -0.930163 -0.085999 0.356931
vn -0.950155 -0.004082 0.311750
vn -0.950168 -0.004081 0.311712
vn -0.617287 -0.097804 0.780635
vn -0.618708 -0.100797 0.779128
vn -0.578633 -0.015879 0.815433
vn -0.578693 -0.015880 0.815391
vn 0.086799 -0.006812 0.996203
vn 0.043358 -0.012233 0.998985
vn 0.039544 -0.012690 0.999137
vn 0.496689 -0.005294 0.867912
vn 0.496689 -0.005294 0.867912
vn 0.496689 -0.005294 0.867912
vn 0.496689 -0.005294 0.867912
vn 0.984031 0.050147 0.170789
vn 0.984031 0.050147 0.170789
vn 0.984031 0.050147 0.170789
vn 0.984031 0.050147 0.170789
vn 0.920007 0.012395 -0.391706
vn 0.920007 0.012395 -0.391706
vn 0.920007 0.012395 -0.391706
vn 0.920007 0.012395 -0.391706
vn 0.645995 0.026199 -0.762892
vn 0.645995 0.026199 -0.762892
vn 0.645995 0.026199 -0.762892
vn 0.645995 0.026199 -0.762892
vn 0.000000 1.000000 0.000000
vn 0.000000 1.000000 0.000003
vn 0.000000 1.000000 -0.000000
vn 0.000000 1.000000 -0.000003
vn 0.000000 1.000000 -0.000006
vn 0.000000 1.000000 0.000000
vn 0.000000 1.000000 0.000000
vn 0.000000 1.000000 -0.000003
vn 0.000000 1.000000 0.000003
vn 0.000000 1.000000 0.000006
vn 0.000000 1.000000 0.000000
vn -0.005415 0.429053 -0.903263
vn -0.005415 0.429053 -0.903263
vn -0.005415 0.429053 -0.903263
vn -0.005415 0.429053 -0.903263
vn -0.535306 0.429053 -0.727572
vn -0.535306 0.429053 -0.727572
vn -0.535306 0.429053 -0.727572
vn -0.535306 0.429053 -0.727572
vn -0.860719 0.429056 -0.273995
vn -0.860719 0.429056 -0.273995
vn -0.860719 0.429056 -0.273995
vn -0.860719 0.429056 -0.273995
vn -0.857378 0.429063 0.284267
vn -0.857378 0.429063 0.284267
vn -0.857378 0.429063 0.284267
vn -0.857378 0.429063 0.284267
vn -0.526556 0.429023 0.733947
vn -0.526556 0.429023 0.733947
vn -0.526556 0.429023 0.733947
vn -0.526556 0.429023 0.733947
vn 0.005415 0.429059 0.903260
vn 0.005415 0.429059 0.903260
vn 0.005415 0.429059 0.903260
vn 0.005415 0.429059 0.903260
vn 0.535322 0.429032 0.727573
vn 0.535322 0.429032 0.727573
vn 0.535322 0.429032 0.727573
vn 0.535322 0.429032 0.727573
vn 0.860726 0.429046 0.273991
vn 0.860726 0.429046 0.273991
vn 0.860726 0.429046 0.273991
vn 0.860726 0.429046 0.273991
vn 0.857391 0.429030 -0.284279
vn 0.857391 0.429030 -0.284279
vn 0.857391 0.429030 -0.284279
vn 0.857391 0.429030 -0.284279
vn 0.526546 0.429049 -0.733939
vn 0.526546 0.429049 -0.733939
vn 0.526546 0.429049 -0.733939
vn 0.526546 0.429049 -0.733939
vn -0.002217 0.929820 -0.368009
vn -0.002217 0.929820 -0.368009
vn -0.002217 0.929820 -0.368009
vn -0.002217 0.929820 -0.368009
vn -0.218101 0.929803 -0.296478
vn -0.218101 0.929803 -0.296478
vn -0.218101 0.929803 -0.296478
vn -0.218101 0.929803 -0.296478
vn -0.350715 0.929806 -0.111627
vn -0.350715 0.929806 -0.111627
vn -0.350715 0.929806 -0.111627
vn -0.350715 0.929806 -0.111627
vn -0.349347 0.929808 0.115820
vn -0.349347 0.929808 0.115820
vn -0.349347 0.929808 0.115819
vn -0.349347 0.929808 0.115820
vn -0.214542 0.929807 0.299050
vn -0.214542 0.929807 0.299050
vn -0.214542 0.929807 0.299050
vn -0.214542 0.929807 0.299050
vn 0.002207 0.929816 0.368018
vn 0.002207 0.929816 0.368018
vn 0.002207 0.929816 0.368018
vn 0.002207 0.929816 0.368018
vn 0.218114 0.929810 0.296444
vn 0.218114 0.929810 0.296444
vn 0.218114 0.929810 0.296444
vn 0.218114 0.929810 0.296444
vn 0.350701 0.929810 0.111635
vn 0.350701 0.929810 0.111635
vn 0.350701 0.929810 0.111635
vn 0.350701 0.929810 0.111635
vn 0.349338 0.929811 -0.115825
vn 0.349338 0.929811 -0.115825
vn 0.349338 0.929811 -0.115825
vn 0.349338 0.929811 -0.115825
vn 0.214532 0.929812 -0.299041
vn 0.214533 0.929812 -0.299042
vn 0.214533 0.929812 -0.299041
vn 0.214532 0.929812 -0.299041
vn 0.038874 -0.012778 0.999162
vn 0.038874 -0.012778 0.999162
vn -0.579096 -0.015885 0.815104
vn -0.579096 -0.015885 0.815104
vn -0.950059 -0.004092 0.312045
vn -0.950059 -0.004092 0.312045
vn -0.968170 0.029962 -0.248492
vn -0.968170 0.029962 -0.248492
vn -0.988404 0.022134 -0.150224
vn -0.902004 -0.163981 0.399372
vn -0.902004 -0.163981 0.399372
vn -0.650500 -0.172558 0.739644
vn -0.650500 -0.172558 0.739644
vn 0.086726 -0.007218 0.996206
vn 0.450120 -0.368797 0.813254
vn 0.371400 -0.370704 0.851258
vn -0.023262 -0.948947 0.314578
vn 0.001350 -0.952392 0.304874
vn -0.156690 -0.918375 0.363368
vn -0.156690 -0.918375 0.363368
vn -0.295548 -0.955316 -0.004764
vn -0.305098 -0.952315 0.003444
vn -0.457346 -0.878068 0.140828
vn -0.457346 -0.878067 0.140828
vn -0.577262 -0.470198 -0.667594
vn -0.678836 -0.488543 -0.548186
s 1
g pCylinder21
usemtl lambert8SG
f 3196/4234/8732 3197/4235/8733 3207/4246/8734 3206/4245/8735
s 2
f 3197/4235/8736 3198/4236/8737 3208/4247/8738 3207/4246/8739
s 3
f 3198/4236/8740 3199/4237/8741 3209/4248/8742 3208/4247/8743
s 4
f 3199/4237/8744 3200/4238/8745 3210/4249/8746 3209/4248/8747
s 5
f 3200/4238/8748 3201/4239/8749 3211/4250/8750 3210/4249/8751
s 6
f 3201/4239/8752 3202/4240/8753 3212/4251/8754 3211/4250/8755
s 7
f 3202/4240/8756 3203/4241/8757 3213/4252/8758 3212/4251/8759
s 8
f 3203/4241/8760 3204/4242/8761 3214/4253/8762 3213/4252/8763
s 9
f 3204/4242/8764 3205/4243/8765 3215/4254/8766 3214/4253/8767
s 10
f 3205/4243/8768 3196/4244/8769 3206/4255/8770 3215/4254/8771
s 1
f 3206/4245/8735 3207/4246/8734 3217/4257/8772 3216/4256/8773
s 2
f 3207/4246/8739 3208/4247/8738 3218/4258/8774 3217/4257/8775
s 3
f 3208/4247/8743 3209/4248/8742 3219/4259/8776 3218/4258/8777
s 4
f 3209/4248/8747 3210/4249/8746 3220/4260/8778 3219/4259/8779
s 5
f 3210/4249/8751 3211/4250/8750 3221/4261/8780 3220/4260/8781
s 6
f 3211/4250/8755 3212/4251/8754 3222/4262/8782 3221/4261/8783
s 7
f 3212/4251/8759 3213/4252/8758 3223/4263/8784 3222/4262/8785
s 8
f 3213/4252/8763 3214/4253/8762 3224/4264/8786 3223/4263/8787
s 9
f 3214/4253/8767 3215/4254/8766 3225/4265/8788 3224/4264/8789
s 10
f 3215/4254/8771 3206/4255/8770 3216/4266/8790 3225/4265/8791
s 1
f 3216/4256/8773 3217/4257/8772 3227/4268/8792 3226/4267/8793
s 2
f 3217/4257/8775 3218/4258/8774 3228/4269/8794 3227/4268/8795
s 3
f 3218/4258/8777 3219/4259/8776 3229/4270/8796 3228/4269/8797
s 4
f 3219/4259/8779 3220/4260/8778 3230/4271/8798 3229/4270/8799
s 5
f 3220/4260/8781 3221/4261/8780 3231/4272/8800 3230/4271/8801
s 6
f 3221/4261/8783 3222/4262/8782 3232/4273/8802 3231/4272/8803
s 7
f 3222/4262/8785 3223/4263/8784 3233/4274/8804 3232/4273/8805
s 8
f 3223/4263/8787 3224/4264/8786 3234/4275/8806 3233/4274/8807
s 9
f 3224/4264/8789 3225/4265/8788 3235/4276/8808 3234/4275/8809
s 10
f 3225/4265/8791 3216/4266/8790 3226/4277/8810 3235/4276/8811
s 11
f 3197/4225/8812 3196/4224/8813 3236/4288/8814
f 3198/4226/8815 3197/4225/8812 3236/4288/8814
f 3199/4227/8816 3198/4226/8815 3236/4288/8814
f 3200/4228/8817 3199/4227/8816 3236/4288/8814
f 3201/4229/8818 3200/4228/8817 3236/4288/8814
f 3202/4230/8819 3201/4229/8818 3236/4288/8814
f 3203/4231/8820 3202/4230/8819 3236/4288/8814
f 3204/4232/8821 3203/4231/8820 3236/4288/8814
f 3205/4233/8822 3204/4232/8821 3236/4288/8814
f 3196/4224/8813 3205/4233/8822 3236/4288/8814
s 12
f 3247/4300/8823 3248/4301/8824 3249/4289/8825
f 3248/4301/8824 3250/4302/8826 3249/4289/8825
f 3250/4302/8826 3251/4303/8827 3249/4289/8825
f 3251/4303/8827 3252/4304/8828 3249/4289/8825
f 3252/4304/8828 3253/4305/8829 3249/4289/8825
f 3253/4305/8829 3254/4306/8830 3249/4289/8825
f 3254/4306/8830 3255/4307/8831 3249/4289/8825
f 3255/4307/8831 3256/4308/8832 3249/4289/8825
f 3256/4308/8832 3257/4309/8833 3249/4289/8825
f 3257/4309/8833 3247/4300/8823 3249/4289/8825
s off
f 3226/4286/8834 3227/4285/8835 3238/4291/8836 3237/4290/8837
f 3227/4285/8838 3228/4284/8839 3239/4292/8840 3238/4291/8841
f 3228/4284/8842 3229/4283/8843 3240/4293/8844 3239/4292/8845
f 3229/4283/8846 3230/4282/8847 3241/4294/8848 3240/4293/8849
f 3230/4282/8850 3231/4281/8851 3242/4295/8852 3241/4294/8853
f 3231/4281/8854 3232/4280/8855 3243/4296/8856 3242/4295/8857
f 3232/4280/8858 3233/4279/8859 3244/4297/8860 3243/4296/8861
f 3233/4279/8862 3234/4278/8863 3245/4298/8864 3244/4297/8865
f 3234/4278/8866 3235/4287/8867 3246/4299/8868 3245/4298/8869
f 3235/4287/8870 3226/4286/8871 3237/4290/8872 3246/4299/8873
f 3237/4290/8874 3238/4291/8875 3248/4301/8876 3247/4300/8877
f 3238/4291/8878 3239/4292/8879 3250/4302/8880 3248/4301/8881
f 3239/4292/8882 3240/4293/8883 3251/4303/8884 3250/4302/8885
f 3240/4293/8886 3241/4294/8887 3252/4304/8888 3251/4303/8889
f 3241/4294/8890 3242/4295/8891 3253/4305/8892 3252/4304/8893
f 3242/4295/8894 3243/4296/8895 3254/4306/8896 3253/4305/8897
f 3243/4296/8898 3244/4297/8899 3255/4307/8900 3254/4306/8901
f 3244/4297/8902 3245/4298/8903 3256/4308/8904 3255/4307/8905
f 3245/4298/8906 3246/4299/8907 3257/4309/8908 3256/4308/8909
f 3246/4299/8910 3237/4290/8911 3247/4300/8912 3257/4309/8913
f 3258/4310/8914 3259/4311/8915 3269/4312/8916 3268/4313/8917
f 3259/4311/8918 3260/4314/8919 3270/4315/8920 3269/4312/8921
s 13
f 3260/4314/8922 3261/4316/8923 3317/4317/8924 3270/4315/8925
s 14
f 3261/4316/8926 3262/4318/8927 3316/4319/8928 3317/4317/8929
s 15
f 3262/4318/8930 3263/4320/8931 3315/4321/8932 3316/4319/8933
s 16
f 3263/4320/8934 3264/4322/8935 3274/4323/8936 3315/4321/8937
s off
f 3264/4322/8938 3265/4324/8939 3275/4325/8940 3274/4323/8941
f 3265/4324/8942 3266/4326/8943 3276/4327/8944 3275/4325/8945
f 3266/4326/8946 3267/4328/8947 3277/4329/8948 3276/4327/8949
f 3267/4328/8950 3258/4330/8951 3268/4331/8952 3277/4329/8953
f 3268/4332/8954 3269/4333/8955 3279/4334/8956 3278/4335/8957
f 3269/4333/8958 3270/4336/8959 3280/4337/8960 3279/4334/8961
s 17
f 3270/4336/8962 3312/4338/8963 3311/4339/8964
s 18
f 3312/4338/8965 3313/4340/8966 3310/4341/8967 3311/4339/8968
s 19
f 3313/4340/8969 3314/4342/8970 3309/4343/8971 3310/4341/8972
s 20
f 3314/4342/8973 3274/4344/8974 3309/4343/8975
s off
f 3274/4344/8976 3275/4345/8977 3285/4346/8978 3284/4347/8979
f 3275/4345/8980 3276/4348/8981 3286/4349/8982 3285/4346/8983
f 3276/4348/8984 3277/4350/8985 3287/4351/8986 3286/4349/8987
f 3277/4350/8988 3268/4352/8989 3278/4353/8990 3287/4351/8991
s 21
f 3298/4354/8992 3299/4355/8993 3300/4356/8994
f 3299/4355/8993 3301/4357/8995 3300/4356/8994
f 3301/4357/8995 3302/4358/8996 3300/4356/8994
f 3302/4358/8996 3303/4359/8997 3300/4356/8994
f 3303/4359/8997 3304/4360/8998 3300/4356/8994
f 3304/4360/8998 3305/4361/8999 3300/4356/8994
f 3305/4361/8999 3306/4362/9000 3300/4356/8994
f 3306/4362/9000 3307/4363/9001 3300/4356/8994
f 3307/4363/9001 3308/4364/9002 3300/4356/8994
f 3308/4364/9002 3298/4354/8992 3300/4356/8994
s off
f 3278/4365/9003 3279/4366/9004 3289/4367/9005 3288/4368/9006
f 3279/4366/9007 3280/4369/9008 3290/4370/9009 3289/4367/9010
f 3280/4369/9011 3281/4371/9012 3291/4372/9013 3290/4370/9014
f 3281/4371/9015 3282/4373/9016 3292/4374/9017 3291/4372/9018
f 3282/4373/9019 3283/4375/9020 3293/4376/9021 3292/4374/9022
f 3283/4375/9023 3284/4377/9024 3294/4378/9025 3293/4376/9026
f 3284/4377/9027 3285/4379/9028 3295/4380/9029 3294/4378/9030
f 3285/4379/9031 3286/4381/9032 3296/4382/9033 3295/4380/9034
f 3286/4381/9035 3287/4383/9036 3297/4384/9037 3296/4382/9038
f 3287/4383/9039 3278/4365/9040 3288/4368/9041 3297/4384/9042
f 3288/4368/9043 3289/4367/9044 3299/4355/9045 3298/4354/9046
f 3289/4367/9047 3290/4370/9048 3301/4357/9049 3299/4355/9050
f 3290/4370/9051 3291/4372/9052 3302/4358/9053 3301/4357/9054
f 3291/4372/9055 3292/4374/9056 3303/4359/9057 3302/4358/9058
f 3292/4374/9059 3293/4376/9060 3304/4360/9061 3303/4359/9062
f 3293/4376/9063 3294/4378/9064 3305/4361/9065 3304/4360/9066
f 3294/4378/9067 3295/4380/9068 3306/4362/9069 3305/4361/9070
f 3295/4380/9071 3296/4382/9072 3307/4363/9073 3306/4362/9074
f 3296/4382/9075 3297/4384/9076 3308/4364/9077 3307/4363/9078
f 3297/4384/9079 3288/4368/9080 3298/4354/9081 3308/4364/9082
s 20
f 3309/4343/8975 3274/4344/8974 3284/4347/9083 3283/4385/9084
s 19
f 3310/4341/8972 3309/4343/8971 3283/4385/9085 3282/4386/9086
s 18
f 3311/4339/8968 3310/4341/8967 3282/4386/9087 3281/4387/9088
s 17
f 3270/4336/8962 3311/4339/8964 3281/4387/9089 3280/4337/9090
f 3270/4336/8962 3271/4388/9091 3312/4338/8963
s 18
f 3271/4388/9092 3272/4389/9093 3313/4340/8966 3312/4338/8965
s 19
f 3272/4389/9094 3273/4390/9095 3314/4342/8970 3313/4340/8969
s 20
f 3273/4390/9096 3274/4344/8974 3314/4342/8973
s 16
f 3320/4391/9097 3274/4323/8936 3273/4392/9098
s 15
f 3319/4393/9099 3320/4391/9100 3273/4392/9101 3272/4394/9102
s 14
f 3318/4395/9103 3319/4393/9104 3272/4394/9105 3271/4396/9106
s 13
f 3270/4315/8925 3318/4395/9107 3271/4396/9108
f 3270/4315/8925 3317/4317/8924 3318/4395/9107
s 14
f 3317/4317/8929 3316/4319/8928 3319/4393/9104 3318/4395/9103
s 15
f 3316/4319/8933 3315/4321/8932 3320/4391/9100 3319/4393/9099
s 16
f 3315/4321/8937 3274/4323/8936 3320/4391/9097
s off
f 3321/4397/9109 3322/4398/9110 3332/4399/9111 3331/4400/9112
f 3322/4398/9113 3323/4401/9114 3333/4402/9115 3332/4399/9116
s 22
f 3323/4401/9117 3324/4403/9118 3380/4404/9119 3333/4402/9120
s 23
f 3324/4403/9121 3325/4405/9122 3379/4406/9123 3380/4404/9124
s 24
f 3325/4405/9125 3326/4407/9126 3378/4408/9127 3379/4406/9128
s 25
f 3326/4407/9129 3327/4409/9130 3337/4410/9131 3378/4408/9132
s off
f 3327/4409/9133 3328/4411/9134 3338/4412/9135 3337/4410/9136
f 3328/4411/9137 3329/4413/9138 3339/4414/9139 3338/4412/9140
f 3329/4413/9141 3330/4415/9142 3340/4416/9143 3339/4414/9144
f 3330/4415/9145 3321/4417/9146 3331/4418/9147 3340/4416/9148
f 3331/4419/9149 3332/4420/9150 3342/4421/9151 3341/4422/9152
f 3332/4420/9153 3333/4423/9154 3343/4424/9155 3342/4421/9156
s 26
f 3333/4423/9157 3375/4425/9158 3374/4426/9159
s 27
f 3375/4425/9160 3376/4427/9161 3373/4428/9162 3374/4426/9163
s 28
f 3376/4427/9164 3377/4429/9165 3372/4430/9166 3373/4428/9167
s 29
f 3377/4429/9168 3337/4431/9169 3372/4430/9170
s off
f 3337/4431/9171 3338/4432/9172 3348/4433/9173 3347/4434/9174
f 3338/4432/9175 3339/4435/9176 3349/4436/9177 3348/4433/9178
f 3339/4435/9179 3340/4437/9180 3350/4438/9181 3349/4436/9182
f 3340/4437/9183 3331/4439/9184 3341/4440/9185 3350/4438/9186
s 30
f 3361/4441/9187 3362/4442/9188 3363/4443/9189
f 3362/4442/9188 3364/4444/9190 3363/4443/9189
f 3364/4444/9190 3365/4445/9191 3363/4443/9189
f 3365/4445/9191 3366/4446/9192 3363/4443/9189
f 3366/4446/9192 3367/4447/9193 3363/4443/9189
f 3367/4447/9193 3368/4448/9194 3363/4443/9189
f 3368/4448/9194 3369/4449/9195 3363/4443/9189
f 3369/4449/9195 3370/4450/9196 3363/4443/9189
f 3370/4450/9196 3371/4451/9197 3363/4443/9189
f 3371/4451/9197 3361/4441/9187 3363/4443/9189
s off
f 3341/4452/9198 3342/4453/9199 3352/4454/9200 3351/4455/9201
f 3342/4453/9202 3343/4456/9203 3353/4457/9204 3352/4454/9205
f 3343/4456/9206 3344/4458/9207 3354/4459/9208 3353/4457/9209
f 3344/4458/9210 3345/4460/9211 3355/4461/9212 3354/4459/9213
f 3345/4460/9214 3346/4462/9215 3356/4463/9216 3355/4461/9217
f 3346/4462/9218 3347/4464/9219 3357/4465/9220 3356/4463/9221
f 3347/4464/9222 3348/4466/9223 3358/4467/9224 3357/4465/9225
f 3348/4466/9226 3349/4468/9227 3359/4469/9228 3358/4467/9229
f 3349/4468/9230 3350/4470/9231 3360/4471/9232 3359/4469/9233
f 3350/4470/9234 3341/4452/9235 3351/4455/9236 3360/4471/9237
f 3351/4455/9238 3352/4454/9239 3362/4442/9240 3361/4441/9241
f 3352/4454/9242 3353/4457/9243 3364/4444/9244 3362/4442/9245
f 3353/4457/9246 3354/4459/9247 3365/4445/9248 3364/4444/9249
f 3354/4459/9250 3355/4461/9251 3366/4446/9252 3365/4445/9253
f 3355/4461/9254 3356/4463/9255 3367/4447/9256 3366/4446/9257
f 3356/4463/9258 3357/4465/9259 3368/4448/9260 3367/4447/9261
f 3357/4465/9262 3358/4467/9263 3369/4449/9264 3368/4448/9265
f 3358/4467/9266 3359/4469/9267 3370/4450/9268 3369/4449/9269
f 3359/4469/9270 3360/4471/9271 3371/4451/9272 3370/4450/9273
f 3360/4471/9274 3351/4455/9275 3361/4441/9276 3371/4451/9277
s 29
f 3372/4430/9170 3337/4431/9169 3347/4434/9278 3346/4472/9279
s 28
f 3373/4428/9167 3372/4430/9166 3346/4472/9280 3345/4473/9281
s 27
f 3374/4426/9163 3373/4428/9162 3345/4473/9282 3344/4474/9283
s 26
f 3333/4423/9157 3374/4426/9159 3344/4474/9284 3343/4424/9285
f 3333/4423/9157 3334/4475/9286 3375/4425/9158
s 27
f 3334/4475/9287 3335/4476/9288 3376/4427/9161 3375/4425/9160
s 28
f 3335/4476/9289 3336/4477/9290 3377/4429/9165 3376/4427/9164
s 29
f 3336/4477/9291 3337/4431/9169 3377/4429/9168
s 25
f 3383/4478/9292 3337/4410/9131 3336/4479/9293
s 24
f 3382/4480/9294 3383/4478/9295 3336/4479/9296 3335/4481/9297
s 23
f 3381/4482/9298 3382/4480/9299 3335/4481/9300 3334/4483/9301
s 22
f 3333/4402/9120 3381/4482/9302 3334/4483/9303
f 3333/4402/9120 3380/4404/9119 3381/4482/9302
s 23
f 3380/4404/9124 3379/4406/9123 3382/4480/9299 3381/4482/9298
s 24
f 3379/4406/9128 3378/4408/9127 3383/4478/9295 3382/4480/9294
s 25
f 3378/4408/9132 3337/4410/9131 3383/4478/9292
g default
v 661.937185 -2.957012 957.573894
v 659.470749 -2.957012 957.588662
v 657.484032 -2.957012 959.050362
v 656.735984 -2.957012 961.400608
v 657.512194 -2.957012 963.741717
v 659.516252 -2.957012 965.179498
v 661.982629 -2.957012 965.164773
v 663.969346 -2.957012 963.703073
v 664.717453 -2.957012 961.352784
v 663.941222 -2.957012 959.011645
v 662.307620 13.339891 956.410186
v 659.086419 13.339891 956.429495
v 656.491763 13.339891 958.338479
v 655.514763 13.339891 961.407941
v 656.528477 13.339891 964.465473
v 659.145818 13.339891 966.343205
v 662.366938 13.339891 966.323910
v 664.961593 13.339891 964.414927
v 665.938675 13.339891 961.345451
v 664.924879 13.339891 958.287932
v 662.375014 29.636795 956.198323
v 659.016431 29.636795 956.218448
v 656.311106 29.636795 958.208854
v 655.292383 29.636795 961.409275
v 656.349372 29.636795 964.597247
v 659.078364 29.636795 966.555112
v 662.436926 29.636795 966.534958
v 665.142250 29.636795 964.544551
v 666.160995 29.636795 961.344160
v 665.103984 29.636795 958.156158
v 662.088581 43.986998 957.098268
v 659.313667 43.986998 957.114879
v 657.078522 43.986998 958.759356
v 656.236853 43.986998 961.403599
v 657.110154 43.986998 964.037512
v 659.364856 43.986998 965.655124
v 662.139770 43.986998 965.638513
v 664.374915 43.986998 963.994035
v 665.216584 43.986998 961.349793
v 664.343262 43.986998 958.715850
v 660.726678 -2.957012 961.376703
v 661.653166 47.038860 958.466135
v 659.765440 47.038860 958.477437
v 658.244868 47.038860 959.596178
v 657.672293 47.038860 961.395009
v 658.266379 47.038860 963.186837
v 659.800241 47.038860 964.287278
v 661.687967 47.038860 964.275976
v 663.208539 47.038860 963.157235
v 663.781115 47.038860 961.358404
v 663.187009 47.038860 959.566550
v 661.124921 47.734951 960.125667
v 660.313528 47.734951 960.130525
v 660.726687 47.734951 961.376704
v 659.659947 47.734951 960.611389
v 659.413838 47.734951 961.384573
v 659.669192 47.734951 962.154748
v 660.328486 47.734951 962.627746
v 661.139880 47.734951 962.622888
v 661.793461 47.734951 962.142024
v 662.039569 47.734951 961.368840
v 661.784207 47.734951 960.598654
vt 0.626409 0.064409
vt 0.548284 0.007647
vt 0.451716 0.007647
vt 0.373591 0.064409
vt 0.343750 0.156250
vt 0.373591 0.248091
vt 0.451716 0.304853
vt 0.548284 0.304853
vt 0.626409 0.248091
vt 0.656250 0.156250
vt 0.375000 0.312500
vt 0.400000 0.312500
vt 0.425000 0.312500
vt 0.450000 0.312500
vt 0.475000 0.312500
vt 0.500000 0.312500
vt 0.525000 0.312500
vt 0.550000 0.312500
vt 0.575000 0.312500
vt 0.600000 0.312500
vt 0.625000 0.312500
vt 0.375000 0.437500
vt 0.400000 0.437500
vt 0.425000 0.437500
vt 0.450000 0.437500
vt 0.475000 0.437500
vt 0.500000 0.437500
vt 0.525000 0.437500
vt 0.550000 0.437500
vt 0.575000 0.437500
vt 0.600000 0.437500
vt 0.625000 0.437500
vt 0.375000 0.562500
vt 0.400000 0.562500
vt 0.425000 0.562500
vt 0.450000 0.562500
vt 0.475000 0.562500
vt 0.500000 0.562500
vt 0.525000 0.562500
vt 0.550000 0.562500
vt 0.575000 0.562500
vt 0.600000 0.562500
vt 0.625000 0.562500
vt 0.375000 0.687500
vt 0.400000 0.687500
vt 0.425000 0.687500
vt 0.450000 0.687500
vt 0.475000 0.687500
vt 0.500000 0.687500
vt 0.525000 0.687500
vt 0.550000 0.687500
vt 0.575000 0.687500
vt 0.600000 0.687500
vt 0.625000 0.687500
vt 0.626409 0.751909
vt 0.548284 0.695147
vt 0.451716 0.695147
vt 0.373591 0.751909
vt 0.343750 0.843750
vt 0.373591 0.935591
vt 0.451716 0.992353
vt 0.548284 0.992353
vt 0.626409 0.935591
vt 0.656250 0.843750
vt 0.500000 0.156250
vt 0.500000 0.843750
vt 0.626409 0.935591
vt 0.548284 0.992353
vt 0.451716 0.992353
vt 0.373591 0.935591
vt 0.343750 0.843750
vt 0.373591 0.751909
vt 0.451716 0.695147
vt 0.548284 0.695147
vt 0.626409 0.751909
vt 0.656250 0.843750
vt 0.626409 0.935591
vt 0.548284 0.992353
vt 0.451716 0.992353
vt 0.373591 0.935591
vt 0.343750 0.843750
vt 0.373591 0.751909
vt 0.451716 0.695147
vt 0.548284 0.695147
vt 0.626409 0.751909
vt 0.656250 0.843750
vn -0.005976 -0.071088 -0.997452
vn -0.005976 -0.071088 -0.997452
vn -0.005988 -0.039560 -0.999199
vn -0.005988 -0.039560 -0.999199
vn -0.591123 -0.071088 -0.803443
vn -0.591123 -0.071088 -0.803443
vn -0.592158 -0.039560 -0.804850
vn -0.592158 -0.039560 -0.804850
vn -0.950485 -0.071088 -0.302531
vn -0.950485 -0.071088 -0.302531
vn -0.952148 -0.039560 -0.303067
vn -0.952148 -0.039560 -0.303067
vn -0.946788 -0.071090 0.313908
vn -0.946788 -0.071090 0.313908
vn -0.948447 -0.039561 0.314458
vn -0.948447 -0.039561 0.314458
vn -0.581452 -0.071090 0.810469
vn -0.581452 -0.071090 0.810469
vn -0.582470 -0.039561 0.811889
vn -0.582470 -0.039561 0.811889
vn 0.005966 -0.071087 0.997452
vn 0.005966 -0.071087 0.997452
vn 0.005984 -0.039560 0.999199
vn 0.005984 -0.039560 0.999199
vn 0.591123 -0.071086 0.803443
vn 0.591123 -0.071086 0.803443
vn 0.592158 -0.039559 0.804850
vn 0.592158 -0.039559 0.804850
vn 0.950479 -0.071087 0.302551
vn 0.950479 -0.071087 0.302551
vn 0.952143 -0.039559 0.303084
vn 0.952143 -0.039559 0.303084
vn 0.946783 -0.071088 -0.313924
vn 0.946783 -0.071088 -0.313924
vn 0.948442 -0.039559 -0.314473
vn 0.948442 -0.039559 -0.314473
vn 0.581459 -0.071088 -0.810464
vn 0.581458 -0.071088 -0.810464
vn 0.582476 -0.039559 -0.811884
vn 0.582476 -0.039559 -0.811885
vn -0.005990 0.020772 -0.999766
vn -0.005990 0.020772 -0.999766
vn -0.592494 0.020771 -0.805307
vn -0.592494 0.020772 -0.805307
vn -0.952686 0.020773 -0.303244
vn -0.952686 0.020773 -0.303244
vn -0.948984 0.020773 0.314639
vn -0.948984 0.020773 0.314639
vn -0.582803 0.020773 0.812348
vn -0.582803 0.020773 0.812348
vn 0.005993 0.020772 0.999766
vn 0.005993 0.020772 0.999766
vn 0.592494 0.020770 0.805307
vn 0.592494 0.020770 0.805307
vn 0.952683 0.020771 0.303255
vn 0.952683 0.020772 0.303255
vn 0.948981 0.020772 -0.314648
vn 0.948981 0.020772 -0.314648
vn 0.582805 0.020772 -0.812347
vn 0.582805 0.020772 -0.812347
vn -0.005977 0.062469 -0.998029
vn -0.005977 0.062469 -0.998029
vn -0.591464 0.062470 -0.803908
vn -0.591464 0.062470 -0.803908
vn -0.951030 0.062472 -0.302719
vn -0.951030 0.062472 -0.302719
vn -0.947334 0.062474 0.314096
vn -0.947334 0.062474 0.314095
vn -0.581792 0.062474 0.810934
vn -0.581792 0.062474 0.810934
vn 0.005982 0.062471 0.998029
vn 0.005982 0.062471 0.998029
vn 0.591464 0.062467 0.803908
vn 0.591464 0.062467 0.803908
vn 0.951029 0.062468 0.302723
vn 0.951029 0.062468 0.302723
vn 0.947333 0.062469 -0.314099
vn 0.947333 0.062469 -0.314099
vn 0.581790 0.062469 -0.810937
vn 0.581790 0.062469 -0.810937
vn 0.000000 -1.000000 0.000000
vn 0.000000 -1.000000 0.000000
vn 0.000000 -1.000000 0.000000
vn 0.000000 -1.000000 0.000000
vn 0.000000 -1.000000 0.000000
vn 0.000000 -1.000000 0.000000
vn 0.000000 -1.000000 0.000000
vn 0.000000 -1.000000 0.000000
vn 0.000000 -1.000000 0.000000
vn 0.000000 -1.000000 0.000000
vn 0.000000 -1.000000 0.000000
vn 0.000001 1.000000 0.000002
vn 0.000001 1.000000 0.000001
vn 0.000000 1.000000 0.000000
vn 0.000000 1.000000 0.000000
vn -0.000002 1.000000 -0.000003
vn 0.000000 1.000000 0.000000
vn 0.000003 1.000000 0.000004
vn 0.000001 1.000000 0.000001
vn -0.000001 1.000000 -0.000001
vn -0.000001 1.000000 -0.000002
vn -0.000000 1.000000 -0.000000
vn -0.005465 0.408349 -0.912810
vn -0.005465 0.408349 -0.912810
vn -0.005465 0.408349 -0.912810
vn -0.005465 0.408349 -0.912810
vn -0.540960 0.408351 -0.735263
vn -0.540960 0.408351 -0.735263
vn -0.540960 0.408351 -0.735263
vn -0.540960 0.408351 -0.735263
vn -0.869827 0.408343 -0.276869
vn -0.869827 0.408343 -0.276869
vn -0.869827 0.408343 -0.276869
vn -0.869827 0.408343 -0.276869
vn -0.866447 0.408339 0.287277
vn -0.866447 0.408339 0.287277
vn -0.866447 0.408339 0.287277
vn -0.866447 0.408339 0.287277
vn -0.532118 0.408339 0.741694
vn -0.532118 0.408339 0.741694
vn -0.532118 0.408339 0.741694
vn -0.532118 0.408339 0.741694
vn 0.005464 0.408344 0.912812
vn 0.005464 0.408344 0.912812
vn 0.005464 0.408344 0.912812
vn 0.005464 0.408344 0.912812
vn 0.540960 0.408351 0.735263
vn 0.540960 0.408351 0.735263
vn 0.540960 0.408351 0.735263
vn 0.540960 0.408351 0.735263
vn 0.869825 0.408349 0.276868
vn 0.869825 0.408349 0.276868
vn 0.869825 0.408349 0.276868
vn 0.869825 0.408349 0.276868
vn 0.866442 0.408348 -0.287280
vn 0.866442 0.408348 -0.287280
vn 0.866443 0.408348 -0.287280
vn 0.866442 0.408348 -0.287280
vn 0.532112 0.408348 -0.741693
vn 0.532112 0.408348 -0.741693
vn 0.532112 0.408348 -0.741693
vn 0.532112 0.408348 -0.741693
vn -0.002320 0.921897 -0.387429
vn -0.002320 0.921897 -0.387429
vn -0.002320 0.921897 -0.387429
vn -0.002320 0.921897 -0.387429
vn -0.229603 0.921897 -0.312072
vn -0.229603 0.921897 -0.312072
vn -0.229603 0.921897 -0.312072
vn -0.229603 0.921897 -0.312072
vn -0.369185 0.921897 -0.117514
vn -0.369185 0.921897 -0.117513
vn -0.369185 0.921897 -0.117513
vn -0.369185 0.921897 -0.117514
vn -0.367750 0.921897 0.121929
vn -0.367749 0.921897 0.121928
vn -0.367749 0.921897 0.121928
vn -0.367749 0.921897 0.121928
vn -0.225848 0.921897 0.314801
vn -0.225848 0.921897 0.314801
vn -0.225848 0.921897 0.314801
vn -0.225848 0.921897 0.314801
vn 0.002320 0.921897 0.387429
vn 0.002320 0.921897 0.387429
vn 0.002320 0.921897 0.387429
vn 0.002320 0.921897 0.387429
vn 0.229603 0.921897 0.312072
vn 0.229603 0.921897 0.312072
vn 0.229603 0.921897 0.312072
vn 0.229603 0.921897 0.312072
vn 0.369185 0.921897 0.117514
vn 0.369185 0.921897 0.117513
vn 0.369185 0.921897 0.117513
vn 0.369185 0.921897 0.117514
vn 0.367749 0.921897 -0.121931
vn 0.367749 0.921897 -0.121931
vn 0.367749 0.921897 -0.121931
vn 0.367749 0.921897 -0.121931
vn 0.225846 0.921897 -0.314801
vn 0.225846 0.921897 -0.314801
vn 0.225846 0.921897 -0.314801
vn 0.225846 0.921897 -0.314801
s 1
g cactus pCylinder19
usemtl lambert4SG
f 3384/4494/9304 3385/4495/9305 3395/4506/9306 3394/4505/9307
s 2
f 3385/4495/9308 3386/4496/9309 3396/4507/9310 3395/4506/9311
s 3
f 3386/4496/9312 3387/4497/9313 3397/4508/9314 3396/4507/9315
s 4
f 3387/4497/9316 3388/4498/9317 3398/4509/9318 3397/4508/9319
s 5
f 3388/4498/9320 3389/4499/9321 3399/4510/9322 3398/4509/9323
s 6
f 3389/4499/9324 3390/4500/9325 3400/4511/9326 3399/4510/9327
s 7
f 3390/4500/9328 3391/4501/9329 3401/4512/9330 3400/4511/9331
s 8
f 3391/4501/9332 3392/4502/9333 3402/4513/9334 3401/4512/9335
s 9
f 3392/4502/9336 3393/4503/9337 3403/4514/9338 3402/4513/9339
s 10
f 3393/4503/9340 3384/4504/9341 3394/4515/9342 3403/4514/9343
s 1
f 3394/4505/9307 3395/4506/9306 3405/4517/9344 3404/4516/9345
s 2
f 3395/4506/9311 3396/4507/9310 3406/4518/9346 3405/4517/9347
s 3
f 3396/4507/9315 3397/4508/9314 3407/4519/9348 3406/4518/9349
s 4
f 3397/4508/9319 3398/4509/9318 3408/4520/9350 3407/4519/9351
s 5
f 3398/4509/9323 3399/4510/9322 3409/4521/9352 3408/4520/9353
s 6
f 3399/4510/9327 3400/4511/9326 3410/4522/9354 3409/4521/9355
s 7
f 3400/4511/9331 3401/4512/9330 3411/4523/9356 3410/4522/9357
s 8
f 3401/4512/9335 3402/4513/9334 3412/4524/9358 3411/4523/9359
s 9
f 3402/4513/9339 3403/4514/9338 3413/4525/9360 3412/4524/9361
s 10
f 3403/4514/9343 3394/4515/9342 3404/4526/9362 3413/4525/9363
s 1
f 3404/4516/9345 3405/4517/9344 3415/4528/9364 3414/4527/9365
s 2
f 3405/4517/9347 3406/4518/9346 3416/4529/9366 3415/4528/9367
s 3
f 3406/4518/9349 3407/4519/9348 3417/4530/9368 3416/4529/9369
s 4
f 3407/4519/9351 3408/4520/9350 3418/4531/9370 3417/4530/9371
s 5
f 3408/4520/9353 3409/4521/9352 3419/4532/9372 3418/4531/9373
s 6
f 3409/4521/9355 3410/4522/9354 3420/4533/9374 3419/4532/9375
s 7
f 3410/4522/9357 3411/4523/9356 3421/4534/9376 3420/4533/9377
s 8
f 3411/4523/9359 3412/4524/9358 3422/4535/9378 3421/4534/9379
s 9
f 3412/4524/9361 3413/4525/9360 3423/4536/9380 3422/4535/9381
s 10
f 3413/4525/9363 3404/4526/9362 3414/4537/9382 3423/4536/9383
s 11
f 3385/4485/9384 3384/4484/9385 3424/4548/9386
f 3386/4486/9387 3385/4485/9384 3424/4548/9386
f 3387/4487/9388 3386/4486/9387 3424/4548/9386
f 3388/4488/9389 3387/4487/9388 3424/4548/9386
f 3389/4489/9390 3388/4488/9389 3424/4548/9386
f 3390/4490/9391 3389/4489/9390 3424/4548/9386
f 3391/4491/9392 3390/4490/9391 3424/4548/9386
f 3392/4492/9393 3391/4491/9392 3424/4548/9386
f 3393/4493/9394 3392/4492/9393 3424/4548/9386
f 3384/4484/9385 3393/4493/9394 3424/4548/9386
s 12
f 3435/4560/9395 3436/4561/9396 3437/4549/9397
f 3436/4561/9396 3438/4562/9398 3437/4549/9397
f 3438/4562/9398 3439/4563/9399 3437/4549/9397
f 3439/4563/9399 3440/4564/9400 3437/4549/9397
f 3440/4564/9400 3441/4565/9401 3437/4549/9397
f 3441/4565/9401 3442/4566/9402 3437/4549/9397
f 3442/4566/9402 3443/4567/9403 3437/4549/9397
f 3443/4567/9403 3444/4568/9404 3437/4549/9397
f 3444/4568/9404 3445/4569/9405 3437/4549/9397
f 3445/4569/9405 3435/4560/9395 3437/4549/9397
s off
f 3414/4546/9406 3415/4545/9407 3426/4551/9408 3425/4550/9409
f 3415/4545/9410 3416/4544/9411 3427/4552/9412 3426/4551/9413
f 3416/4544/9414 3417/4543/9415 3428/4553/9416 3427/4552/9417
f 3417/4543/9418 3418/4542/9419 3429/4554/9420 3428/4553/9421
f 3418/4542/9422 3419/4541/9423 3430/4555/9424 3429/4554/9425
f 3419/4541/9426 3420/4540/9427 3431/4556/9428 3430/4555/9429
f 3420/4540/9430 3421/4539/9431 3432/4557/9432 3431/4556/9433
f 3421/4539/9434 3422/4538/9435 3433/4558/9436 3432/4557/9437
f 3422/4538/9438 3423/4547/9439 3434/4559/9440 3433/4558/9441
f 3423/4547/9442 3414/4546/9443 3425/4550/9444 3434/4559/9445
f 3425/4550/9446 3426/4551/9447 3436/4561/9448 3435/4560/9449
f 3426/4551/9450 3427/4552/9451 3438/4562/9452 3436/4561/9453
f 3427/4552/9454 3428/4553/9455 3439/4563/9456 3438/4562/9457
f 3428/4553/9458 3429/4554/9459 3440/4564/9460 3439/4563/9461
f 3429/4554/9462 3430/4555/9463 3441/4565/9464 3440/4564/9465
f 3430/4555/9466 3431/4556/9467 3442/4566/9468 3441/4565/9469
f 3431/4556/9470 3432/4557/9471 3443/4567/9472 3442/4566/9473
f 3432/4557/9474 3433/4558/9475 3444/4568/9476 3443/4567/9477
f 3433/4558/9478 3434/4559/9479 3445/4569/9480 3444/4568/9481
f 3434/4559/9482 3425/4550/9483 3435/4560/9484 3445/4569/9485
g default
v 212.838585 -2.957012 448.562159
v 210.372149 -2.957012 448.576927
v 208.385433 -2.957012 450.038627
v 207.637385 -2.957012 452.388873
v 208.413594 -2.957012 454.729982
v 210.417652 -2.957012 456.167763
v 212.884030 -2.957012 456.153039
v 214.870746 -2.957012 454.691339
v 215.618853 -2.957012 452.341049
v 214.842622 -2.957012 449.999911
v 213.209020 13.339891 447.398452
v 209.987819 13.339891 447.417761
v 207.393163 13.339891 449.326744
v 206.416163 13.339891 452.396206
v 207.429877 13.339891 455.453739
v 210.047218 13.339891 457.331471
v 213.268338 13.339891 457.312176
v 215.862994 13.339891 455.403192
v 216.840075 13.339891 452.333716
v 215.826280 13.339891 449.276198
v 213.276414 29.636795 447.186589
v 209.917831 29.636795 447.206713
v 207.212506 29.636795 449.197120
v 206.193783 29.636795 452.397540
v 207.250772 29.636795 455.585513
v 209.979764 29.636795 457.543377
v 213.338326 29.636795 457.523223
v 216.043651 29.636795 455.532817
v 217.062395 29.636795 452.332426
v 216.005385 29.636795 449.144424
v 212.989982 43.986998 448.086533
v 210.215067 43.986998 448.103144
v 207.979923 43.986998 449.747622
v 207.138254 43.986998 452.391864
v 208.011554 43.986998 455.025778
v 210.266256 43.986998 456.643389
v 213.041170 43.986998 456.626778
v 215.276315 43.986998 454.982301
v 216.117984 43.986998 452.338058
v 215.244662 43.986998 449.704115
v 211.628079 -2.957012 452.364968
v 212.554567 47.038860 449.454401
v 210.666841 47.038860 449.465703
v 209.146269 47.038860 450.584443
v 208.573693 47.038860 452.383275
v 209.167780 47.038860 454.175103
v 210.701642 47.038860 455.275544
v 212.589368 47.038860 455.264242
v 214.109940 47.038860 454.145501
v 214.682515 47.038860 452.346669
v 214.088409 47.038860 450.554815
v 212.026322 47.734951 451.113932
v 211.214928 47.734951 451.118791
v 211.628087 47.734951 452.364970
v 210.561347 47.734951 451.599655
v 210.315239 47.734951 452.372839
v 210.570592 47.734951 453.143014
v 211.229887 47.734951 453.616012
v 212.041280 47.734951 453.611153
v 212.694862 47.734951 453.130289
v 212.940970 47.734951 452.357105
v 212.685608 47.734951 451.586919
vt 0.626409 0.064409
vt 0.548284 0.007647
vt 0.451716 0.007647
vt 0.373591 0.064409
vt 0.343750 0.156250
vt 0.373591 0.248091
vt 0.451716 0.304853
vt 0.548284 0.304853
vt 0.626409 0.248091
vt 0.656250 0.156250
vt 0.375000 0.312500
vt 0.400000 0.312500
vt 0.425000 0.312500
vt 0.450000 0.312500
vt 0.475000 0.312500
vt 0.500000 0.312500
vt 0.525000 0.312500
vt 0.550000 0.312500
vt 0.575000 0.312500
vt 0.600000 0.312500
vt 0.625000 0.312500
vt 0.375000 0.437500
vt 0.400000 0.437500
vt 0.425000 0.437500
vt 0.450000 0.437500
vt 0.475000 0.437500
vt 0.500000 0.437500
vt 0.525000 0.437500
vt 0.550000 0.437500
vt 0.575000 0.437500
vt 0.600000 0.437500
vt 0.625000 0.437500
vt 0.375000 0.562500
vt 0.400000 0.562500
vt 0.425000 0.562500
vt 0.450000 0.562500
vt 0.475000 0.562500
vt 0.500000 0.562500
vt 0.525000 0.562500
vt 0.550000 0.562500
vt 0.575000 0.562500
vt 0.600000 0.562500
vt 0.625000 0.562500
vt 0.375000 0.687500
vt 0.400000 0.687500
vt 0.425000 0.687500
vt 0.450000 0.687500
vt 0.475000 0.687500
vt 0.500000 0.687500
vt 0.525000 0.687500
vt 0.550000 0.687500
vt 0.575000 0.687500
vt 0.600000 0.687500
vt 0.625000 0.687500
vt 0.626409 0.751909
vt 0.548284 0.695147
vt 0.451716 0.695147
vt 0.373591 0.751909
vt 0.343750 0.843750
vt 0.373591 0.935591
vt 0.451716 0.992353
vt 0.548284 0.992353
vt 0.626409 0.935591
vt 0.656250 0.843750
vt 0.500000 0.156250
vt 0.500000 0.843750
vt 0.626409 0.935591
vt 0.548284 0.992353
vt 0.451716 0.992353
vt 0.373591 0.935591
vt 0.343750 0.843750
vt 0.373591 0.751909
vt 0.451716 0.695147
vt 0.548284 0.695147
vt 0.626409 0.751909
vt 0.656250 0.843750
vt 0.626409 0.935591
vt 0.548284 0.992353
vt 0.451716 0.992353
vt 0.373591 0.935591
vt 0.343750 0.843750
vt 0.373591 0.751909
vt 0.451716 0.695147
vt 0.548284 0.695147
vt 0.626409 0.751909
vt 0.656250 0.843750
vn -0.005976 -0.071088 -0.997452
vn -0.005976 -0.071088 -0.997452
vn -0.005988 -0.039560 -0.999199
vn -0.005988 -0.039560 -0.999199
vn -0.591123 -0.071088 -0.803443
vn -0.591123 -0.071088 -0.803443
vn -0.592158 -0.039560 -0.804850
vn -0.592158 -0.039560 -0.804850
vn -0.950485 -0.071088 -0.302531
vn -0.950485 -0.071088 -0.302531
vn -0.952148 -0.039560 -0.303067
vn -0.952148 -0.039560 -0.303067
vn -0.946788 -0.071090 0.313908
vn -0.946788 -0.071090 0.313908
vn -0.948447 -0.039561 0.314458
vn -0.948447 -0.039561 0.314458
vn -0.581452 -0.071090 0.810469
vn -0.581452 -0.071090 0.810469
vn -0.582470 -0.039561 0.811889
vn -0.582470 -0.039561 0.811889
vn 0.005966 -0.071087 0.997452
vn 0.005966 -0.071087 0.997452
vn 0.005984 -0.039560 0.999199
vn 0.005984 -0.039560 0.999199
vn 0.591123 -0.071086 0.803443
vn 0.591123 -0.071086 0.803443
vn 0.592158 -0.039559 0.804850
vn 0.592158 -0.039559 0.804850
vn 0.950479 -0.071087 0.302551
vn 0.950479 -0.071087 0.302551
vn 0.952143 -0.039559 0.303084
vn 0.952143 -0.039559 0.303084
vn 0.946783 -0.071088 -0.313924
vn 0.946783 -0.071088 -0.313924
vn 0.948442 -0.039559 -0.314473
vn 0.948442 -0.039559 -0.314473
vn 0.581459 -0.071088 -0.810464
vn 0.581458 -0.071088 -0.810464
vn 0.582476 -0.039559 -0.811884
vn 0.582476 -0.039559 -0.811885
vn -0.005990 0.020772 -0.999766
vn -0.005990 0.020772 -0.999766
vn -0.592494 0.020771 -0.805307
vn -0.592494 0.020772 -0.805307
vn -0.952686 0.020773 -0.303244
vn -0.952686 0.020773 -0.303244
vn -0.948984 0.020773 0.314639
vn -0.948984 0.020773 0.314639
vn -0.582803 0.020773 0.812348
vn -0.582803 0.020773 0.812348
vn 0.005993 0.020772 0.999766
vn 0.005993 0.020772 0.999766
vn 0.592494 0.020770 0.805307
vn 0.592494 0.020770 0.805307
vn 0.952683 0.020771 0.303255
vn 0.952683 0.020772 0.303255
vn 0.948981 0.020772 -0.314648
vn 0.948981 0.020772 -0.314648
vn 0.582805 0.020772 -0.812347
vn 0.582805 0.020772 -0.812347
vn -0.005977 0.062469 -0.998029
vn -0.005977 0.062469 -0.998029
vn -0.591464 0.062470 -0.803908
vn -0.591464 0.062470 -0.803908
vn -0.951030 0.062472 -0.302719
vn -0.951030 0.062472 -0.302719
vn -0.947334 0.062474 0.314096
vn -0.947334 0.062474 0.314095
vn -0.581792 0.062474 0.810934
vn -0.581792 0.062474 0.810934
vn 0.005982 0.062471 0.998029
vn 0.005982 0.062471 0.998029
vn 0.591464 0.062467 0.803908
vn 0.591464 0.062467 0.803908
vn 0.951029 0.062468 0.302723
vn 0.951029 0.062468 0.302723
vn 0.947333 0.062469 -0.314099
vn 0.947333 0.062469 -0.314099
vn 0.581790 0.062469 -0.810937
vn 0.581790 0.062469 -0.810937
vn 0.000000 -1.000000 0.000000
vn 0.000000 -1.000000 0.000000
vn 0.000000 -1.000000 0.000000
vn 0.000000 -1.000000 0.000000
vn 0.000000 -1.000000 0.000000
vn 0.000000 -1.000000 0.000000
vn 0.000000 -1.000000 0.000000
vn 0.000000 -1.000000 0.000000
vn 0.000000 -1.000000 0.000000
vn 0.000000 -1.000000 0.000000
vn 0.000000 -1.000000 0.000000
vn 0.000001 1.000000 0.000002
vn 0.000001 1.000000 0.000001
vn 0.000000 1.000000 0.000000
vn 0.000000 1.000000 0.000000
vn -0.000002 1.000000 -0.000003
vn 0.000000 1.000000 0.000000
vn 0.000003 1.000000 0.000004
vn 0.000001 1.000000 0.000001
vn -0.000001 1.000000 -0.000001
vn -0.000001 1.000000 -0.000002
vn -0.000000 1.000000 -0.000000
vn -0.005465 0.408349 -0.912810
vn -0.005465 0.408349 -0.912810
vn -0.005465 0.408349 -0.912810
vn -0.005465 0.408349 -0.912810
vn -0.540960 0.408351 -0.735263
vn -0.540960 0.408351 -0.735263
vn -0.540960 0.408351 -0.735263
vn -0.540960 0.408351 -0.735263
vn -0.869827 0.408343 -0.276869
vn -0.869827 0.408343 -0.276869
vn -0.869827 0.408343 -0.276869
vn -0.869827 0.408343 -0.276869
vn -0.866447 0.408339 0.287277
vn -0.866447 0.408339 0.287277
vn -0.866447 0.408339 0.287277
vn -0.866447 0.408339 0.287277
vn -0.532118 0.408339 0.741694
vn -0.532118 0.408339 0.741694
vn -0.532118 0.408339 0.741694
vn -0.532118 0.408339 0.741694
vn 0.005464 0.408344 0.912812
vn 0.005464 0.408344 0.912812
vn 0.005464 0.408344 0.912812
vn 0.005464 0.408344 0.912812
vn 0.540960 0.408351 0.735263
vn 0.540960 0.408351 0.735263
vn 0.540960 0.408351 0.735263
vn 0.540960 0.408351 0.735263
vn 0.869825 0.408349 0.276868
vn 0.869825 0.408349 0.276868
vn 0.869825 0.408349 0.276868
vn 0.869825 0.408349 0.276868
vn 0.866442 0.408348 -0.287280
vn 0.866442 0.408348 -0.287280
vn 0.866443 0.408348 -0.287280
vn 0.866442 0.408348 -0.287280
vn 0.532112 0.408348 -0.741693
vn 0.532112 0.408348 -0.741693
vn 0.532112 0.408348 -0.741693
vn 0.532112 0.408348 -0.741693
vn -0.002320 0.921897 -0.387429
vn -0.002320 0.921897 -0.387429
vn -0.002320 0.921897 -0.387429
vn -0.002320 0.921897 -0.387429
vn -0.229603 0.921897 -0.312072
vn -0.229603 0.921897 -0.312072
vn -0.229603 0.921897 -0.312072
vn -0.229603 0.921897 -0.312072
vn -0.369185 0.921897 -0.117514
vn -0.369185 0.921897 -0.117513
vn -0.369185 0.921897 -0.117513
vn -0.369185 0.921897 -0.117514
vn -0.367750 0.921897 0.121929
vn -0.367749 0.921897 0.121928
vn -0.367749 0.921897 0.121928
vn -0.367749 0.921897 0.121928
vn -0.225848 0.921897 0.314801
vn -0.225848 0.921897 0.314801
vn -0.225848 0.921897 0.314801
vn -0.225848 0.921897 0.314801
vn 0.002320 0.921897 0.387429
vn 0.002320 0.921897 0.387429
vn 0.002320 0.921897 0.387429
vn 0.002320 0.921897 0.387429
vn 0.229603 0.921897 0.312072
vn 0.229603 0.921897 0.312072
vn 0.229603 0.921897 0.312072
vn 0.229603 0.921897 0.312072
vn 0.369185 0.921897 0.117514
vn 0.369185 0.921897 0.117513
vn 0.369185 0.921897 0.117513
vn 0.369185 0.921897 0.117514
vn 0.367749 0.921897 -0.121931
vn 0.367749 0.921897 -0.121931
vn 0.367749 0.921897 -0.121931
vn 0.367749 0.921897 -0.121931
vn 0.225846 0.921897 -0.314801
vn 0.225846 0.921897 -0.314801
vn 0.225846 0.921897 -0.314801
vn 0.225846 0.921897 -0.314801
s 1
g cactus pCylinder20
usemtl lambert8SG
f 3446/4580/9486 3447/4581/9487 3457/4592/9488 3456/4591/9489
s 2
f 3447/4581/9490 3448/4582/9491 3458/4593/9492 3457/4592/9493
s 3
f 3448/4582/9494 3449/4583/9495 3459/4594/9496 3458/4593/9497
s 4
f 3449/4583/9498 3450/4584/9499 3460/4595/9500 3459/4594/9501
s 5
f 3450/4584/9502 3451/4585/9503 3461/4596/9504 3460/4595/9505
s 6
f 3451/4585/9506 3452/4586/9507 3462/4597/9508 3461/4596/9509
s 7
f 3452/4586/9510 3453/4587/9511 3463/4598/9512 3462/4597/9513
s 8
f 3453/4587/9514 3454/4588/9515 3464/4599/9516 3463/4598/9517
s 9
f 3454/4588/9518 3455/4589/9519 3465/4600/9520 3464/4599/9521
s 10
f 3455/4589/9522 3446/4590/9523 3456/4601/9524 3465/4600/9525
s 1
f 3456/4591/9489 3457/4592/9488 3467/4603/9526 3466/4602/9527
s 2
f 3457/4592/9493 3458/4593/9492 3468/4604/9528 3467/4603/9529
s 3
f 3458/4593/9497 3459/4594/9496 3469/4605/9530 3468/4604/9531
s 4
f 3459/4594/9501 3460/4595/9500 3470/4606/9532 3469/4605/9533
s 5
f 3460/4595/9505 3461/4596/9504 3471/4607/9534 3470/4606/9535
s 6
f 3461/4596/9509 3462/4597/9508 3472/4608/9536 3471/4607/9537
s 7
f 3462/4597/9513 3463/4598/9512 3473/4609/9538 3472/4608/9539
s 8
f 3463/4598/9517 3464/4599/9516 3474/4610/9540 3473/4609/9541
s 9
f 3464/4599/9521 3465/4600/9520 3475/4611/9542 3474/4610/9543
s 10
f 3465/4600/9525 3456/4601/9524 3466/4612/9544 3475/4611/9545
s 1
f 3466/4602/9527 3467/4603/9526 3477/4614/9546 3476/4613/9547
s 2
f 3467/4603/9529 3468/4604/9528 3478/4615/9548 3477/4614/9549
s 3
f 3468/4604/9531 3469/4605/9530 3479/4616/9550 3478/4615/9551
s 4
f 3469/4605/9533 3470/4606/9532 3480/4617/9552 3479/4616/9553
s 5
f 3470/4606/9535 3471/4607/9534 3481/4618/9554 3480/4617/9555
s 6
f 3471/4607/9537 3472/4608/9536 3482/4619/9556 3481/4618/9557
s 7
f 3472/4608/9539 3473/4609/9538 3483/4620/9558 3482/4619/9559
s 8
f 3473/4609/9541 3474/4610/9540 3484/4621/9560 3483/4620/9561
s 9
f 3474/4610/9543 3475/4611/9542 3485/4622/9562 3484/4621/9563
s 10
f 3475/4611/9545 3466/4612/9544 3476/4623/9564 3485/4622/9565
s 11
f 3447/4571/9566 3446/4570/9567 3486/4634/9568
f 3448/4572/9569 3447/4571/9566 3486/4634/9568
f 3449/4573/9570 3448/4572/9569 3486/4634/9568
f 3450/4574/9571 3449/4573/9570 3486/4634/9568
f 3451/4575/9572 3450/4574/9571 3486/4634/9568
f 3452/4576/9573 3451/4575/9572 3486/4634/9568
f 3453/4577/9574 3452/4576/9573 3486/4634/9568
f 3454/4578/9575 3453/4577/9574 3486/4634/9568
f 3455/4579/9576 3454/4578/9575 3486/4634/9568
f 3446/4570/9567 3455/4579/9576 3486/4634/9568
s 12
f 3497/4646/9577 3498/4647/9578 3499/4635/9579
f 3498/4647/9578 3500/4648/9580 3499/4635/9579
f 3500/4648/9580 3501/4649/9581 3499/4635/9579
f 3501/4649/9581 3502/4650/9582 3499/4635/9579
f 3502/4650/9582 3503/4651/9583 3499/4635/9579
f 3503/4651/9583 3504/4652/9584 3499/4635/9579
f 3504/4652/9584 3505/4653/9585 3499/4635/9579
f 3505/4653/9585 3506/4654/9586 3499/4635/9579
f 3506/4654/9586 3507/4655/9587 3499/4635/9579
f 3507/4655/9587 3497/4646/9577 3499/4635/9579
s off
f 3476/4632/9588 3477/4631/9589 3488/4637/9590 3487/4636/9591
f 3477/4631/9592 3478/4630/9593 3489/4638/9594 3488/4637/9595
f 3478/4630/9596 3479/4629/9597 3490/4639/9598 3489/4638/9599
f 3479/4629/9600 3480/4628/9601 3491/4640/9602 3490/4639/9603
f 3480/4628/9604 3481/4627/9605 3492/4641/9606 3491/4640/9607
f 3481/4627/9608 3482/4626/9609 3493/4642/9610 3492/4641/9611
f 3482/4626/9612 3483/4625/9613 3494/4643/9614 3493/4642/9615
f 3483/4625/9616 3484/4624/9617 3495/4644/9618 3494/4643/9619
f 3484/4624/9620 3485/4633/9621 3496/4645/9622 3495/4644/9623
f 3485/4633/9624 3476/4632/9625 3487/4636/9626 3496/4645/9627
f 3487/4636/9628 3488/4637/9629 3498/4647/9630 3497/4646/9631
f 3488/4637/9632 3489/4638/9633 3500/4648/9634 3498/4647/9635
f 3489/4638/9636 3490/4639/9637 3501/4649/9638 3500/4648/9639
f 3490/4639/9640 3491/4640/9641 3502/4650/9642 3501/4649/9643
f 3491/4640/9644 3492/4641/9645 3503/4651/9646 3502/4650/9647
f 3492/4641/9648 3493/4642/9649 3504/4652/9650 3503/4651/9651
f 3493/4642/9652 3494/4643/9653 3505/4653/9654 3504/4652/9655
f 3494/4643/9656 3495/4644/9657 3506/4654/9658 3505/4653/9659
f 3495/4644/9660 3496/4645/9661 3507/4655/9662 3506/4654/9663
f 3496/4645/9664 3487/4636/9665 3497/4646/9666 3507/4655/9667
g default
v 554.541016 -0.473785 -62.188565
v 550.147719 -0.473785 -65.625938
v 544.573015 -0.473785 -65.824480
v 539.946478 -0.473785 -62.708329
v 538.035023 -0.473785 -57.467937
v 539.568794 -0.473785 -52.104791
v 543.961920 -0.473785 -48.667398
v 549.536758 -0.473785 -48.468827
v 554.163428 -0.473785 -51.584950
v 556.074825 -0.473785 -56.825466
v 556.831872 36.383545 -63.731419
v 551.094200 36.383545 -68.220600
v 543.813548 36.383545 -68.479933
v 537.771129 36.383545 -64.410261
v 535.274633 36.383545 -57.566252
v 537.277901 36.383545 -50.561889
v 543.015477 36.383545 -46.072784
v 550.296129 36.383545 -45.813450
v 556.338777 36.383545 -49.883019
v 558.835044 36.383545 -56.727131
v 557.248921 73.240883 -64.012375
v 551.266452 73.240883 -68.693047
v 543.675302 73.240883 -68.963416
v 537.375037 73.240883 -64.720193
v 534.772123 73.240883 -57.584166
v 536.860814 73.240883 -50.280885
v 542.843225 73.240883 -45.600336
v 550.434375 73.240883 -45.329968
v 556.734698 73.240883 -49.573067
v 559.337592 73.240883 -56.709265
v 555.477330 105.695534 -62.819163
v 550.534598 105.695534 -66.686453
v 544.262760 105.695534 -66.909834
v 539.057347 105.695534 -63.403974
v 536.906846 105.695534 -57.508118
v 538.632480 105.695534 -51.474192
v 543.575308 105.695534 -47.606827
v 549.847146 105.695534 -47.383446
v 555.052463 105.695534 -50.889382
v 557.203003 105.695534 -56.785286
v 547.054857 -0.473785 -57.146716
v 552.784570 112.597672 -61.005626
v 549.422093 112.597672 -63.636446
v 545.155355 112.597672 -63.788423
v 541.614226 112.597672 -61.403412
v 540.151250 112.597672 -57.392524
v 541.325202 112.597672 -53.287681
v 544.687680 112.597672 -50.656862
v 548.954417 112.597672 -50.504885
v 552.495546 112.597672 -52.889896
v 553.958560 112.597672 -56.900832
v 549.517629 114.171967 -58.805359
v 548.072423 114.171967 -59.936102
v 547.054857 114.171967 -57.146716
v 546.238474 114.171967 -60.001422
v 544.716368 114.171967 -58.976315
v 544.087545 114.171967 -57.252353
v 544.592144 114.171967 -55.487949
v 546.037446 114.171967 -54.357130
v 547.871394 114.171967 -54.291810
v 549.393405 114.171967 -55.316993
v 550.022266 114.171967 -57.041003
v 547.475613 67.942490 -52.730135
v 547.345742 63.475231 -49.487072
v 547.327857 57.953396 -49.487691
v 547.428935 53.486141 -52.731758
v 547.610313 51.779797 -57.980264
v 547.802866 53.486141 -63.228328
v 547.932736 57.953396 -66.471391
v 547.950621 63.475231 -66.470772
v 547.849467 67.942490 -63.226608
v 547.668031 69.648834 -57.978226
v 579.885926 66.920532 -51.575844
v 584.272427 63.013004 -48.171963
v 589.933979 58.062069 -49.238267
v 592.058411 55.578335 -51.142331
v 592.737857 55.069714 -56.373015
v 592.432341 55.424519 -61.638900
v 589.448245 58.341000 -63.632308
v 582.539188 62.727322 -65.238964
v 580.259857 66.920532 -62.072413
v 579.246403 68.413071 -56.853555
v 580.602411 90.642395 -53.062106
v 584.268800 90.642395 -50.193515
v 588.920857 90.642395 -50.027843
v 592.782142 90.642395 -52.628304
v 594.377218 90.642395 -57.001577
v 593.097288 90.642395 -61.477291
v 589.430900 90.642395 -64.345881
v 584.778843 90.642395 -64.511554
v 580.917557 90.642395 -61.911093
v 579.322405 90.642395 -57.537724
v 582.599848 95.464233 -54.407341
v 585.094035 95.464233 -52.455814
v 588.258813 95.464233 -52.343105
v 590.885424 95.464233 -54.112255
v 591.970610 95.464233 -57.087274
v 591.099756 95.464233 -60.132132
v 588.605760 95.464233 -62.083507
v 585.440906 95.464233 -62.196120
v 582.814180 95.464233 -60.427218
v 581.729014 95.464233 -57.452027
v 585.023133 96.564026 -56.039331
v 586.095058 96.564026 -55.200529
v 586.849812 96.564026 -57.269651
v 587.455461 96.564026 -55.152138
v 588.584480 96.564026 -55.912581
v 589.050928 96.564026 -57.191311
v 588.676567 96.564026 -58.500065
v 587.604565 96.564026 -59.338772
v 586.244238 96.564026 -59.387258
v 585.115295 96.564026 -58.626911
v 584.648772 96.564026 -57.348086
v 592.571046 62.437428 -61.605026
v 594.084756 62.780903 -56.499456
v 592.225531 62.667873 -51.485230
v 592.157800 59.264622 -51.346247
v 594.047093 59.188831 -56.434608
v 592.509434 59.135342 -61.620037
v 586.143438 54.791920 -62.482430
v 586.031523 53.046810 -56.611903
v 585.206897 54.154331 -51.386274
v 589.075386 54.222759 -51.248578
v 589.766044 53.359112 -56.478869
v 589.075535 54.891926 -62.306580
v 545.559174 74.542000 -62.644841
v 545.680909 70.353806 -65.685363
v 545.697804 65.176918 -65.684672
v 545.602934 60.988724 -62.643270
v 545.433012 59.388969 -57.722604
v 545.252430 60.988724 -52.802439
v 545.130694 65.176918 -49.761917
v 545.113858 70.353806 -49.762484
v 545.208670 74.542000 -52.804010
v 545.378821 76.141754 -57.724573
v 515.173467 73.583878 -63.726994
v 511.061014 69.920456 -66.918315
v 505.753090 65.278801 -65.918624
v 503.761420 62.950218 -64.133410
v 503.124492 62.473373 -59.229476
v 503.410917 62.806007 -54.292579
v 506.208553 65.540306 -52.423742
v 512.686002 69.652618 -50.917434
v 514.822963 73.583878 -53.886162
v 515.773097 74.983185 -58.778942
v 514.501830 95.823883 -62.333525
v 511.064375 95.823883 -65.023034
v 506.702986 95.823883 -65.178195
v 503.082919 95.823883 -62.740318
v 501.587450 95.823883 -58.640243
v 502.787503 95.823883 -54.444103
v 506.224863 95.823883 -51.754670
v 510.586309 95.823883 -51.599385
v 514.206319 95.823883 -54.037386
v 515.701826 95.823883 -58.137509
v 512.629107 100.344505 -61.072404
v 510.290846 100.344505 -62.901900
v 507.323743 100.344505 -63.007605
v 504.861181 100.344505 -61.349029
v 503.843729 100.344505 -58.559787
v 504.660189 100.344505 -55.705176
v 506.998487 100.344505 -53.875729
v 509.965590 100.344505 -53.770024
v 512.428115 100.344505 -55.428551
v 513.445546 100.344505 -58.217965
v 510.357273 101.375595 -59.542358
v 509.352269 101.375595 -60.328618
v 508.644552 101.375595 -58.388866
v 508.076831 101.375595 -60.374178
v 507.018331 101.375595 -59.661280
v 506.581028 101.375595 -58.462399
v 506.931927 101.375595 -57.235298
v 507.937026 101.375595 -56.448962
v 509.212444 101.375595 -56.403574
v 510.270869 101.375595 -57.116377
v 510.708247 101.375595 -58.315353
v 503.280897 69.380836 -54.324246
v 501.861647 69.702850 -59.111048
v 503.604796 69.596878 -63.812019
v 503.668376 66.406227 -63.942222
v 501.897062 66.335175 -59.171681
v 503.338615 66.285027 -54.310217
v 509.306934 62.212929 -53.501751
v 509.411908 60.576836 -59.005513
v 510.184903 61.615166 -63.904681
v 506.558058 61.679321 -64.033869
v 505.910720 60.869621 -59.130161
v 506.557947 62.306686 -53.666561
vt 0.626409 0.064409
vt 0.548284 0.007647
vt 0.451716 0.007647
vt 0.373591 0.064409
vt 0.343750 0.156250
vt 0.373591 0.248091
vt 0.451716 0.304853
vt 0.548284 0.304853
vt 0.626409 0.248091
vt 0.656250 0.156250
vt 0.375000 0.312500
vt 0.400000 0.312500
vt 0.425000 0.312500
vt 0.450000 0.312500
vt 0.475000 0.312500
vt 0.500000 0.312500
vt 0.525000 0.312500
vt 0.550000 0.312500
vt 0.575000 0.312500
vt 0.600000 0.312500
vt 0.625000 0.312500
vt 0.375000 0.437500
vt 0.400000 0.437500
vt 0.425000 0.437500
vt 0.450000 0.437500
vt 0.475000 0.437500
vt 0.500000 0.437500
vt 0.525000 0.437500
vt 0.550000 0.437500
vt 0.575000 0.437500
vt 0.600000 0.437500
vt 0.625000 0.437500
vt 0.375000 0.562500
vt 0.400000 0.562500
vt 0.425000 0.562500
vt 0.450000 0.562500
vt 0.475000 0.562500
vt 0.500000 0.562500
vt 0.525000 0.562500
vt 0.550000 0.562500
vt 0.575000 0.562500
vt 0.600000 0.562500
vt 0.625000 0.562500
vt 0.375000 0.687500
vt 0.400000 0.687500
vt 0.425000 0.687500
vt 0.450000 0.687500
vt 0.475000 0.687500
vt 0.500000 0.687500
vt 0.525000 0.687500
vt 0.550000 0.687500
vt 0.575000 0.687500
vt 0.600000 0.687500
vt 0.625000 0.687500
vt 0.626409 0.751909
vt 0.548284 0.695147
vt 0.451716 0.695147
vt 0.373591 0.751909
vt 0.343750 0.843750
vt 0.373591 0.935591
vt 0.451716 0.992353
vt 0.548284 0.992353
vt 0.626409 0.935591
vt 0.656250 0.843750
vt 0.500000 0.156250
vt 0.500000 0.843750
vt 0.626409 0.935591
vt 0.548284 0.992353
vt 0.451716 0.992353
vt 0.373591 0.935591
vt 0.343750 0.843750
vt 0.373591 0.751909
vt 0.451716 0.695147
vt 0.548284 0.695147
vt 0.626409 0.751909
vt 0.656250 0.843750
vt 0.626409 0.935591
vt 0.548284 0.992353
vt 0.451716 0.992353
vt 0.373591 0.935591
vt 0.343750 0.843750
vt 0.373591 0.751909
vt 0.451716 0.695147
vt 0.548284 0.695147
vt 0.626409 0.751909
vt 0.656250 0.843750
vt 0.375000 0.312500
vt 0.400000 0.312500
vt 0.400000 0.687500
vt 0.375000 0.687500
vt 0.425000 0.312500
vt 0.425000 0.687500
vt 0.450000 0.312500
vt 0.450000 0.629930
vt 0.475000 0.312500
vt 0.475000 0.623183
vt 0.500000 0.312500
vt 0.500000 0.634472
vt 0.525000 0.312500
vt 0.525000 0.687500
vt 0.550000 0.312500
vt 0.550000 0.687500
vt 0.575000 0.312500
vt 0.575000 0.687500
vt 0.600000 0.312500
vt 0.600000 0.687500
vt 0.625000 0.312500
vt 0.625000 0.687500
vt 0.375000 0.562500
vt 0.400000 0.562500
vt 0.400000 0.687500
vt 0.375000 0.687500
vt 0.425000 0.562500
vt 0.425000 0.687500
vt 0.450000 0.575218
vt 0.450000 0.591346
vt 0.475000 0.577631
vt 0.475000 0.594214
vt 0.500000 0.572594
vt 0.500000 0.588564
vt 0.525000 0.562500
vt 0.550000 0.562500
vt 0.550000 0.687500
vt 0.525000 0.687500
vt 0.575000 0.562500
vt 0.575000 0.687500
vt 0.600000 0.562500
vt 0.600000 0.687500
vt 0.625000 0.562500
vt 0.625000 0.687500
vt 0.626409 0.935591
vt 0.548284 0.992353
vt 0.500000 0.843750
vt 0.451716 0.992353
vt 0.373591 0.935591
vt 0.343750 0.843750
vt 0.373591 0.751909
vt 0.451716 0.695147
vt 0.548284 0.695147
vt 0.626409 0.751909
vt 0.656250 0.843750
vt 0.626409 0.935591
vt 0.548284 0.992353
vt 0.548284 0.992353
vt 0.626409 0.935591
vt 0.451716 0.992353
vt 0.451716 0.992353
vt 0.373591 0.935591
vt 0.373591 0.935591
vt 0.343750 0.843750
vt 0.343750 0.843750
vt 0.373591 0.751909
vt 0.373591 0.751909
vt 0.451716 0.695147
vt 0.451716 0.695147
vt 0.548284 0.695147
vt 0.548284 0.695147
vt 0.626409 0.751909
vt 0.626409 0.751909
vt 0.656250 0.843750
vt 0.656250 0.843750
vt 0.500000 0.687500
vt 0.475000 0.687500
vt 0.450000 0.687500
vt 0.450000 0.562500
vt 0.475000 0.562500
vt 0.500000 0.562500
vt 0.500000 0.659131
vt 0.500000 0.687500
vt 0.475000 0.653382
vt 0.475000 0.687500
vt 0.450000 0.662436
vt 0.450000 0.687500
vt 0.375000 0.312500
vt 0.400000 0.312500
vt 0.400000 0.687500
vt 0.375000 0.687500
vt 0.425000 0.312500
vt 0.425000 0.687500
vt 0.450000 0.312500
vt 0.450000 0.629930
vt 0.475000 0.312500
vt 0.475000 0.623183
vt 0.500000 0.312500
vt 0.500000 0.634472
vt 0.525000 0.312500
vt 0.525000 0.687500
vt 0.550000 0.312500
vt 0.550000 0.687500
vt 0.575000 0.312500
vt 0.575000 0.687500
vt 0.600000 0.312500
vt 0.600000 0.687500
vt 0.625000 0.312500
vt 0.625000 0.687500
vt 0.375000 0.562500
vt 0.400000 0.562500
vt 0.400000 0.687500
vt 0.375000 0.687500
vt 0.425000 0.562500
vt 0.425000 0.687500
vt 0.450000 0.575218
vt 0.450000 0.591346
vt 0.475000 0.577631
vt 0.475000 0.594214
vt 0.500000 0.572594
vt 0.500000 0.588564
vt 0.525000 0.562500
vt 0.550000 0.562500
vt 0.550000 0.687500
vt 0.525000 0.687500
vt 0.575000 0.562500
vt 0.575000 0.687500
vt 0.600000 0.562500
vt 0.600000 0.687500
vt 0.625000 0.562500
vt 0.625000 0.687500
vt 0.626409 0.935591
vt 0.548284 0.992353
vt 0.500000 0.843750
vt 0.451716 0.992353
vt 0.373591 0.935591
vt 0.343750 0.843750
vt 0.373591 0.751909
vt 0.451716 0.695147
vt 0.548284 0.695147
vt 0.626409 0.751909
vt 0.656250 0.843750
vt 0.626409 0.935591
vt 0.548284 0.992353
vt 0.548284 0.992353
vt 0.626409 0.935591
vt 0.451716 0.992353
vt 0.451716 0.992353
vt 0.373591 0.935591
vt 0.373591 0.935591
vt 0.343750 0.843750
vt 0.343750 0.843750
vt 0.373591 0.751909
vt 0.373591 0.751909
vt 0.451716 0.695147
vt 0.451716 0.695147
vt 0.548284 0.695147
vt 0.548284 0.695147
vt 0.626409 0.751909
vt 0.626409 0.751909
vt 0.656250 0.843750
vt 0.656250 0.843750
vt 0.500000 0.687500
vt 0.475000 0.687500
vt 0.450000 0.687500
vt 0.450000 0.562500
vt 0.475000 0.562500
vt 0.500000 0.562500
vt 0.500000 0.659131
vt 0.500000 0.687500
vt 0.475000 0.653382
vt 0.475000 0.687500
vt 0.450000 0.662436
vt 0.450000 0.687500
vn 0.614650 -0.071088 -0.785590
vn 0.614650 -0.071088 -0.785590
vn 0.615720 -0.039718 -0.786964
vn 0.615720 -0.039718 -0.786964
vn 0.035506 -0.071085 -0.996838
vn 0.035507 -0.071085 -0.996838
vn 0.035567 -0.039716 -0.998578
vn 0.035567 -0.039716 -0.998578
vn -0.557220 -0.071092 -0.827316
vn -0.557220 -0.071092 -0.827316
vn -0.558186 -0.039720 -0.828764
vn -0.558186 -0.039720 -0.828765
vn -0.937076 -0.071093 -0.341811
vn -0.937076 -0.071093 -0.341811
vn -0.938711 -0.039719 -0.342409
vn -0.938711 -0.039719 -0.342408
vn -0.959018 -0.071096 0.274281
vn -0.959018 -0.071096 0.274281
vn -0.960693 -0.039720 0.274758
vn -0.960693 -0.039720 0.274758
vn -0.614663 -0.071087 0.785580
vn -0.614663 -0.071087 0.785580
vn -0.615726 -0.039718 0.786959
vn -0.615726 -0.039718 0.786959
vn -0.035505 -0.071085 0.996838
vn -0.035505 -0.071085 0.996838
vn -0.035569 -0.039716 0.998578
vn -0.035569 -0.039716 0.998578
vn 0.557198 -0.071086 0.827331
vn 0.557198 -0.071086 0.827332
vn 0.558167 -0.039718 0.828777
vn 0.558167 -0.039718 0.828777
vn 0.937084 -0.071091 0.341789
vn 0.937084 -0.071091 0.341789
vn 0.938720 -0.039719 0.342386
vn 0.938719 -0.039719 0.342386
vn 0.959020 -0.071089 -0.274276
vn 0.959020 -0.071089 -0.274276
vn 0.960694 -0.039718 -0.274753
vn 0.960694 -0.039718 -0.274753
vn 0.616069 0.020892 -0.787415
vn 0.616069 0.020892 -0.787415
vn 0.035588 0.020892 -0.999148
vn 0.035588 0.020892 -0.999148
vn -0.558498 0.020893 -0.829242
vn -0.558499 0.020893 -0.829242
vn -0.939249 0.020893 -0.342599
vn -0.939249 0.020893 -0.342599
vn -0.961243 0.020893 0.274909
vn -0.961243 0.020893 0.274909
vn -0.616072 0.020893 0.787412
vn -0.616072 0.020893 0.787412
vn -0.035588 0.020892 0.999148
vn -0.035588 0.020891 0.999148
vn 0.558489 0.020892 0.829249
vn 0.558489 0.020892 0.829249
vn 0.939254 0.020894 0.342587
vn 0.939254 0.020894 0.342587
vn 0.961243 0.020893 -0.274911
vn 0.961243 0.020893 -0.274911
vn 0.615001 0.062469 -0.786048
vn 0.615001 0.062469 -0.786048
vn 0.035530 0.062469 -0.997414
vn 0.035530 0.062469 -0.997414
vn -0.557528 0.062471 -0.827804
vn -0.557528 0.062471 -0.827804
vn -0.937622 0.062468 -0.341999
vn -0.937622 0.062468 -0.341999
vn -0.959576 0.062470 0.274428
vn -0.959576 0.062470 0.274428
vn -0.615008 0.062472 0.786043
vn -0.615008 0.062472 0.786043
vn -0.035523 0.062467 0.997415
vn -0.035523 0.062467 0.997415
vn 0.557526 0.062473 0.827806
vn 0.557526 0.062473 0.827806
vn 0.937622 0.062474 0.341998
vn 0.937622 0.062474 0.341998
vn 0.959574 0.062470 -0.274437
vn 0.959574 0.062470 -0.274437
vn 0.000000 -1.000000 0.000000
vn 0.000000 -1.000000 -0.000000
vn -0.000000 -1.000000 0.000000
vn 0.000000 -1.000000 0.000000
vn 0.000000 -1.000000 0.000000
vn 0.000000 -1.000000 0.000000
vn -0.000000 -1.000000 0.000000
vn -0.000000 -1.000000 0.000000
vn -0.000000 -1.000000 0.000000
vn 0.000000 -1.000000 -0.000000
vn 0.000000 -1.000000 -0.000000
vn -0.000004 1.000000 0.000005
vn -0.000002 1.000000 0.000002
vn -0.000001 1.000000 0.000001
vn -0.000002 1.000000 0.000002
vn 0.000000 1.000000 0.000000
vn 0.000000 1.000000 0.000000
vn -0.000001 1.000000 0.000001
vn -0.000002 1.000000 0.000002
vn -0.000001 1.000000 0.000001
vn 0.000004 1.000000 -0.000005
vn 0.000000 1.000000 -0.000000
vn 0.562487 0.408345 -0.718932
vn 0.562487 0.408345 -0.718932
vn 0.562487 0.408345 -0.718932
vn 0.562487 0.408345 -0.718932
vn 0.032502 0.408347 -0.912248
vn 0.032502 0.408347 -0.912248
vn 0.032502 0.408347 -0.912248
vn 0.032502 0.408347 -0.912248
vn -0.509929 0.408344 -0.757118
vn -0.509929 0.408344 -0.757118
vn -0.509929 0.408344 -0.757118
vn -0.509929 0.408344 -0.757118
vn -0.857556 0.408364 -0.312788
vn -0.857556 0.408364 -0.312788
vn -0.857556 0.408364 -0.312788
vn -0.857556 0.408364 -0.312788
vn -0.877645 0.408339 0.250996
vn -0.877645 0.408339 0.250996
vn -0.877645 0.408339 0.250996
vn -0.877645 0.408339 0.250996
vn -0.562495 0.408352 0.718922
vn -0.562495 0.408352 0.718922
vn -0.562495 0.408352 0.718922
vn -0.562495 0.408352 0.718922
vn -0.032492 0.408354 0.912245
vn -0.032492 0.408354 0.912245
vn -0.032492 0.408354 0.912245
vn -0.032492 0.408354 0.912245
vn 0.509932 0.408354 0.757110
vn 0.509932 0.408354 0.757110
vn 0.509932 0.408354 0.757110
vn 0.509932 0.408354 0.757110
vn 0.857563 0.408342 0.312799
vn 0.857563 0.408342 0.312799
vn 0.857563 0.408342 0.312799
vn 0.857563 0.408342 0.312799
vn 0.877636 0.408352 -0.251004
vn 0.877636 0.408352 -0.251004
vn 0.877636 0.408352 -0.251004
vn 0.877636 0.408352 -0.251004
vn 0.238738 0.921903 -0.305120
vn 0.238738 0.921903 -0.305120
vn 0.238738 0.921903 -0.305120
vn 0.238738 0.921903 -0.305120
vn 0.013792 0.921887 -0.387213
vn 0.013792 0.921887 -0.387213
vn 0.013792 0.921887 -0.387213
vn 0.013792 0.921887 -0.387213
vn -0.216436 0.921893 -0.321356
vn -0.216436 0.921893 -0.321356
vn -0.216436 0.921893 -0.321356
vn -0.216436 0.921893 -0.321356
vn -0.363976 0.921898 -0.132762
vn -0.363976 0.921898 -0.132762
vn -0.363976 0.921898 -0.132762
vn -0.363976 0.921898 -0.132762
vn -0.372504 0.921896 0.106528
vn -0.372504 0.921896 0.106528
vn -0.372504 0.921896 0.106528
vn -0.372504 0.921896 0.106528
vn -0.238742 0.921895 0.305142
vn -0.238742 0.921895 0.305142
vn -0.238742 0.921895 0.305142
vn -0.238742 0.921895 0.305142
vn -0.013791 0.921893 0.387199
vn -0.013791 0.921893 0.387199
vn -0.013791 0.921893 0.387199
vn -0.013791 0.921893 0.387199
vn 0.216430 0.921900 0.321339
vn 0.216430 0.921900 0.321339
vn 0.216430 0.921900 0.321339
vn 0.216430 0.921900 0.321339
vn 0.363976 0.921897 0.132769
vn 0.363976 0.921897 0.132769
vn 0.363976 0.921897 0.132769
vn 0.363976 0.921897 0.132769
vn 0.372504 0.921894 -0.106544
vn 0.372504 0.921894 -0.106545
vn 0.372504 0.921894 -0.106545
vn 0.372504 0.921894 -0.106545
vn -0.014817 0.616968 0.786849
vn -0.014817 0.616968 0.786849
vn -0.014816 0.616968 0.786849
vn -0.014817 0.616968 0.786849
vn -0.020042 -0.111980 0.993508
vn -0.020042 -0.111980 0.993508
vn -0.020042 -0.111980 0.993508
vn -0.020042 -0.111980 0.993508
vn -0.011552 -0.536799 0.843631
vn -0.011552 -0.536799 0.843631
vn -0.011700 -0.535867 0.844221
vn -0.005700 -0.533228 0.845952
vn 0.015227 -0.965277 0.260785
vn 0.015227 -0.965277 0.260785
vn 0.017970 -0.967090 0.253798
vn 0.017349 -0.966685 0.255382
vn 0.040126 -0.954585 -0.295226
vn 0.040125 -0.954585 -0.295226
vn 0.042742 -0.955043 -0.293369
vn 0.042771 -0.955048 -0.293349
vn 0.049437 -0.496182 -0.866810
vn 0.049437 -0.496182 -0.866810
vn 0.055831 -0.490003 -0.869931
vn 0.049639 -0.494849 -0.867560
vn 0.052414 -0.124137 -0.990880
vn 0.052414 -0.124137 -0.990880
vn 0.052414 -0.124137 -0.990880
vn 0.052414 -0.124137 -0.990880
vn 0.044296 0.602197 -0.797118
vn 0.044296 0.602197 -0.797118
vn 0.044296 0.602197 -0.797118
vn 0.044296 0.602197 -0.797118
vn 0.043993 0.956805 -0.287384
vn 0.043993 0.956805 -0.287384
vn 0.043993 0.956805 -0.287384
vn 0.043993 0.956805 -0.287384
vn 0.023438 0.956804 0.289788
vn 0.023438 0.956804 0.289788
vn 0.023438 0.956804 0.289788
vn 0.023438 0.956804 0.289788
vn -0.594058 0.063030 0.801949
vn -0.594058 0.063030 0.801949
vn -0.594058 0.063030 0.801949
vn -0.594058 0.063030 0.801949
vn 0.109836 0.048206 0.992780
vn 0.109836 0.048206 0.992780
vn 0.109836 0.048206 0.992780
vn 0.109835 0.048206 0.992780
vn 0.613550 0.028882 0.789128
vn 0.682558 0.018473 0.730598
vn 0.605417 0.029834 0.795349
vn 0.951277 -0.090894 0.294636
vn 0.950763 -0.085951 0.297763
vn 0.938382 -0.004087 0.345576
vn 0.938368 -0.004085 0.345613
vn 0.968582 -0.097821 -0.228649
vn 0.968760 -0.100813 -0.226586
vn 0.959896 -0.015884 -0.279908
vn 0.959916 -0.015884 -0.279836
vn 0.550508 -0.006802 -0.834802
vn 0.586296 -0.012233 -0.810005
vn 0.589381 -0.012691 -0.807756
vn 0.149566 -0.005293 -0.988738
vn 0.149566 -0.005293 -0.988738
vn 0.149566 -0.005293 -0.988738
vn 0.149566 -0.005293 -0.988738
vn -0.665311 0.050155 -0.744880
vn -0.665311 0.050155 -0.744880
vn -0.665311 0.050155 -0.744880
vn -0.665311 0.050155 -0.744880
vn -0.964390 0.012393 -0.264195
vn -0.964390 0.012393 -0.264195
vn -0.964390 0.012393 -0.264195
vn -0.964390 0.012393 -0.264195
vn -0.980075 0.026199 0.196891
vn -0.980075 0.026199 0.196891
vn -0.980075 0.026199 0.196891
vn -0.980075 0.026199 0.196891
vn -0.000002 1.000000 0.000002
vn -0.000002 1.000000 0.000002
vn -0.000000 1.000000 0.000000
vn 0.000000 1.000000 0.000000
vn 0.000000 1.000000 0.000000
vn 0.000000 1.000000 0.000000
vn 0.000002 1.000000 -0.000002
vn 0.000002 1.000000 -0.000002
vn 0.000000 1.000000 0.000000
vn 0.000000 1.000000 0.000000
vn 0.000000 1.000000 0.000000
vn -0.556627 0.429045 0.711398
vn -0.556627 0.429045 0.711398
vn -0.556627 0.429045 0.711398
vn -0.556627 0.429045 0.711398
vn -0.032148 0.429042 0.902712
vn -0.032148 0.429042 0.902712
vn -0.032148 0.429042 0.902712
vn -0.032148 0.429042 0.902712
vn 0.504592 0.429044 0.749205
vn 0.504592 0.429044 0.749205
vn 0.504592 0.429044 0.749205
vn 0.504592 0.429044 0.749205
vn 0.848589 0.429063 0.309520
vn 0.848589 0.429063 0.309520
vn 0.848589 0.429063 0.309520
vn 0.848589 0.429063 0.309520
vn 0.868451 0.429070 -0.248377
vn 0.868451 0.429070 -0.248377
vn 0.868451 0.429070 -0.248377
vn 0.868451 0.429070 -0.248377
vn 0.556626 0.429046 -0.711398
vn 0.556626 0.429046 -0.711398
vn 0.556626 0.429046 -0.711398
vn 0.556626 0.429046 -0.711398
vn 0.032139 0.429039 -0.902714
vn 0.032139 0.429039 -0.902714
vn 0.032139 0.429039 -0.902714
vn 0.032139 0.429039 -0.902714
vn -0.504569 0.429036 -0.749225
vn -0.504569 0.429036 -0.749225
vn -0.504569 0.429036 -0.749225
vn -0.504569 0.429036 -0.749225
vn -0.848601 0.429040 -0.309518
vn -0.848601 0.429040 -0.309517
vn -0.848601 0.429040 -0.309518
vn -0.848601 0.429040 -0.309518
vn -0.868453 0.429061 0.248389
vn -0.868453 0.429061 0.248389
vn -0.868453 0.429061 0.248389
vn -0.868453 0.429061 0.248389
vn -0.226802 0.929808 0.289858
vn -0.226802 0.929808 0.289858
vn -0.226802 0.929808 0.289858
vn -0.226802 0.929808 0.289858
vn -0.013092 0.929809 0.367810
vn -0.013092 0.929809 0.367810
vn -0.013092 0.929809 0.367810
vn -0.013092 0.929809 0.367810
vn 0.205602 0.929808 0.305260
vn 0.205603 0.929808 0.305260
vn 0.205603 0.929808 0.305260
vn 0.205603 0.929808 0.305260
vn 0.345753 0.929811 0.126120
vn 0.345753 0.929811 0.126120
vn 0.345753 0.929811 0.126120
vn 0.345753 0.929811 0.126120
vn 0.353829 0.929819 -0.101201
vn 0.353829 0.929819 -0.101201
vn 0.353829 0.929819 -0.101201
vn 0.353829 0.929819 -0.101201
vn 0.226775 0.929816 -0.289853
vn 0.226775 0.929816 -0.289853
vn 0.226775 0.929816 -0.289853
vn 0.226775 0.929816 -0.289854
vn 0.013100 0.929801 -0.367830
vn 0.013100 0.929801 -0.367830
vn 0.013100 0.929801 -0.367830
vn 0.013100 0.929801 -0.367830
vn -0.205585 0.929808 -0.305275
vn -0.205585 0.929808 -0.305275
vn -0.205585 0.929808 -0.305275
vn -0.205585 0.929808 -0.305275
vn -0.345746 0.929815 -0.126110
vn -0.345746 0.929815 -0.126110
vn -0.345746 0.929815 -0.126110
vn -0.345746 0.929815 -0.126110
vn -0.353840 0.929815 0.101204
vn -0.353840 0.929815 0.101204
vn -0.353840 0.929815 0.101204
vn -0.353840 0.929815 0.101204
vn 0.589922 -0.012779 -0.807359
vn 0.589922 -0.012779 -0.807359
vn 0.960055 -0.015887 -0.279360
vn 0.960055 -0.015887 -0.279360
vn 0.938489 -0.004100 0.345284
vn 0.938489 -0.004100 0.345284
vn 0.604642 0.029962 0.795934
vn 0.604642 0.029962 0.795934
vn 0.681467 0.022020 0.731518
vn 0.955047 -0.163905 0.247025
vn 0.955047 -0.163905 0.247025
vn 0.969164 -0.172570 -0.175901
vn 0.969164 -0.172570 -0.175901
vn 0.550578 -0.007195 -0.834753
vn 0.152121 -0.368927 -0.916925
vn 0.237410 -0.370780 -0.897863
vn 0.213569 -0.948946 -0.232144
vn 0.188247 -0.952392 -0.239818
vn 0.348453 -0.918370 -0.187555
vn 0.348453 -0.918370 -0.187555
vn 0.228709 -0.955317 0.187247
vn 0.241300 -0.952314 0.186742
vn 0.445923 -0.878078 0.173584
vn 0.445923 -0.878078 0.173584
vn 0.038014 -0.470184 0.881750
vn 0.191701 -0.488555 0.851214
vn 0.014816 0.616993 -0.786829
vn 0.014816 0.616993 -0.786829
vn 0.014816 0.616993 -0.786829
vn 0.014816 0.616993 -0.786829
vn 0.020043 -0.112011 -0.993505
vn 0.020043 -0.112011 -0.993505
vn 0.020043 -0.112011 -0.993505
vn 0.020043 -0.112011 -0.993505
vn 0.011552 -0.536806 -0.843626
vn 0.011552 -0.536806 -0.843626
vn 0.011701 -0.535875 -0.844217
vn 0.005700 -0.533235 -0.845948
vn -0.015227 -0.965278 -0.260782
vn -0.015227 -0.965278 -0.260782
vn -0.017970 -0.967091 -0.253794
vn -0.017349 -0.966686 -0.255378
vn -0.040126 -0.954583 0.295230
vn -0.040126 -0.954583 0.295230
vn -0.042742 -0.955042 0.293375
vn -0.042771 -0.955047 0.293354
vn -0.049436 -0.496195 0.866803
vn -0.049436 -0.496195 0.866803
vn -0.055830 -0.490009 0.869928
vn -0.049638 -0.494860 0.867554
vn -0.052418 -0.124145 0.990879
vn -0.052418 -0.124145 0.990879
vn -0.052418 -0.124145 0.990879
vn -0.052418 -0.124145 0.990879
vn -0.044297 0.602220 0.797100
vn -0.044297 0.602220 0.797100
vn -0.044297 0.602220 0.797100
vn -0.044297 0.602220 0.797100
vn -0.043994 0.956803 0.287391
vn -0.043994 0.956803 0.287391
vn -0.043994 0.956803 0.287391
vn -0.043994 0.956803 0.287391
vn -0.023439 0.956805 -0.289786
vn -0.023439 0.956805 -0.289786
vn -0.023439 0.956805 -0.289786
vn -0.023439 0.956805 -0.289786
vn 0.594079 0.063030 -0.801934
vn 0.594079 0.063030 -0.801934
vn 0.594079 0.063030 -0.801934
vn 0.594079 0.063030 -0.801934
vn -0.109851 0.048211 -0.992778
vn -0.109851 0.048211 -0.992778
vn -0.109851 0.048211 -0.992778
vn -0.109851 0.048211 -0.992778
vn -0.613550 0.028890 -0.789128
vn -0.682615 0.018497 -0.730544
vn -0.605411 0.029834 -0.795354
vn -0.951273 -0.090943 -0.294635
vn -0.950759 -0.085999 -0.297762
vn -0.938376 -0.004082 -0.345592
vn -0.938362 -0.004081 -0.345630
vn -0.968586 -0.097804 0.228639
vn -0.968764 -0.100797 0.226575
vn -0.959893 -0.015879 0.279918
vn -0.959913 -0.015880 0.279847
vn -0.550518 -0.006812 0.834796
vn -0.586297 -0.012233 0.810004
vn -0.589382 -0.012690 0.807755
vn -0.149556 -0.005294 0.988739
vn -0.149556 -0.005294 0.988739
vn -0.149556 -0.005294 0.988739
vn -0.149556 -0.005294 0.988739
vn 0.665314 0.050147 0.744878
vn 0.665314 0.050147 0.744878
vn 0.665314 0.050147 0.744878
vn 0.665314 0.050147 0.744878
vn 0.964389 0.012395 0.264197
vn 0.964389 0.012395 0.264197
vn 0.964389 0.012395 0.264197
vn 0.964389 0.012395 0.264197
vn 0.980072 0.026199 -0.196906
vn 0.980072 0.026199 -0.196906
vn 0.980072 0.026199 -0.196906
vn 0.980072 0.026199 -0.196906
vn 0.000000 1.000000 0.000000
vn -0.000002 1.000000 0.000002
vn 0.000000 1.000000 -0.000000
vn 0.000002 1.000000 -0.000002
vn 0.000004 1.000000 -0.000005
vn 0.000000 1.000000 0.000000
vn 0.000000 1.000000 0.000000
vn 0.000002 1.000000 -0.000002
vn -0.000002 1.000000 0.000002
vn -0.000004 1.000000 0.000005
vn 0.000000 1.000000 0.000000
vn 0.556605 0.429053 -0.711410
vn 0.556605 0.429053 -0.711410
vn 0.556605 0.429053 -0.711410
vn 0.556605 0.429053 -0.711410
vn 0.032147 0.429053 -0.902707
vn 0.032147 0.429053 -0.902707
vn 0.032147 0.429053 -0.902707
vn 0.032147 0.429053 -0.902707
vn -0.504571 0.429056 -0.749213
vn -0.504571 0.429056 -0.749213
vn -0.504571 0.429056 -0.749213
vn -0.504571 0.429056 -0.749213
vn -0.848586 0.429063 -0.309528
vn -0.848586 0.429063 -0.309528
vn -0.848586 0.429063 -0.309528
vn -0.848586 0.429063 -0.309528
vn -0.868475 0.429023 0.248378
vn -0.868475 0.429023 0.248378
vn -0.868475 0.429023 0.248378
vn -0.868475 0.429023 0.248378
vn -0.556604 0.429059 0.711408
vn -0.556604 0.429059 0.711408
vn -0.556604 0.429059 0.711408
vn -0.556604 0.429059 0.711408
vn -0.032135 0.429032 0.902718
vn -0.032135 0.429032 0.902718
vn -0.032135 0.429032 0.902718
vn -0.032135 0.429032 0.902718
vn 0.504578 0.429046 0.749213
vn 0.504578 0.429046 0.749213
vn 0.504578 0.429046 0.749213
vn 0.504578 0.429046 0.749213
vn 0.848602 0.429030 0.309528
vn 0.848603 0.429030 0.309528
vn 0.848603 0.429030 0.309528
vn 0.848602 0.429030 0.309528
vn 0.868461 0.429049 -0.248378
vn 0.868461 0.429049 -0.248378
vn 0.868461 0.429049 -0.248378
vn 0.868461 0.429049 -0.248378
vn 0.226765 0.929820 -0.289851
vn 0.226765 0.929820 -0.289851
vn 0.226765 0.929820 -0.289851
vn 0.226765 0.929820 -0.289851
vn 0.013124 0.929803 -0.367825
vn 0.013124 0.929803 -0.367825
vn 0.013124 0.929803 -0.367825
vn 0.013124 0.929803 -0.367825
vn -0.205606 0.929806 -0.305266
vn -0.205606 0.929806 -0.305266
vn -0.205606 0.929806 -0.305266
vn -0.205606 0.929806 -0.305266
vn -0.345759 0.929808 -0.126127
vn -0.345760 0.929808 -0.126127
vn -0.345759 0.929808 -0.126127
vn -0.345759 0.929808 -0.126127
vn -0.353859 0.929807 0.101207
vn -0.353859 0.929807 0.101207
vn -0.353859 0.929807 0.101207
vn -0.353859 0.929807 0.101207
vn -0.226778 0.929816 0.289851
vn -0.226778 0.929816 0.289851
vn -0.226778 0.929816 0.289851
vn -0.226778 0.929816 0.289851
vn -0.013092 0.929810 0.367806
vn -0.013092 0.929810 0.367806
vn -0.013092 0.929810 0.367806
vn -0.013092 0.929810 0.367806
vn 0.205590 0.929810 0.305264
vn 0.205590 0.929810 0.305264
vn 0.205590 0.929810 0.305264
vn 0.205590 0.929810 0.305264
vn 0.345755 0.929811 0.126117
vn 0.345756 0.929811 0.126117
vn 0.345756 0.929811 0.126117
vn 0.345756 0.929811 0.126117
vn 0.353847 0.929812 -0.101205
vn 0.353847 0.929812 -0.101205
vn 0.353847 0.929812 -0.101205
vn 0.353847 0.929812 -0.101205
vn -0.589923 -0.012778 0.807359
vn -0.589923 -0.012778 0.807359
vn -0.960051 -0.015885 0.279372
vn -0.960051 -0.015885 0.279372
vn -0.938483 -0.004092 -0.345301
vn -0.938483 -0.004092 -0.345301
vn -0.604634 0.029962 -0.795939
vn -0.604634 0.029962 -0.795940
vn -0.681511 0.022134 -0.731473
vn -0.955038 -0.163981 -0.247009
vn -0.955038 -0.163981 -0.247009
vn -0.969169 -0.172558 0.175885
vn -0.969169 -0.172558 0.175885
vn -0.550577 -0.007218 0.834753
vn -0.152123 -0.368797 0.916977
vn -0.237427 -0.370704 0.897890
vn -0.213560 -0.948947 0.232147
vn -0.188242 -0.952392 0.239822
vn -0.348446 -0.918375 0.187545
vn -0.348446 -0.918375 0.187545
vn -0.228715 -0.955316 -0.187245
vn -0.241298 -0.952315 -0.186740
vn -0.445945 -0.878068 -0.173581
vn -0.445945 -0.878068 -0.173581
vn -0.037983 -0.470198 -0.881743
vn -0.191747 -0.488543 -0.851210
s 1
g pCylinder22
usemtl lambert8SG
f 3508/4666/9668 3509/4667/9669 3519/4678/9670 3518/4677/9671
s 2
f 3509/4667/9672 3510/4668/9673 3520/4679/9674 3519/4678/9675
s 3
f 3510/4668/9676 3511/4669/9677 3521/4680/9678 3520/4679/9679
s 4
f 3511/4669/9680 3512/4670/9681 3522/4681/9682 3521/4680/9683
s 5
f 3512/4670/9684 3513/4671/9685 3523/4682/9686 3522/4681/9687
s 6
f 3513/4671/9688 3514/4672/9689 3524/4683/9690 3523/4682/9691
s 7
f 3514/4672/9692 3515/4673/9693 3525/4684/9694 3524/4683/9695
s 8
f 3515/4673/9696 3516/4674/9697 3526/4685/9698 3525/4684/9699
s 9
f 3516/4674/9700 3517/4675/9701 3527/4686/9702 3526/4685/9703
s 10
f 3517/4675/9704 3508/4676/9705 3518/4687/9706 3527/4686/9707
s 1
f 3518/4677/9671 3519/4678/9670 3529/4689/9708 3528/4688/9709
s 2
f 3519/4678/9675 3520/4679/9674 3530/4690/9710 3529/4689/9711
s 3
f 3520/4679/9679 3521/4680/9678 3531/4691/9712 3530/4690/9713
s 4
f 3521/4680/9683 3522/4681/9682 3532/4692/9714 3531/4691/9715
s 5
f 3522/4681/9687 3523/4682/9686 3533/4693/9716 3532/4692/9717
s 6
f 3523/4682/9691 3524/4683/9690 3534/4694/9718 3533/4693/9719
s 7
f 3524/4683/9695 3525/4684/9694 3535/4695/9720 3534/4694/9721
s 8
f 3525/4684/9699 3526/4685/9698 3536/4696/9722 3535/4695/9723
s 9
f 3526/4685/9703 3527/4686/9702 3537/4697/9724 3536/4696/9725
s 10
f 3527/4686/9707 3518/4687/9706 3528/4698/9726 3537/4697/9727
s 1
f 3528/4688/9709 3529/4689/9708 3539/4700/9728 3538/4699/9729
s 2
f 3529/4689/9711 3530/4690/9710 3540/4701/9730 3539/4700/9731
s 3
f 3530/4690/9713 3531/4691/9712 3541/4702/9732 3540/4701/9733
s 4
f 3531/4691/9715 3532/4692/9714 3542/4703/9734 3541/4702/9735
s 5
f 3532/4692/9717 3533/4693/9716 3543/4704/9736 3542/4703/9737
s 6
f 3533/4693/9719 3534/4694/9718 3544/4705/9738 3543/4704/9739
s 7
f 3534/4694/9721 3535/4695/9720 3545/4706/9740 3544/4705/9741
s 8
f 3535/4695/9723 3536/4696/9722 3546/4707/9742 3545/4706/9743
s 9
f 3536/4696/9725 3537/4697/9724 3547/4708/9744 3546/4707/9745
s 10
f 3537/4697/9727 3528/4698/9726 3538/4709/9746 3547/4708/9747
s 11
f 3509/4657/9748 3508/4656/9749 3548/4720/9750
f 3510/4658/9751 3509/4657/9748 3548/4720/9750
f 3511/4659/9752 3510/4658/9751 3548/4720/9750
f 3512/4660/9753 3511/4659/9752 3548/4720/9750
f 3513/4661/9754 3512/4660/9753 3548/4720/9750
f 3514/4662/9755 3513/4661/9754 3548/4720/9750
f 3515/4663/9756 3514/4662/9755 3548/4720/9750
f 3516/4664/9757 3515/4663/9756 3548/4720/9750
f 3517/4665/9758 3516/4664/9757 3548/4720/9750
f 3508/4656/9749 3517/4665/9758 3548/4720/9750
s 12
f 3559/4732/9759 3560/4733/9760 3561/4721/9761
f 3560/4733/9760 3562/4734/9762 3561/4721/9761
f 3562/4734/9762 3563/4735/9763 3561/4721/9761
f 3563/4735/9763 3564/4736/9764 3561/4721/9761
f 3564/4736/9764 3565/4737/9765 3561/4721/9761
f 3565/4737/9765 3566/4738/9766 3561/4721/9761
f 3566/4738/9766 3567/4739/9767 3561/4721/9761
f 3567/4739/9767 3568/4740/9768 3561/4721/9761
f 3568/4740/9768 3569/4741/9769 3561/4721/9761
f 3569/4741/9769 3559/4732/9759 3561/4721/9761
s off
f 3538/4718/9770 3539/4717/9771 3550/4723/9772 3549/4722/9773
f 3539/4717/9774 3540/4716/9775 3551/4724/9776 3550/4723/9777
f 3540/4716/9778 3541/4715/9779 3552/4725/9780 3551/4724/9781
f 3541/4715/9782 3542/4714/9783 3553/4726/9784 3552/4725/9785
f 3542/4714/9786 3543/4713/9787 3554/4727/9788 3553/4726/9789
f 3543/4713/9790 3544/4712/9791 3555/4728/9792 3554/4727/9793
f 3544/4712/9794 3545/4711/9795 3556/4729/9796 3555/4728/9797
f 3545/4711/9798 3546/4710/9799 3557/4730/9800 3556/4729/9801
f 3546/4710/9802 3547/4719/9803 3558/4731/9804 3557/4730/9805
f 3547/4719/9806 3538/4718/9807 3549/4722/9808 3558/4731/9809
f 3549/4722/9810 3550/4723/9811 3560/4733/9812 3559/4732/9813
f 3550/4723/9814 3551/4724/9815 3562/4734/9816 3560/4733/9817
f 3551/4724/9818 3552/4725/9819 3563/4735/9820 3562/4734/9821
f 3552/4725/9822 3553/4726/9823 3564/4736/9824 3563/4735/9825
f 3553/4726/9826 3554/4727/9827 3565/4737/9828 3564/4736/9829
f 3554/4727/9830 3555/4728/9831 3566/4738/9832 3565/4737/9833
f 3555/4728/9834 3556/4729/9835 3567/4739/9836 3566/4738/9837
f 3556/4729/9838 3557/4730/9839 3568/4740/9840 3567/4739/9841
f 3557/4730/9842 3558/4731/9843 3569/4741/9844 3568/4740/9845
f 3558/4731/9846 3549/4722/9847 3559/4732/9848 3569/4741/9849
f 3570/4742/9850 3571/4743/9851 3581/4744/9852 3580/4745/9853
f 3571/4743/9854 3572/4746/9855 3582/4747/9856 3581/4744/9857
s 13
f 3572/4746/9858 3573/4748/9859 3629/4749/9860 3582/4747/9861
s 14
f 3573/4748/9862 3574/4750/9863 3628/4751/9864 3629/4749/9865
s 15
f 3574/4750/9866 3575/4752/9867 3627/4753/9868 3628/4751/9869
s 16
f 3575/4752/9870 3576/4754/9871 3586/4755/9872 3627/4753/9873
s off
f 3576/4754/9874 3577/4756/9875 3587/4757/9876 3586/4755/9877
f 3577/4756/9878 3578/4758/9879 3588/4759/9880 3587/4757/9881
f 3578/4758/9882 3579/4760/9883 3589/4761/9884 3588/4759/9885
f 3579/4760/9886 3570/4762/9887 3580/4763/9888 3589/4761/9889
f 3580/4764/9890 3581/4765/9891 3591/4766/9892 3590/4767/9893
f 3581/4765/9894 3582/4768/9895 3592/4769/9896 3591/4766/9897
s 17
f 3582/4768/9898 3624/4770/9899 3623/4771/9900
s 18
f 3624/4770/9901 3625/4772/9902 3622/4773/9903 3623/4771/9904
s 19
f 3625/4772/9905 3626/4774/9906 3621/4775/9907 3622/4773/9908
s 20
f 3626/4774/9909 3586/4776/9910 3621/4775/9911
s off
f 3586/4776/9912 3587/4777/9913 3597/4778/9914 3596/4779/9915
f 3587/4777/9916 3588/4780/9917 3598/4781/9918 3597/4778/9919
f 3588/4780/9920 3589/4782/9921 3599/4783/9922 3598/4781/9923
f 3589/4782/9924 3580/4784/9925 3590/4785/9926 3599/4783/9927
s 21
f 3610/4786/9928 3611/4787/9929 3612/4788/9930
f 3611/4787/9929 3613/4789/9931 3612/4788/9930
f 3613/4789/9931 3614/4790/9932 3612/4788/9930
f 3614/4790/9932 3615/4791/9933 3612/4788/9930
f 3615/4791/9933 3616/4792/9934 3612/4788/9930
f 3616/4792/9934 3617/4793/9935 3612/4788/9930
f 3617/4793/9935 3618/4794/9936 3612/4788/9930
f 3618/4794/9936 3619/4795/9937 3612/4788/9930
f 3619/4795/9937 3620/4796/9938 3612/4788/9930
f 3620/4796/9938 3610/4786/9928 3612/4788/9930
s off
f 3590/4797/9939 3591/4798/9940 3601/4799/9941 3600/4800/9942
f 3591/4798/9943 3592/4801/9944 3602/4802/9945 3601/4799/9946
f 3592/4801/9947 3593/4803/9948 3603/4804/9949 3602/4802/9950
f 3593/4803/9951 3594/4805/9952 3604/4806/9953 3603/4804/9954
f 3594/4805/9955 3595/4807/9956 3605/4808/9957 3604/4806/9958
f 3595/4807/9959 3596/4809/9960 3606/4810/9961 3605/4808/9962
f 3596/4809/9963 3597/4811/9964 3607/4812/9965 3606/4810/9966
f 3597/4811/9967 3598/4813/9968 3608/4814/9969 3607/4812/9970
f 3598/4813/9971 3599/4815/9972 3609/4816/9973 3608/4814/9974
f 3599/4815/9975 3590/4797/9976 3600/4800/9977 3609/4816/9978
f 3600/4800/9979 3601/4799/9980 3611/4787/9981 3610/4786/9982
f 3601/4799/9983 3602/4802/9984 3613/4789/9985 3611/4787/9986
f 3602/4802/9987 3603/4804/9988 3614/4790/9989 3613/4789/9990
f 3603/4804/9991 3604/4806/9992 3615/4791/9993 3614/4790/9994
f 3604/4806/9995 3605/4808/9996 3616/4792/9997 3615/4791/9998
f 3605/4808/9999 3606/4810/10000 3617/4793/10001 3616/4792/10002
f 3606/4810/10003 3607/4812/10004 3618/4794/10005 3617/4793/10006
f 3607/4812/10007 3608/4814/10008 3619/4795/10009 3618/4794/10010
f 3608/4814/10011 3609/4816/10012 3620/4796/10013 3619/4795/10014
f 3609/4816/10015 3600/4800/10016 3610/4786/10017 3620/4796/10018
s 20
f 3621/4775/9911 3586/4776/9910 3596/4779/10019 3595/4817/10020
s 19
f 3622/4773/9908 3621/4775/9907 3595/4817/10021 3594/4818/10022
s 18
f 3623/4771/9904 3622/4773/9903 3594/4818/10023 3593/4819/10024
s 17
f 3582/4768/9898 3623/4771/9900 3593/4819/10025 3592/4769/10026
f 3582/4768/9898 3583/4820/10027 3624/4770/9899
s 18
f 3583/4820/10028 3584/4821/10029 3625/4772/9902 3624/4770/9901
s 19
f 3584/4821/10030 3585/4822/10031 3626/4774/9906 3625/4772/9905
s 20
f 3585/4822/10032 3586/4776/9910 3626/4774/9909
s 16
f 3632/4823/10033 3586/4755/9872 3585/4824/10034
s 15
f 3631/4825/10035 3632/4823/10036 3585/4824/10037 3584/4826/10038
s 14
f 3630/4827/10039 3631/4825/10040 3584/4826/10041 3583/4828/10042
s 13
f 3582/4747/9861 3630/4827/10043 3583/4828/10044
f 3582/4747/9861 3629/4749/9860 3630/4827/10043
s 14
f 3629/4749/9865 3628/4751/9864 3631/4825/10040 3630/4827/10039
s 15
f 3628/4751/9869 3627/4753/9868 3632/4823/10036 3631/4825/10035
s 16
f 3627/4753/9873 3586/4755/9872 3632/4823/10033
s off
f 3633/4829/10045 3634/4830/10046 3644/4831/10047 3643/4832/10048
f 3634/4830/10049 3635/4833/10050 3645/4834/10051 3644/4831/10052
s 22
f 3635/4833/10053 3636/4835/10054 3692/4836/10055 3645/4834/10056
s 23
f 3636/4835/10057 3637/4837/10058 3691/4838/10059 3692/4836/10060
s 24
f 3637/4837/10061 3638/4839/10062 3690/4840/10063 3691/4838/10064
s 25
f 3638/4839/10065 3639/4841/10066 3649/4842/10067 3690/4840/10068
s off
f 3639/4841/10069 3640/4843/10070 3650/4844/10071 3649/4842/10072
f 3640/4843/10073 3641/4845/10074 3651/4846/10075 3650/4844/10076
f 3641/4845/10077 3642/4847/10078 3652/4848/10079 3651/4846/10080
f 3642/4847/10081 3633/4849/10082 3643/4850/10083 3652/4848/10084
f 3643/4851/10085 3644/4852/10086 3654/4853/10087 3653/4854/10088
f 3644/4852/10089 3645/4855/10090 3655/4856/10091 3654/4853/10092
s 26
f 3645/4855/10093 3687/4857/10094 3686/4858/10095
s 27
f 3687/4857/10096 3688/4859/10097 3685/4860/10098 3686/4858/10099
s 28
f 3688/4859/10100 3689/4861/10101 3684/4862/10102 3685/4860/10103
s 29
f 3689/4861/10104 3649/4863/10105 3684/4862/10106
s off
f 3649/4863/10107 3650/4864/10108 3660/4865/10109 3659/4866/10110
f 3650/4864/10111 3651/4867/10112 3661/4868/10113 3660/4865/10114
f 3651/4867/10115 3652/4869/10116 3662/4870/10117 3661/4868/10118
f 3652/4869/10119 3643/4871/10120 3653/4872/10121 3662/4870/10122
s 30
f 3673/4873/10123 3674/4874/10124 3675/4875/10125
f 3674/4874/10124 3676/4876/10126 3675/4875/10125
f 3676/4876/10126 3677/4877/10127 3675/4875/10125
f 3677/4877/10127 3678/4878/10128 3675/4875/10125
f 3678/4878/10128 3679/4879/10129 3675/4875/10125
f 3679/4879/10129 3680/4880/10130 3675/4875/10125
f 3680/4880/10130 3681/4881/10131 3675/4875/10125
f 3681/4881/10131 3682/4882/10132 3675/4875/10125
f 3682/4882/10132 3683/4883/10133 3675/4875/10125
f 3683/4883/10133 3673/4873/10123 3675/4875/10125
s off
f 3653/4884/10134 3654/4885/10135 3664/4886/10136 3663/4887/10137
f 3654/4885/10138 3655/4888/10139 3665/4889/10140 3664/4886/10141
f 3655/4888/10142 3656/4890/10143 3666/4891/10144 3665/4889/10145
f 3656/4890/10146 3657/4892/10147 3667/4893/10148 3666/4891/10149
f 3657/4892/10150 3658/4894/10151 3668/4895/10152 3667/4893/10153
f 3658/4894/10154 3659/4896/10155 3669/4897/10156 3668/4895/10157
f 3659/4896/10158 3660/4898/10159 3670/4899/10160 3669/4897/10161
f 3660/4898/10162 3661/4900/10163 3671/4901/10164 3670/4899/10165
f 3661/4900/10166 3662/4902/10167 3672/4903/10168 3671/4901/10169
f 3662/4902/10170 3653/4884/10171 3663/4887/10172 3672/4903/10173
f 3663/4887/10174 3664/4886/10175 3674/4874/10176 3673/4873/10177
f 3664/4886/10178 3665/4889/10179 3676/4876/10180 3674/4874/10181
f 3665/4889/10182 3666/4891/10183 3677/4877/10184 3676/4876/10185
f 3666/4891/10186 3667/4893/10187 3678/4878/10188 3677/4877/10189
f 3667/4893/10190 3668/4895/10191 3679/4879/10192 3678/4878/10193
f 3668/4895/10194 3669/4897/10195 3680/4880/10196 3679/4879/10197
f 3669/4897/10198 3670/4899/10199 3681/4881/10200 3680/4880/10201
f 3670/4899/10202 3671/4901/10203 3682/4882/10204 3681/4881/10205
f 3671/4901/10206 3672/4903/10207 3683/4883/10208 3682/4882/10209
f 3672/4903/10210 3663/4887/10211 3673/4873/10212 3683/4883/10213
s 29
f 3684/4862/10106 3649/4863/10105 3659/4866/10214 3658/4904/10215
s 28
f 3685/4860/10103 3684/4862/10102 3658/4904/10216 3657/4905/10217
s 27
f 3686/4858/10099 3685/4860/10098 3657/4905/10218 3656/4906/10219
s 26
f 3645/4855/10093 3686/4858/10095 3656/4906/10220 3655/4856/10221
f 3645/4855/10093 3646/4907/10222 3687/4857/10094
s 27
f 3646/4907/10223 3647/4908/10224 3688/4859/10097 3687/4857/10096
s 28
f 3647/4908/10225 3648/4909/10226 3689/4861/10101 3688/4859/10100
s 29
f 3648/4909/10227 3649/4863/10105 3689/4861/10104
s 25
f 3695/4910/10228 3649/4842/10067 3648/4911/10229
s 24
f 3694/4912/10230 3695/4910/10231 3648/4911/10232 3647/4913/10233
s 23
f 3693/4914/10234 3694/4912/10235 3647/4913/10236 3646/4915/10237
s 22
f 3645/4834/10056 3693/4914/10238 3646/4915/10239
f 3645/4834/10056 3692/4836/10055 3693/4914/10238
s 23
f 3692/4836/10060 3691/4838/10059 3694/4912/10235 3693/4914/10234
s 24
f 3691/4838/10064 3690/4840/10063 3695/4910/10231 3694/4912/10230
s 25
f 3690/4840/10068 3649/4842/10067 3695/4910/10228
g default
v 793.140788 -2.957012 745.540746
v 790.674351 -2.957012 745.555514
v 788.687635 -2.957012 747.017214
v 787.939587 -2.957012 749.367460
v 788.715796 -2.957012 751.708569
v 790.719854 -2.957012 753.146350
v 793.186232 -2.957012 753.131625
v 795.172948 -2.957012 751.669925
v 795.921055 -2.957012 749.319636
v 795.144824 -2.957012 746.978497
v 793.511222 13.339891 744.377039
v 790.290021 13.339891 744.396348
v 787.695365 13.339891 746.305331
v 786.718365 13.339891 749.374793
v 787.732079 13.339891 752.432326
v 790.349420 13.339891 754.310057
v 793.570540 13.339891 754.290762
v 796.165196 13.339891 752.381779
v 797.142277 13.339891 749.312303
v 796.128482 13.339891 746.254784
v 793.578616 29.636795 744.165176
v 790.220033 29.636795 744.185300
v 787.514708 29.636795 746.175707
v 786.495985 29.636795 749.376127
v 787.552974 29.636795 752.564100
v 790.281966 29.636795 754.521964
v 793.640528 29.636795 754.501810
v 796.345853 29.636795 752.511403
v 797.364597 29.636795 749.311012
v 796.307587 29.636795 746.123010
v 793.292184 43.986998 745.065120
v 790.517269 43.986998 745.081731
v 788.282125 43.986998 746.726209
v 787.440456 43.986998 749.370451
v 788.313756 43.986998 752.004364
v 790.568458 43.986998 753.621976
v 793.343372 43.986998 753.605365
v 795.578517 43.986998 751.960887
v 796.420186 43.986998 749.316645
v 795.546864 43.986998 746.682702
v 791.930281 -2.957012 749.343555
v 792.856769 47.038860 746.432987
v 790.969043 47.038860 746.444289
v 789.448471 47.038860 747.563030
v 788.875896 47.038860 749.361862
v 789.469982 47.038860 751.153689
v 791.003844 47.038860 752.254130
v 792.891570 47.038860 752.242828
v 794.412142 47.038860 751.124088
v 794.984717 47.038860 749.325256
v 794.390611 47.038860 747.533402
v 792.328524 47.734951 748.092519
v 791.517130 47.734951 748.097378
v 791.930289 47.734951 749.343556
v 790.863549 47.734951 748.578242
v 790.617441 47.734951 749.351426
v 790.872794 47.734951 750.121600
v 791.532089 47.734951 750.594599
v 792.343482 47.734951 750.589740
v 792.997064 47.734951 750.108876
v 793.243172 47.734951 749.335692
v 792.987810 47.734951 748.565506
vt 0.626409 0.064409
vt 0.548284 0.007647
vt 0.451716 0.007647
vt 0.373591 0.064409
vt 0.343750 0.156250
vt 0.373591 0.248091
vt 0.451716 0.304853
vt 0.548284 0.304853
vt 0.626409 0.248091
vt 0.656250 0.156250
vt 0.375000 0.312500
vt 0.400000 0.312500
vt 0.425000 0.312500
vt 0.450000 0.312500
vt 0.475000 0.312500
vt 0.500000 0.312500
vt 0.525000 0.312500
vt 0.550000 0.312500
vt 0.575000 0.312500
vt 0.600000 0.312500
vt 0.625000 0.312500
vt 0.375000 0.437500
vt 0.400000 0.437500
vt 0.425000 0.437500
vt 0.450000 0.437500
vt 0.475000 0.437500
vt 0.500000 0.437500
vt 0.525000 0.437500
vt 0.550000 0.437500
vt 0.575000 0.437500
vt 0.600000 0.437500
vt 0.625000 0.437500
vt 0.375000 0.562500
vt 0.400000 0.562500
vt 0.425000 0.562500
vt 0.450000 0.562500
vt 0.475000 0.562500
vt 0.500000 0.562500
vt 0.525000 0.562500
vt 0.550000 0.562500
vt 0.575000 0.562500
vt 0.600000 0.562500
vt 0.625000 0.562500
vt 0.375000 0.687500
vt 0.400000 0.687500
vt 0.425000 0.687500
vt 0.450000 0.687500
vt 0.475000 0.687500
vt 0.500000 0.687500
vt 0.525000 0.687500
vt 0.550000 0.687500
vt 0.575000 0.687500
vt 0.600000 0.687500
vt 0.625000 0.687500
vt 0.626409 0.751909
vt 0.548284 0.695147
vt 0.451716 0.695147
vt 0.373591 0.751909
vt 0.343750 0.843750
vt 0.373591 0.935591
vt 0.451716 0.992353
vt 0.548284 0.992353
vt 0.626409 0.935591
vt 0.656250 0.843750
vt 0.500000 0.156250
vt 0.500000 0.843750
vt 0.626409 0.935591
vt 0.548284 0.992353
vt 0.451716 0.992353
vt 0.373591 0.935591
vt 0.343750 0.843750
vt 0.373591 0.751909
vt 0.451716 0.695147
vt 0.548284 0.695147
vt 0.626409 0.751909
vt 0.656250 0.843750
vt 0.626409 0.935591
vt 0.548284 0.992353
vt 0.451716 0.992353
vt 0.373591 0.935591
vt 0.343750 0.843750
vt 0.373591 0.751909
vt 0.451716 0.695147
vt 0.548284 0.695147
vt 0.626409 0.751909
vt 0.656250 0.843750
vn -0.005976 -0.071088 -0.997452
vn -0.005976 -0.071088 -0.997452
vn -0.005988 -0.039560 -0.999199
vn -0.005988 -0.039560 -0.999199
vn -0.591123 -0.071088 -0.803443
vn -0.591123 -0.071088 -0.803443
vn -0.592158 -0.039560 -0.804850
vn -0.592158 -0.039560 -0.804850
vn -0.950485 -0.071088 -0.302531
vn -0.950485 -0.071088 -0.302531
vn -0.952148 -0.039560 -0.303067
vn -0.952148 -0.039560 -0.303067
vn -0.946788 -0.071090 0.313908
vn -0.946788 -0.071090 0.313908
vn -0.948447 -0.039561 0.314458
vn -0.948447 -0.039561 0.314458
vn -0.581452 -0.071090 0.810469
vn -0.581452 -0.071090 0.810469
vn -0.582470 -0.039561 0.811889
vn -0.582470 -0.039561 0.811889
vn 0.005966 -0.071087 0.997452
vn 0.005966 -0.071087 0.997452
vn 0.005984 -0.039560 0.999199
vn 0.005984 -0.039560 0.999199
vn 0.591123 -0.071086 0.803443
vn 0.591123 -0.071086 0.803443
vn 0.592158 -0.039559 0.804850
vn 0.592158 -0.039559 0.804850
vn 0.950479 -0.071087 0.302551
vn 0.950479 -0.071087 0.302551
vn 0.952143 -0.039559 0.303084
vn 0.952143 -0.039559 0.303084
vn 0.946783 -0.071088 -0.313924
vn 0.946783 -0.071088 -0.313924
vn 0.948442 -0.039559 -0.314473
vn 0.948442 -0.039559 -0.314473
vn 0.581459 -0.071088 -0.810464
vn 0.581458 -0.071088 -0.810464
vn 0.582476 -0.039559 -0.811884
vn 0.582476 -0.039559 -0.811885
vn -0.005990 0.020772 -0.999766
vn -0.005990 0.020772 -0.999766
vn -0.592494 0.020771 -0.805307
vn -0.592494 0.020772 -0.805307
vn -0.952686 0.020773 -0.303244
vn -0.952686 0.020773 -0.303244
vn -0.948984 0.020773 0.314639
vn -0.948984 0.020773 0.314639
vn -0.582803 0.020773 0.812348
vn -0.582803 0.020773 0.812348
vn 0.005993 0.020772 0.999766
vn 0.005993 0.020772 0.999766
vn 0.592494 0.020770 0.805307
vn 0.592494 0.020770 0.805307
vn 0.952683 0.020771 0.303255
vn 0.952683 0.020772 0.303255
vn 0.948981 0.020772 -0.314648
vn 0.948981 0.020772 -0.314648
vn 0.582805 0.020772 -0.812347
vn 0.582805 0.020772 -0.812347
vn -0.005977 0.062469 -0.998029
vn -0.005977 0.062469 -0.998029
vn -0.591464 0.062470 -0.803908
vn -0.591464 0.062470 -0.803908
vn -0.951030 0.062472 -0.302719
vn -0.951030 0.062472 -0.302719
vn -0.947334 0.062474 0.314096
vn -0.947334 0.062474 0.314095
vn -0.581792 0.062474 0.810934
vn -0.581792 0.062474 0.810934
vn 0.005982 0.062471 0.998029
vn 0.005982 0.062471 0.998029
vn 0.591464 0.062467 0.803908
vn 0.591464 0.062467 0.803908
vn 0.951029 0.062468 0.302723
vn 0.951029 0.062468 0.302723
vn 0.947333 0.062469 -0.314099
vn 0.947333 0.062469 -0.314099
vn 0.581790 0.062469 -0.810937
vn 0.581790 0.062469 -0.810937
vn 0.000000 -1.000000 0.000000
vn 0.000000 -1.000000 0.000000
vn 0.000000 -1.000000 0.000000
vn 0.000000 -1.000000 0.000000
vn 0.000000 -1.000000 0.000000
vn 0.000000 -1.000000 0.000000
vn 0.000000 -1.000000 0.000000
vn 0.000000 -1.000000 0.000000
vn 0.000000 -1.000000 0.000000
vn 0.000000 -1.000000 0.000000
vn 0.000000 -1.000000 0.000000
vn 0.000001 1.000000 0.000002
vn 0.000001 1.000000 0.000001
vn 0.000000 1.000000 0.000000
vn 0.000000 1.000000 0.000000
vn -0.000002 1.000000 -0.000003
vn 0.000000 1.000000 0.000000
vn 0.000003 1.000000 0.000004
vn 0.000001 1.000000 0.000001
vn -0.000001 1.000000 -0.000001
vn -0.000001 1.000000 -0.000002
vn -0.000000 1.000000 -0.000000
vn -0.005465 0.408349 -0.912810
vn -0.005465 0.408349 -0.912810
vn -0.005465 0.408349 -0.912810
vn -0.005465 0.408349 -0.912810
vn -0.540960 0.408351 -0.735263
vn -0.540960 0.408351 -0.735263
vn -0.540960 0.408351 -0.735263
vn -0.540960 0.408351 -0.735263
vn -0.869827 0.408343 -0.276869
vn -0.869827 0.408343 -0.276869
vn -0.869827 0.408343 -0.276869
vn -0.869827 0.408343 -0.276869
vn -0.866447 0.408339 0.287277
vn -0.866447 0.408339 0.287277
vn -0.866447 0.408339 0.287277
vn -0.866447 0.408339 0.287277
vn -0.532118 0.408339 0.741694
vn -0.532118 0.408339 0.741694
vn -0.532118 0.408339 0.741694
vn -0.532118 0.408339 0.741694
vn 0.005464 0.408344 0.912812
vn 0.005464 0.408344 0.912812
vn 0.005464 0.408344 0.912812
vn 0.005464 0.408344 0.912812
vn 0.540960 0.408351 0.735263
vn 0.540960 0.408351 0.735263
vn 0.540960 0.408351 0.735263
vn 0.540960 0.408351 0.735263
vn 0.869825 0.408349 0.276868
vn 0.869825 0.408349 0.276868
vn 0.869825 0.408349 0.276868
vn 0.869825 0.408349 0.276868
vn 0.866442 0.408348 -0.287280
vn 0.866442 0.408348 -0.287280
vn 0.866443 0.408348 -0.287280
vn 0.866442 0.408348 -0.287280
vn 0.532112 0.408348 -0.741693
vn 0.532112 0.408348 -0.741693
vn 0.532112 0.408348 -0.741693
vn 0.532112 0.408348 -0.741693
vn -0.002320 0.921897 -0.387429
vn -0.002320 0.921897 -0.387429
vn -0.002320 0.921897 -0.387429
vn -0.002320 0.921897 -0.387429
vn -0.229603 0.921897 -0.312072
vn -0.229603 0.921897 -0.312072
vn -0.229603 0.921897 -0.312072
vn -0.229603 0.921897 -0.312072
vn -0.369185 0.921897 -0.117514
vn -0.369185 0.921897 -0.117513
vn -0.369185 0.921897 -0.117513
vn -0.369185 0.921897 -0.117514
vn -0.367750 0.921897 0.121929
vn -0.367749 0.921897 0.121928
vn -0.367749 0.921897 0.121928
vn -0.367749 0.921897 0.121928
vn -0.225848 0.921897 0.314801
vn -0.225848 0.921897 0.314801
vn -0.225848 0.921897 0.314801
vn -0.225848 0.921897 0.314801
vn 0.002320 0.921897 0.387429
vn 0.002320 0.921897 0.387429
vn 0.002320 0.921897 0.387429
vn 0.002320 0.921897 0.387429
vn 0.229603 0.921897 0.312072
vn 0.229603 0.921897 0.312072
vn 0.229603 0.921897 0.312072
vn 0.229603 0.921897 0.312072
vn 0.369185 0.921897 0.117514
vn 0.369185 0.921897 0.117513
vn 0.369185 0.921897 0.117513
vn 0.369185 0.921897 0.117514
vn 0.367749 0.921897 -0.121931
vn 0.367749 0.921897 -0.121931
vn 0.367749 0.921897 -0.121931
vn 0.367749 0.921897 -0.121931
vn 0.225846 0.921897 -0.314801
vn 0.225846 0.921897 -0.314801
vn 0.225846 0.921897 -0.314801
vn 0.225846 0.921897 -0.314801
s 1
g cactus pCylinder23
usemtl lambert8SG
f 3696/4926/10240 3697/4927/10241 3707/4938/10242 3706/4937/10243
s 2
f 3697/4927/10244 3698/4928/10245 3708/4939/10246 3707/4938/10247
s 3
f 3698/4928/10248 3699/4929/10249 3709/4940/10250 3708/4939/10251
s 4
f 3699/4929/10252 3700/4930/10253 3710/4941/10254 3709/4940/10255
s 5
f 3700/4930/10256 3701/4931/10257 3711/4942/10258 3710/4941/10259
s 6
f 3701/4931/10260 3702/4932/10261 3712/4943/10262 3711/4942/10263
s 7
f 3702/4932/10264 3703/4933/10265 3713/4944/10266 3712/4943/10267
s 8
f 3703/4933/10268 3704/4934/10269 3714/4945/10270 3713/4944/10271
s 9
f 3704/4934/10272 3705/4935/10273 3715/4946/10274 3714/4945/10275
s 10
f 3705/4935/10276 3696/4936/10277 3706/4947/10278 3715/4946/10279
s 1
f 3706/4937/10243 3707/4938/10242 3717/4949/10280 3716/4948/10281
s 2
f 3707/4938/10247 3708/4939/10246 3718/4950/10282 3717/4949/10283
s 3
f 3708/4939/10251 3709/4940/10250 3719/4951/10284 3718/4950/10285
s 4
f 3709/4940/10255 3710/4941/10254 3720/4952/10286 3719/4951/10287
s 5
f 3710/4941/10259 3711/4942/10258 3721/4953/10288 3720/4952/10289
s 6
f 3711/4942/10263 3712/4943/10262 3722/4954/10290 3721/4953/10291
s 7
f 3712/4943/10267 3713/4944/10266 3723/4955/10292 3722/4954/10293
s 8
f 3713/4944/10271 3714/4945/10270 3724/4956/10294 3723/4955/10295
s 9
f 3714/4945/10275 3715/4946/10274 3725/4957/10296 3724/4956/10297
s 10
f 3715/4946/10279 3706/4947/10278 3716/4958/10298 3725/4957/10299
s 1
f 3716/4948/10281 3717/4949/10280 3727/4960/10300 3726/4959/10301
s 2
f 3717/4949/10283 3718/4950/10282 3728/4961/10302 3727/4960/10303
s 3
f 3718/4950/10285 3719/4951/10284 3729/4962/10304 3728/4961/10305
s 4
f 3719/4951/10287 3720/4952/10286 3730/4963/10306 3729/4962/10307
s 5
f 3720/4952/10289 3721/4953/10288 3731/4964/10308 3730/4963/10309
s 6
f 3721/4953/10291 3722/4954/10290 3732/4965/10310 3731/4964/10311
s 7
f 3722/4954/10293 3723/4955/10292 3733/4966/10312 3732/4965/10313
s 8
f 3723/4955/10295 3724/4956/10294 3734/4967/10314 3733/4966/10315
s 9
f 3724/4956/10297 3725/4957/10296 3735/4968/10316 3734/4967/10317
s 10
f 3725/4957/10299 3716/4958/10298 3726/4969/10318 3735/4968/10319
s 11
f 3697/4917/10320 3696/4916/10321 3736/4980/10322
f 3698/4918/10323 3697/4917/10320 3736/4980/10322
f 3699/4919/10324 3698/4918/10323 3736/4980/10322
f 3700/4920/10325 3699/4919/10324 3736/4980/10322
f 3701/4921/10326 3700/4920/10325 3736/4980/10322
f 3702/4922/10327 3701/4921/10326 3736/4980/10322
f 3703/4923/10328 3702/4922/10327 3736/4980/10322
f 3704/4924/10329 3703/4923/10328 3736/4980/10322
f 3705/4925/10330 3704/4924/10329 3736/4980/10322
f 3696/4916/10321 3705/4925/10330 3736/4980/10322
s 12
f 3747/4992/10331 3748/4993/10332 3749/4981/10333
f 3748/4993/10332 3750/4994/10334 3749/4981/10333
f 3750/4994/10334 3751/4995/10335 3749/4981/10333
f 3751/4995/10335 3752/4996/10336 3749/4981/10333
f 3752/4996/10336 3753/4997/10337 3749/4981/10333
f 3753/4997/10337 3754/4998/10338 3749/4981/10333
f 3754/4998/10338 3755/4999/10339 3749/4981/10333
f 3755/4999/10339 3756/5000/10340 3749/4981/10333
f 3756/5000/10340 3757/5001/10341 3749/4981/10333
f 3757/5001/10341 3747/4992/10331 3749/4981/10333
s off
f 3726/4978/10342 3727/4977/10343 3738/4983/10344 3737/4982/10345
f 3727/4977/10346 3728/4976/10347 3739/4984/10348 3738/4983/10349
f 3728/4976/10350 3729/4975/10351 3740/4985/10352 3739/4984/10353
f 3729/4975/10354 3730/4974/10355 3741/4986/10356 3740/4985/10357
f 3730/4974/10358 3731/4973/10359 3742/4987/10360 3741/4986/10361
f 3731/4973/10362 3732/4972/10363 3743/4988/10364 3742/4987/10365
f 3732/4972/10366 3733/4971/10367 3744/4989/10368 3743/4988/10369
f 3733/4971/10370 3734/4970/10371 3745/4990/10372 3744/4989/10373
f 3734/4970/10374 3735/4979/10375 3746/4991/10376 3745/4990/10377
f 3735/4979/10378 3726/4978/10379 3737/4982/10380 3746/4991/10381
f 3737/4982/10382 3738/4983/10383 3748/4993/10384 3747/4992/10385
f 3738/4983/10386 3739/4984/10387 3750/4994/10388 3748/4993/10389
f 3739/4984/10390 3740/4985/10391 3751/4995/10392 3750/4994/10393
f 3740/4985/10394 3741/4986/10395 3752/4996/10396 3751/4995/10397
f 3741/4986/10398 3742/4987/10399 3753/4997/10400 3752/4996/10401
f 3742/4987/10402 3743/4988/10403 3754/4998/10404 3753/4997/10405
f 3743/4988/10406 3744/4989/10407 3755/4999/10408 3754/4998/10409
f 3744/4989/10410 3745/4990/10411 3756/5000/10412 3755/4999/10413
f 3745/4990/10414 3746/4991/10415 3757/5001/10416 3756/5000/10417
f 3746/4991/10418 3737/4982/10419 3747/4992/10420 3757/5001/10421
g default
v -1270.072410 0.133811 546.016727
v -755.967818 0.133811 863.068722
v -1270.072410 4.096644 546.016727
v -755.967818 4.096644 863.068722
v -755.874451 2.358722 -287.763023
v -241.769858 2.358722 29.288972
v -755.874451 0.133812 -287.763023
v -241.769858 0.133812 29.288972
vt 0.375000 0.000000
vt 0.625000 0.000000
vt 0.375000 0.250000
vt 0.625000 0.250000
vt 0.375000 0.500000
vt 0.625000 0.500000
vt 0.375000 0.750000
vt 0.625000 0.750000
vt 0.375000 1.000000
vt 0.625000 1.000000
vt 0.875000 0.000000
vt 0.875000 0.250000
vt 0.125000 0.000000
vt 0.125000 0.250000
vn -0.524914 0.000000 0.851155
vn -0.524914 0.000000 0.851155
vn -0.524914 0.000000 0.851155
vn -0.524914 0.000000 0.851155
vn 0.000931 0.999998 -0.001510
vn 0.000931 0.999998 -0.001510
vn 0.000931 0.999998 -0.001510
vn 0.000931 0.999998 -0.001510
vn 0.524914 0.000000 -0.851155
vn 0.524914 0.000000 -0.851155
vn 0.524914 0.000000 -0.851155
vn 0.524914 0.000000 -0.851155
vn 0.000000 -1.000000 -0.000000
vn 0.000000 -1.000000 -0.000000
vn 0.000000 -1.000000 -0.000000
vn 0.000000 -1.000000 -0.000000
vn 0.851155 0.000000 0.524914
vn 0.851155 0.000000 0.524914
vn 0.851155 0.000000 0.524914
vn 0.851155 0.000000 0.524914
vn -0.851155 0.000000 -0.524914
vn -0.851155 0.000000 -0.524914
vn -0.851155 0.000000 -0.524914
vn -0.851155 0.000000 -0.524914
s off
g pCube4
usemtl lambert6SG
f 3758/5002/10422 3759/5003/10423 3761/5005/10424 3760/5004/10425
f 3760/5004/10426 3761/5005/10427 3763/5007/10428 3762/5006/10429
f 3762/5006/10430 3763/5007/10431 3765/5009/10432 3764/5008/10433
f 3764/5008/10434 3765/5009/10435 3759/5011/10436 3758/5010/10437
f 3759/5003/10438 3765/5012/10439 3763/5013/10440 3761/5005/10441
f 3764/5014/10442 3758/5002/10443 3760/5004/10444 3762/5015/10445
g default
v 2333.752266 -35.811300 -1300.787175
v 2331.611927 -31.622816 -1312.242574
v 2322.262501 -29.187388 -1318.732502
v 2312.744218 -30.338953 -1315.369897
v 2310.224617 -34.210356 -1304.686899
v 2316.600989 -37.886350 -1294.728007
v 2327.071784 -38.598838 -1292.992477
v 2337.357916 8.593033 -1281.542362
v 2335.569692 15.541751 -1295.786199
v 2324.053296 18.692406 -1305.538010
v 2311.480774 15.672492 -1303.454517
v 2307.319535 8.756065 -1291.104615
v 2314.703031 3.151339 -1277.787968
v 2328.071431 3.078783 -1273.532356
v 2322.038331 -33.950855 -1305.648491
v 2322.555748 33.016353 -1281.250142
v 2389.178057 -42.112599 -1340.416502
v 2390.670730 -43.567236 -1356.057386
v 2379.627595 -41.848319 -1367.196298
v 2364.364218 -38.250231 -1365.445379
v 2356.374333 -35.482403 -1352.123127
v 2361.674389 -35.629073 -1337.261459
v 2376.273459 -38.579788 -1332.051505
v 2413.673349 56.952315 -1342.477513
v 2417.721903 49.824751 -1362.643979
v 2404.571319 50.773578 -1378.403005
v 2384.124226 51.029773 -1377.887716
v 2371.777774 50.400393 -1361.486130
v 2376.829015 49.359397 -1341.549005
v 2395.474311 48.690662 -1333.089348
v 2374.023236 -39.352807 -1350.078801
v 2404.737754 95.616971 -1359.688883
v 2318.633081 -67.560273 -1313.279577
v 2331.803465 -63.784240 -1321.106707
v 2333.788161 -61.774977 -1336.631077
v 2323.092699 -63.045502 -1348.162512
v 2307.770862 -66.639082 -1347.017594
v 2299.360432 -69.849686 -1334.058463
v 2304.194586 -70.259652 -1319.043670
v 2288.249417 59.878173 -1294.801210
v 2305.376143 63.234859 -1302.119132
v 2309.697974 70.918499 -1323.089597
v 2298.956829 63.893114 -1339.575601
v 2279.747014 67.315766 -1342.680139
v 2267.644569 63.840138 -1327.450658
v 2271.833435 55.145810 -1305.189282
v 2316.949040 -66.130489 -1331.328519
v 2273.990944 123.043018 -1312.327451
v 2374.102807 -35.358461 -1374.927257
v 2374.910452 -37.338967 -1385.016404
v 2367.556375 -37.718719 -1392.159204
v 2357.578322 -36.211753 -1390.976989
v 2352.489920 -33.952846 -1382.360002
v 2356.122928 -32.643002 -1372.797002
v 2365.741567 -33.268557 -1369.489108
v 2382.634555 11.999722 -1380.829603
v 2384.812605 10.953169 -1393.997809
v 2376.099292 9.732633 -1404.069194
v 2363.055847 9.257210 -1403.459799
v 2355.504361 9.884896 -1392.628515
v 2359.131172 11.143039 -1379.731493
v 2371.205254 12.084225 -1374.480497
v 2364.071778 -35.213187 -1381.103701
v 2373.039996 34.304918 -1394.024914
v 2347.432267 -62.521059 -1370.172470
v 2327.347223 -63.293681 -1365.463602
v 2318.362044 -61.128841 -1347.003903
v 2327.242834 -57.656710 -1328.693843
v 2347.302145 -55.491878 -1324.321345
v 2363.434903 -56.264501 -1337.178949
v 2363.492789 -59.392775 -1357.584620
v 2340.842556 120.704013 -1421.377518
v 2298.220673 133.358187 -1414.564277
v 2278.619885 149.707919 -1378.144581
v 2296.799980 157.441539 -1339.543179
v 2339.070984 150.735497 -1327.827757
v 2373.601989 140.278090 -1351.820209
v 2374.390454 140.578123 -1393.453833
v 2342.087763 -59.392775 -1347.202674
v 2322.102010 247.011546 -1388.442216
v 2365.499606 -42.757840 -1318.848540
v 2363.175063 -38.705174 -1333.920182
v 2349.857950 -33.868025 -1340.865548
v 2335.576336 -31.888867 -1334.454677
v 2331.084525 -34.258043 -1319.515030
v 2339.764948 -39.191521 -1307.296519
v 2355.081125 -42.974291 -1306.999894
v 2391.740190 44.639019 -1295.176283
v 2390.895704 52.605629 -1314.143548
v 2374.407329 58.186901 -1325.059932
v 2354.691185 57.180027 -1319.705245
v 2346.593864 50.343193 -1302.111633
v 2356.212917 56.309826 -1285.527416
v 2376.304920 45.852329 -1282.440942
v 2348.577106 -37.663396 -1323.128635
v 2380.483237 93.890706 -1292.663999
vn 0.987039 -0.019420 -0.159301
vn 0.987039 -0.019420 -0.159301
vn 0.987039 -0.019420 -0.159301
vn 0.987039 -0.019420 -0.159301
vn 0.634426 0.194976 -0.747989
vn 0.634426 0.194976 -0.747989
vn 0.634426 0.194976 -0.747989
vn 0.634426 0.194976 -0.747989
vn -0.275983 0.249768 -0.928143
vn -0.275983 0.249768 -0.928143
vn -0.275983 0.249768 -0.928143
vn -0.275983 0.249768 -0.928143
vn -0.963728 0.030820 -0.265102
vn -0.963728 0.030820 -0.265102
vn -0.963728 0.030820 -0.265102
vn -0.963728 0.030820 -0.265102
vn -0.876082 -0.208120 0.434932
vn -0.876082 -0.208120 0.434932
vn -0.876082 -0.208120 0.434932
vn -0.876082 -0.208120 0.434932
vn -0.236237 -0.393535 0.888438
vn -0.236237 -0.393535 0.888438
vn -0.236237 -0.393535 0.888438
vn -0.236237 -0.393535 0.888438
vn 0.745363 -0.306148 0.592205
vn 0.745363 -0.306148 0.592205
vn 0.745363 -0.306148 0.592205
vn 0.745364 -0.306148 0.592205
vn -0.007216 -0.939599 -0.342202
vn -0.007216 -0.939597 -0.342206
vn -0.007215 -0.939599 -0.342202
vn -0.007215 -0.939599 -0.342202
vn -0.007214 -0.939599 -0.342202
vn -0.007214 -0.939599 -0.342201
vn -0.007213 -0.939599 -0.342202
vn -0.007213 -0.939598 -0.342203
vn 0.714262 0.426250 0.555104
vn 0.739688 0.660031 -0.131228
vn -0.092982 0.903563 0.418245
vn 0.103525 0.859511 -0.500522
vn -0.658144 0.716461 -0.231364
vn -0.856540 0.411328 0.311687
vn -0.576240 0.242013 0.780626
vn 0.063026 0.260010 0.963547
vn 0.947649 -0.244590 0.205273
vn 0.947649 -0.244590 0.205273
vn 0.947649 -0.244590 0.205273
vn 0.947649 -0.244590 0.205273
vn 0.704921 -0.260158 -0.659851
vn 0.704921 -0.260158 -0.659851
vn 0.704921 -0.260158 -0.659851
vn 0.704921 -0.260158 -0.659851
vn -0.074819 -0.110461 -0.991060
vn -0.074819 -0.110461 -0.991060
vn -0.074819 -0.110461 -0.991060
vn -0.074819 -0.110461 -0.991060
vn -0.818528 0.093763 -0.566763
vn -0.818528 0.093763 -0.566763
vn -0.818528 0.093763 -0.566763
vn -0.818528 0.093763 -0.566763
vn -0.939090 0.190780 0.285855
vn -0.939090 0.190780 0.285855
vn -0.939090 0.190780 0.285855
vn -0.939090 0.190780 0.285855
vn -0.368775 0.102111 0.923893
vn -0.368775 0.102111 0.923893
vn -0.368775 0.102111 0.923893
vn -0.368775 0.102111 0.923893
vn 0.504911 -0.104153 0.856865
vn 0.504911 -0.104153 0.856865
vn 0.504911 -0.104153 0.856865
vn 0.504911 -0.104153 0.856865
vn -0.221351 -0.972726 0.069341
vn -0.221349 -0.972726 0.069340
vn -0.221350 -0.972726 0.069340
vn -0.221350 -0.972726 0.069340
vn -0.221349 -0.972726 0.069340
vn -0.221350 -0.972726 0.069340
vn -0.221351 -0.972726 0.069340
vn -0.221350 -0.972726 0.069340
vn 0.672232 0.425156 0.606091
vn 0.905849 0.277503 -0.320047
vn 0.057579 0.997217 -0.047353
vn 0.361367 0.357964 -0.860974
vn -0.449472 0.507775 -0.734942
vn -0.802168 0.588696 -0.099815
vn -0.613725 0.580240 0.535409
vn -0.163375 0.510710 0.844088
vn 0.452600 -0.030170 0.891203
vn 0.452600 -0.030170 0.891203
vn 0.452599 -0.030170 0.891203
vn 0.452600 -0.030170 0.891203
vn 0.964403 0.161347 0.209507
vn 0.964403 0.161347 0.209507
vn 0.964403 0.161347 0.209507
vn 0.964403 0.161347 0.209507
vn 0.750765 0.193290 -0.631657
vn 0.750765 0.193290 -0.631657
vn 0.750765 0.193290 -0.631657
vn 0.750765 0.193290 -0.631657
vn 0.056253 0.060616 -0.996575
vn 0.056253 0.060616 -0.996575
vn 0.056253 0.060616 -0.996575
vn 0.056253 0.060616 -0.996575
vn -0.782192 -0.149858 -0.604747
vn -0.782192 -0.149858 -0.604746
vn -0.782192 -0.149858 -0.604746
vn -0.782192 -0.149858 -0.604746
vn -0.953426 -0.249212 0.169918
vn -0.953426 -0.249212 0.169918
vn -0.953426 -0.249212 0.169918
vn -0.953426 -0.249212 0.169918
vn -0.411676 -0.215397 0.885509
vn -0.411676 -0.215397 0.885509
vn -0.411676 -0.215397 0.885509
vn -0.411676 -0.215397 0.885509
vn 0.220350 -0.970541 -0.097443
vn 0.220350 -0.970541 -0.097443
vn 0.220351 -0.970541 -0.097443
vn 0.220350 -0.970541 -0.097443
vn 0.220349 -0.970542 -0.097443
vn 0.220351 -0.970541 -0.097444
vn 0.220352 -0.970541 -0.097444
vn 0.220351 -0.970541 -0.097443
vn -0.142544 0.234630 0.961577
vn 0.610565 0.433527 0.662770
vn -0.231486 0.957388 0.172693
vn 0.801932 0.579407 -0.145578
vn 0.424952 0.520525 -0.740587
vn -0.240072 0.445090 -0.862705
vn -0.980116 0.140784 -0.139830
vn -0.814477 0.086201 0.573756
vn 0.975300 -0.165135 0.146699
vn 0.975300 -0.165135 0.146699
vn 0.975300 -0.165135 0.146699
vn 0.975300 -0.165135 0.146699
vn 0.715019 -0.277739 -0.641567
vn 0.715019 -0.277740 -0.641567
vn 0.715019 -0.277740 -0.641567
vn 0.715019 -0.277739 -0.641567
vn -0.086028 -0.240806 -0.966753
vn -0.086028 -0.240806 -0.966753
vn -0.086028 -0.240806 -0.966753
vn -0.086028 -0.240806 -0.966753
vn -0.840957 -0.057116 -0.538079
vn -0.840957 -0.057116 -0.538079
vn -0.840957 -0.057116 -0.538079
vn -0.840957 -0.057116 -0.538079
vn -0.948365 0.122616 0.292523
vn -0.948365 0.122616 0.292523
vn -0.948365 0.122616 0.292523
vn -0.948365 0.122616 0.292523
vn -0.364420 0.157432 0.917831
vn -0.364420 0.157432 0.917831
vn -0.364420 0.157432 0.917831
vn -0.364420 0.157432 0.917831
vn 0.513459 0.023282 0.857798
vn 0.513460 0.023282 0.857798
vn 0.513460 0.023282 0.857798
vn 0.513459 0.023282 0.857798
vn -0.125811 -0.975331 0.181387
vn -0.125810 -0.975331 0.181386
vn -0.125811 -0.975331 0.181387
vn -0.125812 -0.975331 0.181387
vn -0.125812 -0.975331 0.181387
vn -0.125811 -0.975331 0.181387
vn -0.125812 -0.975331 0.181387
vn -0.125812 -0.975331 0.181388
vn 0.663855 0.571155 0.482782
vn 0.859281 0.432886 -0.272480
vn 0.014562 0.992993 -0.117275
vn 0.311577 0.392521 -0.865360
vn -0.461639 0.467891 -0.753636
vn -0.806422 0.570095 -0.157084
vn -0.616214 0.647092 0.448946
vn -0.023479 0.661352 0.749708
vn -0.223050 -0.268417 -0.937124
vn -0.223050 -0.268417 -0.937124
vn -0.223050 -0.268417 -0.937124
vn -0.223050 -0.268417 -0.937124
vn -0.892981 -0.227407 -0.388422
vn -0.892981 -0.227407 -0.388422
vn -0.892981 -0.227407 -0.388422
vn -0.892981 -0.227407 -0.388422
vn -0.890291 -0.102970 0.443599
vn -0.890291 -0.102970 0.443599
vn -0.890291 -0.102970 0.443599
vn -0.890290 -0.102970 0.443599
vn -0.249213 0.010120 0.968396
vn -0.249213 0.010120 0.968396
vn -0.249213 0.010120 0.968396
vn -0.249213 0.010120 0.968396
vn 0.592715 0.033410 0.804719
vn 0.592715 0.033410 0.804719
vn 0.592715 0.033410 0.804719
vn 0.592715 0.033410 0.804719
vn 0.998570 -0.051017 0.015948
vn 0.998570 -0.051017 0.015948
vn 0.998570 -0.051017 0.015948
vn 0.998570 -0.051017 0.015948
vn 0.669664 -0.171713 -0.722541
vn 0.669664 -0.171713 -0.722541
vn 0.669664 -0.171713 -0.722541
vn 0.669664 -0.171713 -0.722541
vn 0.073398 -0.985755 0.151329
vn 0.073398 -0.985755 0.151329
vn 0.073398 -0.985755 0.151329
vn 0.073398 -0.985755 0.151329
vn 0.073397 -0.985755 0.151328
vn 0.073398 -0.985755 0.151329
vn 0.073398 -0.985755 0.151329
vn 0.073398 -0.985755 0.151329
vn 0.231924 0.277514 -0.932307
vn -0.372633 0.281533 -0.884242
vn 0.039124 0.971756 -0.232723
vn -0.902935 0.382824 -0.195330
vn -0.529709 0.516800 0.672552
vn 0.314095 0.544855 0.777482
vn 0.797491 0.500431 0.337012
vn 0.768149 0.400882 -0.499240
vn 0.953463 -0.245263 -0.175371
vn 0.953463 -0.245263 -0.175371
vn 0.953463 -0.245263 -0.175371
vn 0.953463 -0.245263 -0.175371
vn 0.518592 0.018052 -0.854831
vn 0.518592 0.018052 -0.854831
vn 0.518592 0.018052 -0.854831
vn 0.518592 0.018052 -0.854831
vn -0.312311 0.230750 -0.921529
vn -0.312311 0.230750 -0.921529
vn -0.312311 0.230750 -0.921529
vn -0.312311 0.230750 -0.921529
vn -0.926494 0.238589 -0.291003
vn -0.926494 0.238589 -0.291003
vn -0.926495 0.238589 -0.291004
vn -0.926494 0.238589 -0.291003
vn -0.844124 0.033395 0.535107
vn -0.844124 0.033395 0.535107
vn -0.844124 0.033395 0.535107
vn -0.844124 0.033395 0.535107
vn -0.174921 -0.206221 0.962744
vn -0.174921 -0.206221 0.962744
vn -0.174921 -0.206221 0.962744
vn -0.174921 -0.206222 0.962744
vn 0.636027 -0.358356 0.683411
vn 0.636027 -0.358356 0.683411
vn 0.636027 -0.358356 0.683411
vn 0.636027 -0.358356 0.683411
vn -0.229918 -0.948137 -0.219486
vn -0.229919 -0.948137 -0.219487
vn -0.229919 -0.948136 -0.219487
vn -0.229918 -0.948137 -0.219486
vn -0.229919 -0.948136 -0.219487
vn -0.229920 -0.948136 -0.219488
vn -0.229920 -0.948136 -0.219488
vn -0.229918 -0.948137 -0.219487
vn 0.872836 0.176283 0.455062
vn 0.870114 0.381678 -0.311807
vn 0.209973 0.947085 0.242777
vn 0.157272 0.648792 -0.744537
vn -0.594891 0.703873 -0.388159
vn -0.791035 0.611476 0.018989
vn -0.508981 0.466125 0.723647
vn 0.348489 0.166005 0.922495
s off
g Big_Crystal2
usemtl lambert4SG
f 3766//10446 3767//10447 3774//10448 3773//10449
f 3767//10450 3768//10451 3775//10452 3774//10453
f 3768//10454 3769//10455 3776//10456 3775//10457
f 3769//10458 3770//10459 3777//10460 3776//10461
f 3770//10462 3771//10463 3778//10464 3777//10465
f 3771//10466 3772//10467 3779//10468 3778//10469
f 3772//10470 3766//10471 3773//10472 3779//10473
s 1
f 3767//10474 3766//10475 3780//10476
f 3768//10477 3767//10474 3780//10476
f 3769//10478 3768//10477 3780//10476
f 3770//10479 3769//10478 3780//10476
f 3771//10480 3770//10479 3780//10476
f 3772//10481 3771//10480 3780//10476
f 3766//10475 3772//10481 3780//10476
s 2
f 3773//10482 3774//10483 3781//10484
f 3774//10483 3775//10485 3781//10484
f 3775//10485 3776//10486 3781//10484
f 3776//10486 3777//10487 3781//10484
f 3777//10487 3778//10488 3781//10484
f 3778//10488 3779//10489 3781//10484
f 3779//10489 3773//10482 3781//10484
s off
f 3782//10490 3783//10491 3790//10492 3789//10493
f 3783//10494 3784//10495 3791//10496 3790//10497
f 3784//10498 3785//10499 3792//10500 3791//10501
f 3785//10502 3786//10503 3793//10504 3792//10505
f 3786//10506 3787//10507 3794//10508 3793//10509
f 3787//10510 3788//10511 3795//10512 3794//10513
f 3788//10514 3782//10515 3789//10516 3795//10517
s 3
f 3783//10518 3782//10519 3796//10520
f 3784//10521 3783//10518 3796//10520
f 3785//10522 3784//10521 3796//10520
f 3786//10523 3785//10522 3796//10520
f 3787//10524 3786//10523 3796//10520
f 3788//10525 3787//10524 3796//10520
f 3782//10519 3788//10525 3796//10520
s 4
f 3789//10526 3790//10527 3797//10528
f 3790//10527 3791//10529 3797//10528
f 3791//10529 3792//10530 3797//10528
f 3792//10530 3793//10531 3797//10528
f 3793//10531 3794//10532 3797//10528
f 3794//10532 3795//10533 3797//10528
f 3795//10533 3789//10526 3797//10528
s off
f 3798//10534 3799//10535 3806//10536 3805//10537
f 3799//10538 3800//10539 3807//10540 3806//10541
f 3800//10542 3801//10543 3808//10544 3807//10545
f 3801//10546 3802//10547 3809//10548 3808//10549
f 3802//10550 3803//10551 3810//10552 3809//10553
f 3803//10554 3804//10555 3811//10556 3810//10557
f 3804//10558 3798//10559 3805//10560 3811//10561
s 5
f 3799//10562 3798//10563 3812//10564
f 3800//10565 3799//10562 3812//10564
f 3801//10566 3800//10565 3812//10564
f 3802//10567 3801//10566 3812//10564
f 3803//10568 3802//10567 3812//10564
f 3804//10569 3803//10568 3812//10564
f 3798//10563 3804//10569 3812//10564
s 6
f 3805//10570 3806//10571 3813//10572
f 3806//10571 3807//10573 3813//10572
f 3807//10573 3808//10574 3813//10572
f 3808//10574 3809//10575 3813//10572
f 3809//10575 3810//10576 3813//10572
f 3810//10576 3811//10577 3813//10572
f 3811//10577 3805//10570 3813//10572
s off
f 3814//10578 3815//10579 3822//10580 3821//10581
f 3815//10582 3816//10583 3823//10584 3822//10585
f 3816//10586 3817//10587 3824//10588 3823//10589
f 3817//10590 3818//10591 3825//10592 3824//10593
f 3818//10594 3819//10595 3826//10596 3825//10597
f 3819//10598 3820//10599 3827//10600 3826//10601
f 3820//10602 3814//10603 3821//10604 3827//10605
s 7
f 3815//10606 3814//10607 3828//10608
f 3816//10609 3815//10606 3828//10608
f 3817//10610 3816//10609 3828//10608
f 3818//10611 3817//10610 3828//10608
f 3819//10612 3818//10611 3828//10608
f 3820//10613 3819//10612 3828//10608
f 3814//10607 3820//10613 3828//10608
s 8
f 3821//10614 3822//10615 3829//10616
f 3822//10615 3823//10617 3829//10616
f 3823//10617 3824//10618 3829//10616
f 3824//10618 3825//10619 3829//10616
f 3825//10619 3826//10620 3829//10616
f 3826//10620 3827//10621 3829//10616
f 3827//10621 3821//10614 3829//10616
s off
f 3830//10622 3831//10623 3838//10624 3837//10625
f 3831//10626 3832//10627 3839//10628 3838//10629
f 3832//10630 3833//10631 3840//10632 3839//10633
f 3833//10634 3834//10635 3841//10636 3840//10637
f 3834//10638 3835//10639 3842//10640 3841//10641
f 3835//10642 3836//10643 3843//10644 3842//10645
f 3836//10646 3830//10647 3837//10648 3843//10649
s 9
f 3831//10650 3830//10651 3844//10652
f 3832//10653 3831//10650 3844//10652
f 3833//10654 3832//10653 3844//10652
f 3834//10655 3833//10654 3844//10652
f 3835//10656 3834//10655 3844//10652
f 3836//10657 3835//10656 3844//10652
f 3830//10651 3836//10657 3844//10652
s 10
f 3837//10658 3838//10659 3845//10660
f 3838//10659 3839//10661 3845//10660
f 3839//10661 3840//10662 3845//10660
f 3840//10662 3841//10663 3845//10660
f 3841//10663 3842//10664 3845//10660
f 3842//10664 3843//10665 3845//10660
f 3843//10665 3837//10658 3845//10660
s off
f 3846//10666 3847//10667 3854//10668 3853//10669
f 3847//10670 3848//10671 3855//10672 3854//10673
f 3848//10674 3849//10675 3856//10676 3855//10677
f 3849//10678 3850//10679 3857//10680 3856//10681
f 3850//10682 3851//10683 3858//10684 3857//10685
f 3851//10686 3852//10687 3859//10688 3858//10689
f 3852//10690 3846//10691 3853//10692 3859//10693
s 11
f 3847//10694 3846//10695 3860//10696
f 3848//10697 3847//10694 3860//10696
f 3849//10698 3848//10697 3860//10696
f 3850//10699 3849//10698 3860//10696
f 3851//10700 3850//10699 3860//10696
f 3852//10701 3851//10700 3860//10696
f 3846//10695 3852//10701 3860//10696
s 12
f 3853//10702 3854//10703 3861//10704
f 3854//10703 3855//10705 3861//10704
f 3855//10705 3856//10706 3861//10704
f 3856//10706 3857//10707 3861//10704
f 3857//10707 3858//10708 3861//10704
f 3858//10708 3859//10709 3861//10704
f 3859//10709 3853//10702 3861//10704
g default
v 539.487833 -35.811300 399.265740
v 546.845923 -31.622816 390.228830
v 545.755703 -29.187388 378.900003
v 537.038069 -30.338953 373.810042
v 527.257651 -34.210356 378.791835
v 523.779277 -37.886350 390.093983
v 529.222232 -38.598838 399.205727
v 527.132823 8.593033 414.455120
v 536.846290 15.541751 403.884729
v 536.844633 18.692406 388.794162
v 527.129102 15.672492 380.546876
v 515.015706 8.756065 385.353291
v 509.625999 3.151339 399.594084
v 515.018659 3.078783 412.545670
v 535.626660 -33.950855 387.185176
v 517.343152 33.016353 403.348730
v 605.550066 -42.112599 415.947560
v 618.450046 -43.567236 406.977842
v 619.812729 -41.848319 391.351925
v 608.611872 -38.250231 380.836357
v 593.282029 -35.482403 383.349636
v 585.366814 -35.629073 396.999147
v 590.826618 -38.579788 411.506628
v 622.954162 56.952315 433.307415
v 640.959402 49.824751 423.363145
v 644.485555 50.773578 403.143081
v 630.877332 51.029773 387.873325
v 610.382047 50.400393 389.052374
v 598.433037 49.359397 405.792301
v 604.028141 48.690662 425.487673
v 603.128580 -39.352807 398.138433
v 630.312731 95.616971 415.365075
v 539.248975 -67.560273 379.654702
v 553.733766 -63.784240 384.646075
v 566.862832 -61.774977 376.127114
v 568.749743 -63.045502 360.512811
v 557.973531 -66.639082 349.560973
v 542.648979 -69.849686 351.518656
v 534.315804 -70.259652 364.911611
v 505.511435 59.878173 368.412126
v 522.164655 63.234859 376.751612
v 540.960029 70.918499 366.496248
v 546.598153 63.893114 347.644932
v 536.551809 67.315766 330.979816
v 517.108636 63.840138 331.587527
v 502.828680 55.145810 349.171562
v 551.933379 -66.130489 366.704560
v 509.670084 123.043018 346.204497
v 622.141391 -35.358461 382.139523
v 630.362211 -37.338967 376.235178
v 631.059785 -37.718719 366.007009
v 623.708814 -36.211753 359.157016
v 613.844707 -33.952846 360.843336
v 608.895386 -32.643002 369.796210
v 612.587749 -33.268557 379.273911
v 632.159452 11.999722 384.835235
v 643.615539 10.953169 377.986615
v 645.669383 9.732633 364.828486
v 636.774349 9.257210 355.269135
v 623.628656 9.884896 356.507030
v 616.131201 11.143039 367.609962
v 619.927779 12.084225 380.217198
v 620.371435 -35.213187 370.493182
v 636.027552 34.304918 368.985643
v 601.275857 -62.521059 364.860774
v 584.701588 -63.293681 352.577613
v 564.808196 -61.128841 357.651750
v 556.575816 -57.656710 376.262356
v 566.203637 -55.491878 394.395194
v 586.441677 -56.264501 398.395888
v 602.050269 -59.392775 385.251816
v 636.090507 120.704013 326.738322
v 603.344807 133.358187 298.617789
v 562.885584 149.707919 307.198955
v 545.179434 157.441539 346.020036
v 563.559490 150.735497 385.847947
v 604.185161 140.278090 396.691511
v 636.464576 140.578123 370.385243
v 580.293873 -59.392775 375.627929
v 598.846136 247.011546 333.723947
v 573.788514 -42.757840 411.818419
v 583.787039 -38.705174 400.303760
v 580.480027 -33.868025 385.652915
v 566.357766 -31.888867 378.898250
v 552.054535 -34.258043 385.126171
v 548.341003 -39.191521 399.646896
v 558.013544 -42.974291 411.526089
v 572.684029 44.639019 447.141559
v 586.611795 52.605629 434.238550
v 584.285396 58.186901 414.601294
v 567.456736 57.180027 403.017029
v 548.798063 50.343193 408.208918
v 542.359783 56.309826 426.267462
v 552.990073 45.852329 443.594084
v 566.117513 -37.663396 396.138944
v 563.491552 93.890706 440.175288
vn 0.759486 -0.019420 0.650234
vn 0.759486 -0.019420 0.650234
vn 0.759486 -0.019420 0.650234
vn 0.759486 -0.019420 0.650234
vn 0.980808 0.194976 0.000691
vn 0.980808 0.194976 0.000691
vn 0.980808 0.194976 0.000691
vn 0.980808 0.194976 0.000691
vn 0.529880 0.249768 -0.810458
vn 0.529880 0.249768 -0.810458
vn 0.529880 0.249768 -0.810459
vn 0.529880 0.249768 -0.810459
vn -0.420566 0.030820 -0.906738
vn -0.420566 0.030820 -0.906738
vn -0.420566 0.030820 -0.906738
vn -0.420566 0.030820 -0.906738
vn -0.898103 -0.208120 -0.387424
vn -0.898103 -0.208120 -0.387424
vn -0.898103 -0.208120 -0.387424
vn -0.898103 -0.208120 -0.387424
vn -0.830631 -0.393535 0.393932
vn -0.830631 -0.393535 0.393932
vn -0.830631 -0.393535 0.393932
vn -0.830631 -0.393535 0.393932
vn 0.029830 -0.306148 0.951517
vn 0.029830 -0.306148 0.951517
vn 0.029830 -0.306148 0.951517
vn 0.029830 -0.306148 0.951517
vn 0.256464 -0.939599 -0.226672
vn 0.256467 -0.939597 -0.226675
vn 0.256465 -0.939599 -0.226672
vn 0.256465 -0.939599 -0.226672
vn 0.256465 -0.939599 -0.226671
vn 0.256465 -0.939599 -0.226670
vn 0.256466 -0.939599 -0.226670
vn 0.256467 -0.939598 -0.226671
vn 0.038040 0.426250 0.903805
vn 0.578200 0.660031 0.479629
vn -0.379249 0.903563 0.199361
vn 0.448848 0.859511 -0.244491
vn -0.248811 0.716461 -0.651749
vn -0.791427 0.411328 -0.452165
vn -0.968107 0.242013 0.064803
vn -0.694530 0.260010 0.670837
vn 0.455828 -0.244590 0.855801
vn 0.455828 -0.244590 0.855801
vn 0.455828 -0.244590 0.855801
vn 0.455828 -0.244590 0.855801
vn 0.959113 -0.260158 0.111449
vn 0.959113 -0.260158 0.111449
vn 0.959112 -0.260158 0.111449
vn 0.959113 -0.260158 0.111449
vn 0.707903 -0.110461 -0.697618
vn 0.707903 -0.110461 -0.697618
vn 0.707903 -0.110461 -0.697618
vn 0.707903 -0.110461 -0.697618
vn -0.096531 0.093763 -0.990904
vn -0.096531 0.093763 -0.990904
vn -0.096531 0.093763 -0.990904
vn -0.096531 0.093763 -0.990904
vn -0.825067 0.190780 -0.531853
vn -0.825067 0.190780 -0.531853
vn -0.825067 0.190780 -0.531853
vn -0.825067 0.190780 -0.531853
vn -0.943345 0.102111 0.315710
vn -0.943345 0.102111 0.315710
vn -0.943345 0.102111 0.315710
vn -0.943345 0.102111 0.315710
vn -0.327532 -0.104153 0.939082
vn -0.327532 -0.104153 0.939082
vn -0.327532 -0.104153 0.939082
vn -0.327532 -0.104153 0.939082
vn -0.195972 -0.972726 -0.124094
vn -0.195971 -0.972726 -0.124092
vn -0.195971 -0.972726 -0.124093
vn -0.195971 -0.972726 -0.124094
vn -0.195970 -0.972726 -0.124093
vn -0.195971 -0.972726 -0.124094
vn -0.195972 -0.972726 -0.124094
vn -0.195972 -0.972726 -0.124093
vn -0.028032 0.425156 0.904686
vn 0.829674 0.277503 0.484389
vn 0.073348 0.997217 0.013333
vn 0.890545 0.357964 -0.280697
vn 0.270325 0.507775 -0.817978
vn -0.442277 0.588696 -0.676630
vn -0.805213 0.580240 -0.122285
vn -0.749697 0.510710 0.420868
vn -0.387544 -0.030170 0.921357
vn -0.387544 -0.030170 0.921357
vn -0.387544 -0.030170 0.921357
vn -0.387544 -0.030170 0.921357
vn 0.463426 0.161347 0.871323
vn 0.463426 0.161347 0.871323
vn 0.463426 0.161347 0.871323
vn 0.463426 0.161347 0.871323
vn 0.967227 0.193290 0.164653
vn 0.967227 0.193290 0.164653
vn 0.967227 0.193290 0.164653
vn 0.967227 0.193290 0.164653
vn 0.796824 0.060616 -0.601163
vn 0.796824 0.060616 -0.601163
vn 0.796824 0.060616 -0.601163
vn 0.796824 0.060616 -0.601163
vn -0.044062 -0.149858 -0.987725
vn -0.044062 -0.149858 -0.987725
vn -0.044062 -0.149858 -0.987725
vn -0.044062 -0.149858 -0.987725
vn -0.745863 -0.249212 -0.617723
vn -0.745863 -0.249212 -0.617723
vn -0.745863 -0.249212 -0.617723
vn -0.745863 -0.249212 -0.617723
vn -0.941783 -0.215397 0.258165
vn -0.941783 -0.215397 0.258165
vn -0.941783 -0.215397 0.258165
vn -0.941783 -0.215397 0.258165
vn 0.216770 -0.970541 0.105167
vn 0.216770 -0.970541 0.105168
vn 0.216770 -0.970541 0.105167
vn 0.216770 -0.970541 0.105167
vn 0.216769 -0.970542 0.105167
vn 0.216771 -0.970541 0.105167
vn 0.216772 -0.970541 0.105168
vn 0.216771 -0.970541 0.105167
vn -0.825888 0.234630 0.512697
vn -0.111137 0.433527 0.894261
vn -0.281389 0.957388 -0.065031
vn 0.629379 0.579407 0.517851
vn 0.839776 0.520525 -0.154370
vn 0.503154 0.445090 -0.740763
vn -0.526750 0.140784 -0.838281
vn -0.964221 0.086201 -0.250692
vn 0.518396 -0.165135 0.839045
vn 0.518396 -0.165135 0.839045
vn 0.518396 -0.165135 0.839045
vn 0.518396 -0.165135 0.839045
vn 0.951687 -0.277739 0.130971
vn 0.951687 -0.277740 0.130971
vn 0.951687 -0.277740 0.130971
vn 0.951687 -0.277739 0.130971
vn 0.682111 -0.240806 -0.690462
vn 0.682111 -0.240806 -0.690462
vn 0.682111 -0.240806 -0.690462
vn 0.682111 -0.240806 -0.690462
vn -0.132915 -0.057116 -0.989480
vn -0.132915 -0.057116 -0.989480
vn -0.132915 -0.057116 -0.989480
vn -0.132915 -0.057116 -0.989480
vn -0.836149 0.122616 -0.534621
vn -0.836149 0.122616 -0.534621
vn -0.836149 0.122616 -0.534621
vn -0.836149 0.122616 -0.534621
vn -0.935905 0.157432 0.315115
vn -0.935905 0.157432 0.315115
vn -0.935905 0.157432 0.315115
vn -0.935905 0.157432 0.315115
vn -0.322719 0.023282 0.946208
vn -0.322719 0.023282 0.946208
vn -0.322719 0.023282 0.946208
vn -0.322719 0.023282 0.946208
vn -0.219725 -0.975331 0.021226
vn -0.219724 -0.975331 0.021227
vn -0.219725 -0.975331 0.021227
vn -0.219726 -0.975331 0.021227
vn -0.219725 -0.975331 0.021226
vn -0.219725 -0.975331 0.021227
vn -0.219726 -0.975331 0.021226
vn -0.219726 -0.975331 0.021226
vn 0.060650 0.571155 0.818598
vn 0.763280 0.432886 0.479597
vn 0.098902 0.992993 -0.064683
vn 0.861712 0.392521 -0.321526
vn 0.276726 0.467891 -0.839345
vn -0.401325 0.570095 -0.716889
vn -0.740843 0.647092 -0.180066
vn -0.587262 0.661352 0.466622
vn 0.570944 -0.268417 -0.775871
vn 0.570944 -0.268417 -0.775871
vn 0.570944 -0.268417 -0.775871
vn 0.570944 -0.268417 -0.775871
vn -0.280738 -0.227407 -0.932455
vn -0.280738 -0.227407 -0.932455
vn -0.280738 -0.227407 -0.932455
vn -0.280738 -0.227407 -0.932455
vn -0.913899 -0.102970 -0.392665
vn -0.913899 -0.102970 -0.392665
vn -0.913899 -0.102970 -0.392665
vn -0.913899 -0.102970 -0.392665
vn -0.900032 0.010120 0.435707
vn -0.900031 0.010120 0.435707
vn -0.900032 0.010120 0.435707
vn -0.900032 0.010120 0.435707
vn -0.230992 0.033410 0.972382
vn -0.230992 0.033410 0.972382
vn -0.230992 0.033410 0.972382
vn -0.230992 0.033410 0.972382
vn 0.633209 -0.051017 0.772298
vn 0.633209 -0.051017 0.772298
vn 0.633209 -0.051017 0.772298
vn 0.633209 -0.051017 0.772298
vn 0.984163 -0.171713 0.044028
vn 0.984163 -0.171713 0.044027
vn 0.984163 -0.171713 0.044027
vn 0.984163 -0.171713 0.044027
vn -0.068039 -0.985755 0.153813
vn -0.068039 -0.985755 0.153813
vn -0.068039 -0.985755 0.153813
vn -0.068039 -0.985755 0.153812
vn -0.068039 -0.985755 0.153812
vn -0.068039 -0.985755 0.153813
vn -0.068039 -0.985755 0.153813
vn -0.068039 -0.985755 0.153813
vn 0.861319 0.277514 -0.425576
vn 0.433914 0.281533 -0.855837
vn 0.202872 0.971756 -0.120555
vn -0.434517 0.382824 -0.815255
vn -0.855564 0.516800 0.030461
vn -0.390281 0.544855 0.742169
vn 0.258253 0.500431 0.826362
vn 0.877418 0.400882 0.263499
vn 0.750048 -0.245263 0.614227
vn 0.750048 -0.245263 0.614227
vn 0.750048 -0.245263 0.614227
vn 0.750048 -0.245263 0.614227
vn 0.987473 0.018052 -0.156752
vn 0.987473 0.018052 -0.156752
vn 0.987473 0.018052 -0.156752
vn 0.987473 0.018052 -0.156752
vn 0.501354 0.230750 -0.833906
vn 0.501354 0.230750 -0.833906
vn 0.501354 0.230750 -0.833906
vn 0.501354 0.230750 -0.833906
vn -0.376737 0.238589 -0.895067
vn -0.376737 0.238589 -0.895067
vn -0.376737 0.238589 -0.895067
vn -0.376737 0.238589 -0.895067
vn -0.953890 0.033395 -0.298294
vn -0.953890 0.033395 -0.298294
vn -0.953890 0.033395 -0.298294
vn -0.953890 0.033395 -0.298294
vn -0.847703 -0.206221 0.488745
vn -0.847703 -0.206221 0.488745
vn -0.847703 -0.206221 0.488745
vn -0.847703 -0.206222 0.488745
vn -0.110432 -0.358356 0.927031
vn -0.110432 -0.358356 0.927031
vn -0.110432 -0.358356 0.927031
vn -0.110432 -0.358356 0.927031
vn 0.018889 -0.948137 -0.317301
vn 0.018889 -0.948137 -0.317301
vn 0.018889 -0.948136 -0.317302
vn 0.018889 -0.948137 -0.317301
vn 0.018889 -0.948136 -0.317302
vn 0.018889 -0.948136 -0.317303
vn 0.018890 -0.948136 -0.317303
vn 0.018890 -0.948137 -0.317301
vn 0.216867 0.176283 0.960152
vn 0.800291 0.381678 0.462445
vn -0.049552 0.947085 0.317134
vn 0.669787 0.648792 -0.361185
vn -0.088283 0.703873 -0.704819
vn -0.525739 0.611476 -0.591351
vn -0.881158 0.466125 0.079301
vn -0.478709 0.166005 0.862137
s off
g Big_Crystal1
usemtl lambert4SG
f 3862//10710 3863//10711 3870//10712 3869//10713
f 3863//10714 3864//10715 3871//10716 3870//10717
f 3864//10718 3865//10719 3872//10720 3871//10721
f 3865//10722 3866//10723 3873//10724 3872//10725
f 3866//10726 3867//10727 3874//10728 3873//10729
f 3867//10730 3868//10731 3875//10732 3874//10733
f 3868//10734 3862//10735 3869//10736 3875//10737
s 1
f 3863//10738 3862//10739 3876//10740
f 3864//10741 3863//10738 3876//10740
f 3865//10742 3864//10741 3876//10740
f 3866//10743 3865//10742 3876//10740
f 3867//10744 3866//10743 3876//10740
f 3868//10745 3867//10744 3876//10740
f 3862//10739 3868//10745 3876//10740
s 2
f 3869//10746 3870//10747 3877//10748
f 3870//10747 3871//10749 3877//10748
f 3871//10749 3872//10750 3877//10748
f 3872//10750 3873//10751 3877//10748
f 3873//10751 3874//10752 3877//10748
f 3874//10752 3875//10753 3877//10748
f 3875//10753 3869//10746 3877//10748
s off
f 3878//10754 3879//10755 3886//10756 3885//10757
f 3879//10758 3880//10759 3887//10760 3886//10761
f 3880//10762 3881//10763 3888//10764 3887//10765
f 3881//10766 3882//10767 3889//10768 3888//10769
f 3882//10770 3883//10771 3890//10772 3889//10773
f 3883//10774 3884//10775 3891//10776 3890//10777
f 3884//10778 3878//10779 3885//10780 3891//10781
s 3
f 3879//10782 3878//10783 3892//10784
f 3880//10785 3879//10782 3892//10784
f 3881//10786 3880//10785 3892//10784
f 3882//10787 3881//10786 3892//10784
f 3883//10788 3882//10787 3892//10784
f 3884//10789 3883//10788 3892//10784
f 3878//10783 3884//10789 3892//10784
s 4
f 3885//10790 3886//10791 3893//10792
f 3886//10791 3887//10793 3893//10792
f 3887//10793 3888//10794 3893//10792
f 3888//10794 3889//10795 3893//10792
f 3889//10795 3890//10796 3893//10792
f 3890//10796 3891//10797 3893//10792
f 3891//10797 3885//10790 3893//10792
s off
f 3894//10798 3895//10799 3902//10800 3901//10801
f 3895//10802 3896//10803 3903//10804 3902//10805
f 3896//10806 3897//10807 3904//10808 3903//10809
f 3897//10810 3898//10811 3905//10812 3904//10813
f 3898//10814 3899//10815 3906//10816 3905//10817
f 3899//10818 3900//10819 3907//10820 3906//10821
f 3900//10822 3894//10823 3901//10824 3907//10825
s 5
f 3895//10826 3894//10827 3908//10828
f 3896//10829 3895//10826 3908//10828
f 3897//10830 3896//10829 3908//10828
f 3898//10831 3897//10830 3908//10828
f 3899//10832 3898//10831 3908//10828
f 3900//10833 3899//10832 3908//10828
f 3894//10827 3900//10833 3908//10828
s 6
f 3901//10834 3902//10835 3909//10836
f 3902//10835 3903//10837 3909//10836
f 3903//10837 3904//10838 3909//10836
f 3904//10838 3905//10839 3909//10836
f 3905//10839 3906//10840 3909//10836
f 3906//10840 3907//10841 3909//10836
f 3907//10841 3901//10834 3909//10836
s off
f 3910//10842 3911//10843 3918//10844 3917//10845
f 3911//10846 3912//10847 3919//10848 3918//10849
f 3912//10850 3913//10851 3920//10852 3919//10853
f 3913//10854 3914//10855 3921//10856 3920//10857
f 3914//10858 3915//10859 3922//10860 3921//10861
f 3915//10862 3916//10863 3923//10864 3922//10865
f 3916//10866 3910//10867 3917//10868 3923//10869
s 7
f 3911//10870 3910//10871 3924//10872
f 3912//10873 3911//10870 3924//10872
f 3913//10874 3912//10873 3924//10872
f 3914//10875 3913//10874 3924//10872
f 3915//10876 3914//10875 3924//10872
f 3916//10877 3915//10876 3924//10872
f 3910//10871 3916//10877 3924//10872
s 8
f 3917//10878 3918//10879 3925//10880
f 3918//10879 3919//10881 3925//10880
f 3919//10881 3920//10882 3925//10880
f 3920//10882 3921//10883 3925//10880
f 3921//10883 3922//10884 3925//10880
f 3922//10884 3923//10885 3925//10880
f 3923//10885 3917//10878 3925//10880
s off
f 3926//10886 3927//10887 3934//10888 3933//10889
f 3927//10890 3928//10891 3935//10892 3934//10893
f 3928//10894 3929//10895 3936//10896 3935//10897
f 3929//10898 3930//10899 3937//10900 3936//10901
f 3930//10902 3931//10903 3938//10904 3937//10905
f 3931//10906 3932//10907 3939//10908 3938//10909
f 3932//10910 3926//10911 3933//10912 3939//10913
s 9
f 3927//10914 3926//10915 3940//10916
f 3928//10917 3927//10914 3940//10916
f 3929//10918 3928//10917 3940//10916
f 3930//10919 3929//10918 3940//10916
f 3931//10920 3930//10919 3940//10916
f 3932//10921 3931//10920 3940//10916
f 3926//10915 3932//10921 3940//10916
s 10
f 3933//10922 3934//10923 3941//10924
f 3934//10923 3935//10925 3941//10924
f 3935//10925 3936//10926 3941//10924
f 3936//10926 3937//10927 3941//10924
f 3937//10927 3938//10928 3941//10924
f 3938//10928 3939//10929 3941//10924
f 3939//10929 3933//10922 3941//10924
s off
f 3942//10930 3943//10931 3950//10932 3949//10933
f 3943//10934 3944//10935 3951//10936 3950//10937
f 3944//10938 3945//10939 3952//10940 3951//10941
f 3945//10942 3946//10943 3953//10944 3952//10945
f 3946//10946 3947//10947 3954//10948 3953//10949
f 3947//10950 3948//10951 3955//10952 3954//10953
f 3948//10954 3942//10955 3949//10956 3955//10957
s 11
f 3943//10958 3942//10959 3956//10960
f 3944//10961 3943//10958 3956//10960
f 3945//10962 3944//10961 3956//10960
f 3946//10963 3945//10962 3956//10960
f 3947//10964 3946//10963 3956//10960
f 3948//10965 3947//10964 3956//10960
f 3942//10959 3948//10965 3956//10960
s 12
f 3949//10966 3950//10967 3957//10968
f 3950//10967 3951//10969 3957//10968
f 3951//10969 3952//10970 3957//10968
f 3952//10970 3953//10971 3957//10968
f 3953//10971 3954//10972 3957//10968
f 3954//10972 3955//10973 3957//10968
f 3955//10973 3949//10966 3957//10968
g default
v 1021.900757 37.764915 489.688202
v 1021.675293 34.780663 491.844666
v 1021.663391 31.091927 491.843475
v 1021.869690 28.107674 489.685089
v 1022.215332 26.967789 486.193939
v 1022.568298 28.107674 482.703522
v 1022.793762 31.091927 480.547089
v 1022.805664 34.780663 480.548279
v 1022.599365 37.764915 482.706635
v 1022.253723 38.904800 486.197784
v 1043.457764 37.082214 491.845276
v 1046.236328 34.471886 494.302307
v 1050.056396 31.164520 493.833832
v 1051.554199 29.505314 492.655396
v 1052.230957 29.165546 489.197388
v 1052.252686 29.402561 485.673828
v 1050.348633 31.350857 484.217133
v 1045.811523 34.281040 482.850311
v 1044.156494 37.082214 484.863708
v 1043.257446 38.079269 488.299500
v 1043.999023 52.929085 490.885101
v 1046.320557 52.929085 492.954407
v 1049.414795 52.929085 493.264038
v 1052.100098 52.929085 491.695740
v 1053.350830 52.929085 488.848572
v 1052.689209 52.929085 485.809998
v 1050.367676 52.929085 483.740692
v 1047.273438 52.929085 483.431091
v 1044.588135 52.929085 484.999390
v 1043.337402 52.929085 487.846588
v 1045.388306 56.150200 490.073822
v 1046.967407 56.150200 491.481537
v 1049.072510 56.150200 491.692169
v 1050.899292 56.150200 490.625275
v 1051.750122 56.150200 488.688385
v 1051.299927 56.150200 486.621277
v 1049.720703 56.150200 485.213562
v 1047.615723 56.150200 485.002930
v 1045.788940 56.150200 486.069824
v 1044.938110 56.150200 488.006775
v 1047.073608 56.884895 489.089569
v 1047.752319 56.884895 489.694641
v 1048.344116 56.884895 488.347595
v 1048.657227 56.884895 489.785187
v 1049.442383 56.884895 489.326599
v 1049.808105 56.884895 488.494080
v 1049.614624 56.884895 487.605560
v 1048.935791 56.884895 487.000488
v 1048.031006 56.884895 486.909943
v 1047.245850 56.884895 487.368530
v 1046.880127 56.884895 488.201080
v 1052.343750 34.087383 485.702271
v 1053.134399 34.316830 489.170837
v 1051.680176 34.241322 492.433960
v 1051.629150 31.967857 492.523743
v 1053.106445 31.917229 489.212402
v 1052.303223 31.881496 485.689636
v 1048.096313 28.979969 484.842224
v 1047.770386 27.814186 488.751068
v 1046.996948 28.554043 492.199402
v 1049.570068 28.599754 492.456879
v 1050.254395 28.022812 488.999603
v 1050.043579 29.046776 485.084961
v 1018.920532 -4.280998 494.210663
v 1021.887512 -4.280998 496.855499
v 1025.842529 -4.280998 497.251251
v 1029.274658 -4.280998 495.246735
v 1030.873169 -4.280998 491.607697
v 1030.027344 -4.280998 487.724060
v 1027.060425 -4.280998 485.079224
v 1023.105530 -4.280998 484.683472
v 1019.673279 -4.280998 486.687988
v 1018.074768 -4.280998 490.327057
v 1017.221069 21.981287 495.203156
v 1021.096069 21.981287 498.657318
v 1026.261230 21.981287 499.174164
v 1030.743774 21.981287 496.556274
v 1032.831421 21.981287 491.803650
v 1031.726807 21.981287 486.731567
v 1027.851929 21.981287 483.277466
v 1022.686707 21.981287 482.760620
v 1018.204163 21.981287 485.378448
v 1016.116577 21.981287 490.131134
v 1016.911743 48.243572 495.383881
v 1020.951965 48.243572 498.985382
v 1026.337524 48.243572 499.524292
v 1031.011230 48.243572 496.794739
v 1033.187988 48.243572 491.839355
v 1032.036255 48.243572 486.550842
v 1027.996094 48.243572 482.949402
v 1022.610535 48.243572 482.410492
v 1017.936768 48.243572 485.140015
v 1015.760010 48.243572 490.095459
v 1018.225952 71.368774 494.616333
v 1021.564026 71.368774 497.591949
v 1026.013550 71.368774 498.037201
v 1029.875000 71.368774 495.781982
v 1031.673462 71.368774 491.687805
v 1030.721924 71.368774 487.318390
v 1027.383911 71.368774 484.342773
v 1022.934326 71.368774 483.897522
v 1019.072815 71.368774 486.152740
v 1017.274414 71.368774 490.246979
v 1024.473999 -4.280998 490.967407
v 1020.223511 76.286819 493.449707
v 1022.494385 76.286819 495.473999
v 1025.521362 76.286819 495.776886
v 1028.148315 76.286819 494.242706
v 1029.371704 76.286819 491.457489
v 1028.724487 76.286819 488.485016
v 1026.453613 76.286819 486.460754
v 1023.426575 76.286819 486.157837
v 1020.799683 76.286819 487.692047
v 1019.576172 76.286819 490.477295
v 1022.647034 77.408554 492.034332
v 1023.623108 77.408554 492.904419
v 1024.473999 77.408554 490.967377
v 1024.924194 77.408554 493.034607
v 1026.053345 77.408554 492.375183
v 1026.579224 77.408554 491.178040
v 1026.300903 77.408554 489.900391
v 1025.324829 77.408554 489.030304
v 1024.023804 77.408554 488.900116
v 1022.894653 77.408554 489.559540
v 1022.368774 77.408554 490.756714
vt 0.375000 0.312500
vt 0.400000 0.312500
vt 0.425000 0.312500
vt 0.450000 0.312500
vt 0.475000 0.312500
vt 0.500000 0.312500
vt 0.525000 0.312500
vt 0.550000 0.312500
vt 0.575000 0.312500
vt 0.600000 0.312500
vt 0.625000 0.312500
vt 0.375000 0.687500
vt 0.400000 0.687500
vt 0.425000 0.687500
vt 0.450000 0.687500
vt 0.475000 0.687500
vt 0.500000 0.687500
vt 0.525000 0.687500
vt 0.550000 0.687500
vt 0.575000 0.687500
vt 0.600000 0.687500
vt 0.625000 0.687500
vt 0.375000 0.562500
vt 0.400000 0.562500
vt 0.400000 0.687500
vt 0.375000 0.687500
vt 0.425000 0.562500
vt 0.425000 0.687500
vt 0.450000 0.562500
vt 0.450000 0.687500
vt 0.475000 0.562500
vt 0.475000 0.687500
vt 0.500000 0.562500
vt 0.500000 0.687500
vt 0.525000 0.562500
vt 0.525000 0.687500
vt 0.550000 0.562500
vt 0.550000 0.687500
vt 0.575000 0.562500
vt 0.575000 0.687500
vt 0.600000 0.562500
vt 0.600000 0.687500
vt 0.625000 0.562500
vt 0.625000 0.687500
vt 0.626409 0.935591
vt 0.548284 0.992353
vt 0.500000 0.843750
vt 0.451716 0.992353
vt 0.373591 0.935591
vt 0.343750 0.843750
vt 0.373591 0.751909
vt 0.451716 0.695147
vt 0.548284 0.695147
vt 0.626409 0.751909
vt 0.656250 0.843750
vt 0.626409 0.935591
vt 0.548284 0.992353
vt 0.548284 0.992353
vt 0.626409 0.935591
vt 0.451716 0.992353
vt 0.451716 0.992353
vt 0.373591 0.935591
vt 0.373591 0.935591
vt 0.343750 0.843750
vt 0.343750 0.843750
vt 0.373591 0.751909
vt 0.373591 0.751909
vt 0.451716 0.695147
vt 0.451716 0.695147
vt 0.548284 0.695147
vt 0.548284 0.695147
vt 0.626409 0.751909
vt 0.626409 0.751909
vt 0.656250 0.843750
vt 0.656250 0.843750
vt 0.500000 0.588564
vt 0.475000 0.594214
vt 0.450000 0.591346
vt 0.450000 0.575218
vt 0.475000 0.577631
vt 0.500000 0.572594
vt 0.500000 0.634472
vt 0.475000 0.623183
vt 0.450000 0.629930
vt 0.450000 0.662436
vt 0.475000 0.653382
vt 0.500000 0.659131
vt 0.375000 0.312500
vt 0.400000 0.312500
vt 0.400000 0.437500
vt 0.375000 0.437500
vt 0.425000 0.312500
vt 0.425000 0.437500
vt 0.450000 0.312500
vt 0.450000 0.437500
vt 0.475000 0.312500
vt 0.475000 0.437500
vt 0.500000 0.312500
vt 0.500000 0.437500
vt 0.525000 0.312500
vt 0.525000 0.437500
vt 0.550000 0.312500
vt 0.550000 0.437500
vt 0.575000 0.312500
vt 0.575000 0.437500
vt 0.600000 0.312500
vt 0.600000 0.437500
vt 0.625000 0.312500
vt 0.625000 0.437500
vt 0.400000 0.562500
vt 0.375000 0.562500
vt 0.425000 0.562500
vt 0.450000 0.562500
vt 0.475000 0.562500
vt 0.500000 0.562500
vt 0.525000 0.562500
vt 0.550000 0.562500
vt 0.575000 0.562500
vt 0.600000 0.562500
vt 0.625000 0.562500
vt 0.400000 0.687500
vt 0.375000 0.687500
vt 0.425000 0.687500
vt 0.450000 0.687500
vt 0.475000 0.687500
vt 0.500000 0.687500
vt 0.525000 0.687500
vt 0.550000 0.687500
vt 0.575000 0.687500
vt 0.600000 0.687500
vt 0.625000 0.687500
vt 0.548284 0.007647
vt 0.626409 0.064409
vt 0.500000 0.156250
vt 0.451716 0.007647
vt 0.373591 0.064409
vt 0.343750 0.156250
vt 0.373591 0.248091
vt 0.451716 0.304853
vt 0.548284 0.304853
vt 0.626409 0.248091
vt 0.656250 0.156250
vt 0.626409 0.935591
vt 0.548284 0.992353
vt 0.500000 0.843750
vt 0.451716 0.992353
vt 0.373591 0.935591
vt 0.343750 0.843750
vt 0.373591 0.751909
vt 0.451716 0.695147
vt 0.548284 0.695147
vt 0.626409 0.751909
vt 0.656250 0.843750
vt 0.626409 0.935591
vt 0.548284 0.992353
vt 0.548284 0.992353
vt 0.626409 0.935591
vt 0.451716 0.992353
vt 0.451716 0.992353
vt 0.373591 0.935591
vt 0.373591 0.935591
vt 0.343750 0.843750
vt 0.343750 0.843750
vt 0.373591 0.751909
vt 0.373591 0.751909
vt 0.451716 0.695147
vt 0.451716 0.695147
vt 0.548284 0.695147
vt 0.548284 0.695147
vt 0.626409 0.751909
vt 0.626409 0.751909
vt 0.656250 0.843750
vt 0.656250 0.843750
vn -0.065214 0.616980 0.784273
vn -0.065214 0.616980 0.784273
vn -0.065214 0.616980 0.784273
vn -0.065214 0.616980 0.784273
vn -0.083672 -0.112018 0.990177
vn -0.083672 -0.112018 0.990177
vn -0.083672 -0.112018 0.990177
vn -0.083672 -0.112018 0.990177
vn -0.065593 -0.536791 0.841162
vn -0.065593 -0.536791 0.841162
vn -0.065779 -0.535859 0.841741
vn -0.059903 -0.533222 0.843852
vn -0.001517 -0.965277 0.261225
vn -0.001517 -0.965277 0.261225
vn 0.001667 -0.967091 0.254426
vn 0.000946 -0.966685 0.255968
vn 0.058963 -0.954584 -0.292048
vn 0.058963 -0.954584 -0.292048
vn 0.061456 -0.955043 -0.290028
vn 0.061484 -0.955048 -0.290006
vn 0.104885 -0.496188 -0.861857
vn 0.104885 -0.496188 -0.861857
vn 0.111467 -0.490006 -0.864563
vn 0.105135 -0.494854 -0.862593
vn 0.115811 -0.124152 -0.985482
vn 0.115811 -0.124152 -0.985482
vn 0.115811 -0.124152 -0.985482
vn 0.115811 -0.124152 -0.985482
vn 0.095290 0.602205 -0.792634
vn 0.095290 0.602205 -0.792634
vn 0.095290 0.602205 -0.792634
vn 0.095290 0.602205 -0.792634
vn 0.062322 0.956805 -0.283972
vn 0.062322 0.956805 -0.283972
vn 0.062322 0.956805 -0.283972
vn 0.062322 0.956805 -0.283972
vn 0.004818 0.956805 0.290692
vn 0.004818 0.956805 0.290692
vn 0.004818 0.956805 0.290692
vn 0.004818 0.956805 0.290692
vn -0.644226 0.063033 0.762233
vn -0.644226 0.063033 0.762233
vn -0.644226 0.063033 0.762233
vn -0.644226 0.063033 0.762233
vn 0.045979 0.048208 0.997779
vn 0.045979 0.048208 0.997779
vn 0.045979 0.048208 0.997779
vn 0.045979 0.048208 0.997779
vn 0.561732 0.028889 0.826815
vn 0.634333 0.018480 0.772839
vn 0.553218 0.029834 0.832502
vn 0.930440 -0.090919 0.354987
vn 0.929726 -0.085973 0.358075
vn 0.914294 -0.004078 0.405030
vn 0.914278 -0.004076 0.405066
vn 0.981241 -0.097812 -0.166130
vn 0.981287 -0.100804 -0.164058
vn 0.975860 -0.015888 -0.217819
vn 0.975876 -0.015889 -0.217746
vn 0.602853 -0.006825 -0.797823
vn 0.636976 -0.012237 -0.770786
vn 0.639910 -0.012696 -0.768345
vn 0.212618 -0.005293 -0.977121
vn 0.212618 -0.005293 -0.977121
vn 0.212618 -0.005293 -0.977121
vn 0.212618 -0.005293 -0.977121
vn -0.616237 0.050154 -0.785962
vn -0.616237 0.050154 -0.785962
vn -0.616237 0.050154 -0.785962
vn -0.616237 0.050154 -0.785962
vn -0.945472 0.012388 -0.325468
vn -0.945472 0.012388 -0.325468
vn -0.945472 0.012388 -0.325468
vn -0.945472 0.012388 -0.325468
vn -0.990681 0.026199 0.133659
vn -0.990681 0.026199 0.133659
vn -0.990681 0.026199 0.133659
vn -0.990681 0.026199 0.133659
vn 0.000000 1.000000 0.000000
vn 0.000000 1.000000 0.000000
vn 0.000000 1.000000 0.000000
vn 0.000000 1.000000 0.000000
vn 0.000000 1.000000 0.000003
vn 0.000000 1.000000 0.000003
vn 0.000000 1.000000 0.000000
vn 0.000000 1.000000 0.000000
vn 0.000000 1.000000 0.000000
vn 0.000000 1.000000 -0.000003
vn 0.000000 1.000000 -0.000003
vn -0.601055 0.429045 0.674280
vn -0.601055 0.429045 0.674280
vn -0.601055 0.429045 0.674280
vn -0.601055 0.429045 0.674280
vn -0.089934 0.429036 0.898799
vn -0.089934 0.429036 0.898799
vn -0.089934 0.429036 0.898799
vn -0.089934 0.429036 0.898799
vn 0.455533 0.429053 0.780002
vn 0.455533 0.429053 0.780002
vn 0.455533 0.429053 0.780002
vn 0.455533 0.429053 0.780002
vn 0.827009 0.429037 0.363295
vn 0.827009 0.429037 0.363295
vn 0.827009 0.429037 0.363295
vn 0.827009 0.429037 0.363295
vn 0.882601 0.429043 -0.192192
vn 0.882601 0.429043 -0.192192
vn 0.882601 0.429044 -0.192192
vn 0.882601 0.429044 -0.192192
vn 0.601036 0.429071 -0.674280
vn 0.601036 0.429071 -0.674280
vn 0.601036 0.429071 -0.674280
vn 0.601036 0.429071 -0.674280
vn 0.089923 0.429045 -0.898796
vn 0.089923 0.429045 -0.898796
vn 0.089923 0.429045 -0.898796
vn 0.089923 0.429045 -0.898796
vn -0.455546 0.429040 -0.780002
vn -0.455546 0.429040 -0.780002
vn -0.455546 0.429040 -0.780002
vn -0.455546 0.429040 -0.780002
vn -0.827012 0.429039 -0.363285
vn -0.827012 0.429039 -0.363285
vn -0.827012 0.429039 -0.363285
vn -0.827012 0.429039 -0.363285
vn -0.882593 0.429055 0.192202
vn -0.882593 0.429055 0.192202
vn -0.882593 0.429055 0.192202
vn -0.882593 0.429055 0.192202
vn -0.244897 0.929817 0.274711
vn -0.244897 0.929817 0.274711
vn -0.244897 0.929817 0.274711
vn -0.244897 0.929817 0.274711
vn -0.036640 0.929808 0.366217
vn -0.036640 0.929808 0.366217
vn -0.036640 0.929808 0.366217
vn -0.036640 0.929808 0.366217
vn 0.185603 0.929814 0.317801
vn 0.185603 0.929814 0.317801
vn 0.185603 0.929814 0.317801
vn 0.185603 0.929814 0.317801
vn 0.336972 0.929806 0.148027
vn 0.336972 0.929806 0.148027
vn 0.336972 0.929806 0.148027
vn 0.336972 0.929806 0.148027
vn 0.359612 0.929809 -0.078317
vn 0.359612 0.929809 -0.078317
vn 0.359613 0.929809 -0.078317
vn 0.359613 0.929809 -0.078317
vn 0.244886 0.929815 -0.274729
vn 0.244886 0.929815 -0.274729
vn 0.244886 0.929815 -0.274729
vn 0.244886 0.929815 -0.274729
vn 0.036652 0.929812 -0.366204
vn 0.036652 0.929812 -0.366204
vn 0.036652 0.929812 -0.366204
vn 0.036652 0.929812 -0.366204
vn -0.185599 0.929823 -0.317776
vn -0.185599 0.929823 -0.317776
vn -0.185599 0.929823 -0.317776
vn -0.185599 0.929823 -0.317777
vn -0.336955 0.929813 -0.148015
vn -0.336955 0.929813 -0.148015
vn -0.336955 0.929813 -0.148015
vn -0.336955 0.929813 -0.148015
vn -0.359619 0.929807 0.078321
vn -0.359619 0.929807 0.078321
vn -0.359619 0.929806 0.078321
vn -0.359619 0.929807 0.078321
vn 0.640425 -0.012783 -0.767915
vn 0.640425 -0.012783 -0.767915
vn 0.975985 -0.015891 -0.217259
vn 0.975985 -0.015891 -0.217259
vn 0.914419 -0.004095 0.404749
vn 0.914419 -0.004095 0.404749
vn 0.552406 0.029963 0.833036
vn 0.552406 0.029963 0.833036
vn 0.633205 0.022144 0.773667
vn 0.937247 -0.163981 0.307700
vn 0.937247 -0.163981 0.307700
vn 0.978446 -0.172549 -0.113445
vn 0.978446 -0.172549 -0.113445
vn 0.602920 -0.007195 -0.797770
vn 0.210592 -0.368872 -0.905309
vn 0.294502 -0.370769 -0.880795
vn 0.227997 -0.948948 -0.217979
vn 0.203221 -0.952394 -0.227261
vn 0.359746 -0.918376 -0.164829
vn 0.359746 -0.918376 -0.164829
vn 0.216243 -0.955317 0.201517
vn 0.228840 -0.952313 0.201820
vn 0.433910 -0.878065 0.201803
vn 0.433910 -0.878065 0.201803
vn -0.018607 -0.470211 0.882358
vn 0.136726 -0.488611 0.861722
vn -0.663731 -0.071088 0.744586
vn -0.663731 -0.071088 0.744586
vn -0.664887 -0.039717 0.745887
vn -0.664887 -0.039717 0.745887
vn -0.099314 -0.071086 0.992514
vn -0.099314 -0.071086 0.992514
vn -0.099492 -0.039717 0.994245
vn -0.099492 -0.039717 0.994245
vn 0.503043 -0.071087 0.861333
vn 0.503043 -0.071087 0.861333
vn 0.503920 -0.039718 0.862837
vn 0.503920 -0.039718 0.862837
vn 0.913246 -0.071088 0.401159
vn 0.913246 -0.071088 0.401159
vn 0.914840 -0.039718 0.401858
vn 0.914840 -0.039718 0.401858
vn 0.974624 -0.071088 -0.212259
vn 0.974624 -0.071088 -0.212259
vn 0.976326 -0.039718 -0.212628
vn 0.976326 -0.039718 -0.212628
vn 0.663736 -0.071086 -0.744581
vn 0.663736 -0.071086 -0.744581
vn 0.664892 -0.039718 -0.745883
vn 0.664892 -0.039718 -0.745883
vn 0.099315 -0.071084 -0.992514
vn 0.099315 -0.071084 -0.992514
vn 0.099488 -0.039716 -0.994246
vn 0.099488 -0.039716 -0.994246
vn -0.503031 -0.071088 -0.861340
vn -0.503031 -0.071088 -0.861340
vn -0.503905 -0.039717 -0.862845
vn -0.503905 -0.039717 -0.862845
vn -0.913251 -0.071087 -0.401147
vn -0.913251 -0.071087 -0.401147
vn -0.914845 -0.039718 -0.401848
vn -0.914845 -0.039718 -0.401848
vn -0.974627 -0.071093 0.212243
vn -0.974627 -0.071093 0.212243
vn -0.976328 -0.039719 0.212616
vn -0.976328 -0.039719 0.212616
vn -0.665268 0.020893 0.746312
vn -0.665268 0.020893 0.746312
vn -0.099552 0.020892 0.994813
vn -0.099552 0.020892 0.994813
vn 0.504210 0.020892 0.863328
vn 0.504210 0.020892 0.863328
vn 0.915362 0.020896 0.402089
vn 0.915362 0.020896 0.402089
vn 0.976884 0.020891 -0.212747
vn 0.976884 0.020891 -0.212747
vn 0.665274 0.020892 -0.746307
vn 0.665274 0.020892 -0.746307
vn 0.099544 0.020891 -0.994814
vn 0.099544 0.020891 -0.994814
vn -0.504192 0.020892 -0.863339
vn -0.504192 0.020892 -0.863339
vn -0.915367 0.020892 -0.402079
vn -0.915367 0.020892 -0.402079
vn -0.976885 0.020894 0.212742
vn -0.976885 0.020894 0.212742
vn -0.664118 0.062470 0.745014
vn -0.664118 0.062470 0.745014
vn -0.099378 0.062470 0.993087
vn -0.099378 0.062470 0.993087
vn 0.503339 0.062472 0.861828
vn 0.503339 0.062472 0.861828
vn 0.913772 0.062478 0.401394
vn 0.913772 0.062478 0.401394
vn 0.975190 0.062466 -0.212375
vn 0.975190 0.062466 -0.212375
vn 0.664124 0.062472 -0.745008
vn 0.664124 0.062472 -0.745008
vn 0.099369 0.062467 -0.993088
vn 0.099369 0.062467 -0.993088
vn -0.503320 0.062468 -0.861839
vn -0.503320 0.062468 -0.861839
vn -0.913778 0.062470 -0.401382
vn -0.913778 0.062470 -0.401383
vn -0.975189 0.062473 0.212377
vn -0.975189 0.062473 0.212377
vn 0.000000 -1.000000 -0.000000
vn 0.000000 -1.000000 0.000000
vn 0.000000 -1.000000 -0.000000
vn 0.000000 -1.000000 -0.000000
vn 0.000000 -1.000000 0.000000
vn 0.000000 -1.000000 0.000000
vn 0.000000 -1.000000 0.000000
vn 0.000000 -1.000000 0.000000
vn 0.000000 -1.000000 0.000000
vn 0.000000 -1.000000 0.000000
vn 0.000000 -1.000000 0.000000
vn 0.000000 1.000000 0.000000
vn 0.000000 1.000000 0.000000
vn 0.000000 1.000000 0.000001
vn 0.000000 1.000000 0.000000
vn 0.000000 1.000000 -0.000003
vn 0.000000 1.000000 -0.000003
vn 0.000000 1.000000 0.000006
vn 0.000000 1.000000 0.000006
vn 0.000000 1.000000 0.000000
vn 0.000000 1.000000 0.000003
vn 0.000000 1.000000 0.000003
vn -0.607405 0.408348 0.681404
vn -0.607405 0.408348 0.681404
vn -0.607405 0.408348 0.681404
vn -0.607405 0.408348 0.681404
vn -0.090896 0.408355 0.908287
vn -0.090896 0.408355 0.908287
vn -0.090896 0.408355 0.908287
vn -0.090896 0.408355 0.908287
vn 0.460359 0.408350 0.788238
vn 0.460359 0.408350 0.788238
vn 0.460359 0.408350 0.788238
vn 0.460359 0.408350 0.788238
vn 0.835753 0.408342 0.367116
vn 0.835753 0.408342 0.367116
vn 0.835753 0.408342 0.367116
vn 0.835753 0.408342 0.367116
vn 0.891921 0.408356 -0.194222
vn 0.891921 0.408356 -0.194222
vn 0.891921 0.408356 -0.194222
vn 0.891921 0.408356 -0.194222
vn 0.607409 0.408345 -0.681402
vn 0.607409 0.408345 -0.681402
vn 0.607409 0.408345 -0.681402
vn 0.607409 0.408345 -0.681402
vn 0.090894 0.408350 -0.908289
vn 0.090894 0.408350 -0.908289
vn 0.090894 0.408350 -0.908289
vn 0.090894 0.408350 -0.908289
vn -0.460359 0.408350 -0.788238
vn -0.460359 0.408350 -0.788238
vn -0.460359 0.408350 -0.788238
vn -0.460359 0.408350 -0.788238
vn -0.835748 0.408352 -0.367116
vn -0.835748 0.408352 -0.367116
vn -0.835748 0.408352 -0.367116
vn -0.835748 0.408352 -0.367116
vn -0.891919 0.408351 0.194239
vn -0.891920 0.408351 0.194239
vn -0.891919 0.408351 0.194239
vn -0.891919 0.408351 0.194239
vn -0.257809 0.921896 0.289210
vn -0.257809 0.921896 0.289210
vn -0.257809 0.921896 0.289210
vn -0.257809 0.921896 0.289210
vn -0.038577 0.921902 0.385498
vn -0.038577 0.921902 0.385498
vn -0.038577 0.921902 0.385498
vn -0.038577 0.921902 0.385498
vn 0.195378 0.921901 0.334554
vn 0.195378 0.921901 0.334554
vn 0.195378 0.921901 0.334554
vn 0.195378 0.921901 0.334554
vn 0.354749 0.921886 0.155821
vn 0.354749 0.921886 0.155821
vn 0.354749 0.921886 0.155821
vn 0.354749 0.921886 0.155821
vn 0.378557 0.921900 -0.082436
vn 0.378557 0.921899 -0.082436
vn 0.378557 0.921899 -0.082436
vn 0.378557 0.921900 -0.082436
vn 0.257785 0.921909 -0.289188
vn 0.257785 0.921909 -0.289188
vn 0.257785 0.921909 -0.289188
vn 0.257785 0.921909 -0.289188
vn 0.038572 0.921884 -0.385542
vn 0.038572 0.921884 -0.385542
vn 0.038572 0.921884 -0.385542
vn 0.038572 0.921884 -0.385542
vn -0.195378 0.921903 -0.334549
vn -0.195378 0.921903 -0.334549
vn -0.195378 0.921903 -0.334549
vn -0.195378 0.921903 -0.334549
vn -0.354717 0.921899 -0.155816
vn -0.354717 0.921899 -0.155816
vn -0.354717 0.921899 -0.155816
vn -0.354717 0.921899 -0.155816
vn -0.378551 0.921902 0.082444
vn -0.378551 0.921902 0.082444
vn -0.378551 0.921902 0.082444
vn -0.378551 0.921902 0.082444
s off
g pCylinder25
usemtl lambert8SG
f 3958/5016/10974 3959/5017/10975 3969/5028/10976 3968/5027/10977
f 3959/5017/10978 3960/5018/10979 3970/5029/10980 3969/5028/10981
s 1
f 3960/5018/10982 3961/5019/10983 4017/5099/10984 3970/5029/10985
s 2
f 3961/5019/10986 3962/5020/10987 4016/5098/10988 4017/5099/10989
s 3
f 3962/5020/10990 3963/5021/10991 4015/5097/10992 4016/5098/10993
s 4
f 3963/5021/10994 3964/5022/10995 3974/5033/10996 4015/5097/10997
s off
f 3964/5022/10998 3965/5023/10999 3975/5034/11000 3974/5033/11001
f 3965/5023/11002 3966/5024/11003 3976/5035/11004 3975/5034/11005
f 3966/5024/11006 3967/5025/11007 3977/5036/11008 3976/5035/11009
f 3967/5025/11010 3958/5026/11011 3968/5037/11012 3977/5036/11013
f 3968/5038/11014 3969/5039/11015 3979/5040/11016 3978/5041/11017
f 3969/5039/11018 3970/5042/11019 3980/5043/11020 3979/5040/11021
s 5
f 3970/5042/11022 4012/5094/11023 4011/5093/11024
s 6
f 4012/5094/11025 4013/5095/11026 4010/5092/11027 4011/5093/11028
s 7
f 4013/5095/11029 4014/5096/11030 4009/5091/11031 4010/5092/11032
s 8
f 4014/5096/11033 3974/5050/11034 4009/5091/11035
s off
f 3974/5050/11036 3975/5052/11037 3985/5053/11038 3984/5051/11039
f 3975/5052/11040 3976/5054/11041 3986/5055/11042 3985/5053/11043
f 3976/5054/11044 3977/5056/11045 3987/5057/11046 3986/5055/11047
f 3977/5056/11048 3968/5058/11049 3978/5059/11050 3987/5057/11051
s 9
f 3998/5060/11052 3999/5061/11053 4000/5062/11054
f 3999/5061/11053 4001/5063/11055 4000/5062/11054
f 4001/5063/11055 4002/5064/11056 4000/5062/11054
f 4002/5064/11056 4003/5065/11057 4000/5062/11054
f 4003/5065/11057 4004/5066/11058 4000/5062/11054
f 4004/5066/11058 4005/5067/11059 4000/5062/11054
f 4005/5067/11059 4006/5068/11060 4000/5062/11054
f 4006/5068/11060 4007/5069/11061 4000/5062/11054
f 4007/5069/11061 4008/5070/11062 4000/5062/11054
f 4008/5070/11062 3998/5060/11052 4000/5062/11054
s off
f 3978/5071/11063 3979/5072/11064 3989/5073/11065 3988/5074/11066
f 3979/5072/11067 3980/5075/11068 3990/5076/11069 3989/5073/11070
f 3980/5075/11071 3981/5077/11072 3991/5078/11073 3990/5076/11074
f 3981/5077/11075 3982/5079/11076 3992/5080/11077 3991/5078/11078
f 3982/5079/11079 3983/5081/11080 3993/5082/11081 3992/5080/11082
f 3983/5081/11083 3984/5083/11084 3994/5084/11085 3993/5082/11086
f 3984/5083/11087 3985/5085/11088 3995/5086/11089 3994/5084/11090
f 3985/5085/11091 3986/5087/11092 3996/5088/11093 3995/5086/11094
f 3986/5087/11095 3987/5089/11096 3997/5090/11097 3996/5088/11098
f 3987/5089/11099 3978/5071/11100 3988/5074/11101 3997/5090/11102
f 3988/5074/11103 3989/5073/11104 3999/5061/11105 3998/5060/11106
f 3989/5073/11107 3990/5076/11108 4001/5063/11109 3999/5061/11110
f 3990/5076/11111 3991/5078/11112 4002/5064/11113 4001/5063/11114
f 3991/5078/11115 3992/5080/11116 4003/5065/11117 4002/5064/11118
f 3992/5080/11119 3993/5082/11120 4004/5066/11121 4003/5065/11122
f 3993/5082/11123 3994/5084/11124 4005/5067/11125 4004/5066/11126
f 3994/5084/11127 3995/5086/11128 4006/5068/11129 4005/5067/11130
f 3995/5086/11131 3996/5088/11132 4007/5069/11133 4006/5068/11134
f 3996/5088/11135 3997/5090/11136 4008/5070/11137 4007/5069/11138
f 3997/5090/11139 3988/5074/11140 3998/5060/11141 4008/5070/11142
s 8
f 4009/5091/11035 3974/5050/11034 3984/5051/11143 3983/5049/11144
s 7
f 4010/5092/11032 4009/5091/11031 3983/5049/11145 3982/5047/11146
s 6
f 4011/5093/11028 4010/5092/11027 3982/5047/11147 3981/5045/11148
s 5
f 3970/5042/11022 4011/5093/11024 3981/5045/11149 3980/5043/11150
f 3970/5042/11022 3971/5044/11151 4012/5094/11023
s 6
f 3971/5044/11152 3972/5046/11153 4013/5095/11026 4012/5094/11025
s 7
f 3972/5046/11154 3973/5048/11155 4014/5096/11030 4013/5095/11029
s 8
f 3973/5048/11156 3974/5050/11034 4014/5096/11033
s 4
f 4020/5102/11157 3974/5033/10996 3973/5032/11158
s 3
f 4019/5101/11159 4020/5102/11160 3973/5032/11161 3972/5031/11162
s 2
f 4018/5100/11163 4019/5101/11164 3972/5031/11165 3971/5030/11166
s 1
f 3970/5029/10985 4018/5100/11167 3971/5030/11168
f 3970/5029/10985 4017/5099/10984 4018/5100/11167
s 2
f 4017/5099/10989 4016/5098/10988 4019/5101/11164 4018/5100/11163
s 3
f 4016/5098/10993 4015/5097/10992 4020/5102/11160 4019/5101/11159
s 4
f 4015/5097/10997 3974/5033/10996 4020/5102/11157
s 10
f 4021/5103/11169 4022/5104/11170 4032/5105/11171 4031/5106/11172
s 11
f 4022/5104/11173 4023/5107/11174 4033/5108/11175 4032/5105/11176
s 12
f 4023/5107/11177 4024/5109/11178 4034/5110/11179 4033/5108/11180
s 13
f 4024/5109/11181 4025/5111/11182 4035/5112/11183 4034/5110/11184
s 14
f 4025/5111/11185 4026/5113/11186 4036/5114/11187 4035/5112/11188
s 15
f 4026/5113/11189 4027/5115/11190 4037/5116/11191 4036/5114/11192
s 16
f 4027/5115/11193 4028/5117/11194 4038/5118/11195 4037/5116/11196
s 17
f 4028/5117/11197 4029/5119/11198 4039/5120/11199 4038/5118/11200
s 18
f 4029/5119/11201 4030/5121/11202 4040/5122/11203 4039/5120/11204
s 19
f 4030/5121/11205 4021/5123/11206 4031/5124/11207 4040/5122/11208
s 10
f 4031/5106/11172 4032/5105/11171 4042/5125/11209 4041/5126/11210
s 11
f 4032/5105/11176 4033/5108/11175 4043/5127/11211 4042/5125/11212
s 12
f 4033/5108/11180 4034/5110/11179 4044/5128/11213 4043/5127/11214
s 13
f 4034/5110/11184 4035/5112/11183 4045/5129/11215 4044/5128/11216
s 14
f 4035/5112/11188 4036/5114/11187 4046/5130/11217 4045/5129/11218
s 15
f 4036/5114/11192 4037/5116/11191 4047/5131/11219 4046/5130/11220
s 16
f 4037/5116/11196 4038/5118/11195 4048/5132/11221 4047/5131/11222
s 17
f 4038/5118/11200 4039/5120/11199 4049/5133/11223 4048/5132/11224
s 18
f 4039/5120/11204 4040/5122/11203 4050/5134/11225 4049/5133/11226
s 19
f 4040/5122/11208 4031/5124/11207 4041/5135/11227 4050/5134/11228
s 10
f 4041/5126/11210 4042/5125/11209 4052/5136/11229 4051/5137/11230
s 11
f 4042/5125/11212 4043/5127/11211 4053/5138/11231 4052/5136/11232
s 12
f 4043/5127/11214 4044/5128/11213 4054/5139/11233 4053/5138/11234
s 13
f 4044/5128/11216 4045/5129/11215 4055/5140/11235 4054/5139/11236
s 14
f 4045/5129/11218 4046/5130/11217 4056/5141/11237 4055/5140/11238
s 15
f 4046/5130/11220 4047/5131/11219 4057/5142/11239 4056/5141/11240
s 16
f 4047/5131/11222 4048/5132/11221 4058/5143/11241 4057/5142/11242
s 17
f 4048/5132/11224 4049/5133/11223 4059/5144/11243 4058/5143/11244
s 18
f 4049/5133/11226 4050/5134/11225 4060/5145/11245 4059/5144/11246
s 19
f 4050/5134/11228 4041/5135/11227 4051/5146/11247 4060/5145/11248
s 20
f 4022/5147/11249 4021/5148/11250 4061/5149/11251
f 4023/5150/11252 4022/5147/11249 4061/5149/11251
f 4024/5151/11253 4023/5150/11252 4061/5149/11251
f 4025/5152/11254 4024/5151/11253 4061/5149/11251
f 4026/5153/11255 4025/5152/11254 4061/5149/11251
f 4027/5154/11256 4026/5153/11255 4061/5149/11251
f 4028/5155/11257 4027/5154/11256 4061/5149/11251
f 4029/5156/11258 4028/5155/11257 4061/5149/11251
f 4030/5157/11259 4029/5156/11258 4061/5149/11251
f 4021/5148/11250 4030/5157/11259 4061/5149/11251
s 21
f 4072/5158/11260 4073/5159/11261 4074/5160/11262
f 4073/5159/11261 4075/5161/11263 4074/5160/11262
f 4075/5161/11263 4076/5162/11264 4074/5160/11262
f 4076/5162/11264 4077/5163/11265 4074/5160/11262
f 4077/5163/11265 4078/5164/11266 4074/5160/11262
f 4078/5164/11266 4079/5165/11267 4074/5160/11262
f 4079/5165/11267 4080/5166/11268 4074/5160/11262
f 4080/5166/11268 4081/5167/11269 4074/5160/11262
f 4081/5167/11269 4082/5168/11270 4074/5160/11262
f 4082/5168/11270 4072/5158/11260 4074/5160/11262
s off
f 4051/5169/11271 4052/5170/11272 4063/5171/11273 4062/5172/11274
f 4052/5170/11275 4053/5173/11276 4064/5174/11277 4063/5171/11278
f 4053/5173/11279 4054/5175/11280 4065/5176/11281 4064/5174/11282
f 4054/5175/11283 4055/5177/11284 4066/5178/11285 4065/5176/11286
f 4055/5177/11287 4056/5179/11288 4067/5180/11289 4066/5178/11290
f 4056/5179/11291 4057/5181/11292 4068/5182/11293 4067/5180/11294
f 4057/5181/11295 4058/5183/11296 4069/5184/11297 4068/5182/11298
f 4058/5183/11299 4059/5185/11300 4070/5186/11301 4069/5184/11302
f 4059/5185/11303 4060/5187/11304 4071/5188/11305 4070/5186/11306
f 4060/5187/11307 4051/5169/11308 4062/5172/11309 4071/5188/11310
f 4062/5172/11311 4063/5171/11312 4073/5159/11313 4072/5158/11314
f 4063/5171/11315 4064/5174/11316 4075/5161/11317 4073/5159/11318
f 4064/5174/11319 4065/5176/11320 4076/5162/11321 4075/5161/11322
f 4065/5176/11323 4066/5178/11324 4077/5163/11325 4076/5162/11326
f 4066/5178/11327 4067/5180/11328 4078/5164/11329 4077/5163/11330
f 4067/5180/11331 4068/5182/11332 4079/5165/11333 4078/5164/11334
f 4068/5182/11335 4069/5184/11336 4080/5166/11337 4079/5165/11338
f 4069/5184/11339 4070/5186/11340 4081/5167/11341 4080/5166/11342
f 4070/5186/11343 4071/5188/11344 4082/5168/11345 4081/5167/11346
f 4071/5188/11347 4062/5172/11348 4072/5158/11349 4082/5168/11350
g default
v 754.637085 -4.124345 1313.430664
v 754.112549 -4.124345 1311.882812
v 752.778381 -4.124345 1310.938965
v 751.144226 -4.124345 1310.959473
v 749.834290 -4.124345 1311.936646
v 749.348877 -4.124345 1313.497192
v 749.873413 -4.124345 1315.045044
v 751.207520 -4.124345 1315.988892
v 752.841675 -4.124345 1315.968262
v 754.151672 -4.124345 1314.991089
v 755.446167 6.673945 1313.420410
v 754.761108 6.673945 1311.399048
v 753.018738 6.673945 1310.166260
v 750.884521 6.673945 1310.193115
v 749.173706 6.673945 1311.469360
v 748.539734 6.673945 1313.507324
v 749.224792 6.673945 1315.528809
v 750.967224 6.673945 1316.761475
v 753.101440 6.673945 1316.734741
v 754.812195 6.673945 1315.458496
v 755.593506 17.472237 1313.418579
v 754.879211 17.472237 1311.310913
v 753.062500 17.472237 1310.025635
v 750.837219 17.472237 1310.053589
v 749.053406 17.472237 1311.384277
v 748.392395 17.472237 1313.509277
v 749.106689 17.472237 1315.616943
v 750.923462 17.472237 1316.902222
v 753.148682 17.472237 1316.874268
v 754.932495 17.472237 1315.543579
v 754.967773 26.980648 1313.426514
v 754.377625 26.980648 1311.685059
v 752.876648 26.980648 1310.623169
v 751.038086 26.980648 1310.646240
v 749.564331 26.980648 1311.745728
v 749.018188 26.980648 1313.501343
v 749.608337 26.980648 1315.242798
v 751.109314 26.980648 1316.304688
v 752.947876 26.980648 1316.281494
v 754.421631 26.980648 1315.182129
v 751.992981 -4.124345 1313.463867
v 754.016663 29.002804 1313.438477
v 753.615234 29.002804 1312.253784
v 752.594116 29.002804 1311.531372
v 751.343384 29.002804 1311.547119
v 750.340759 29.002804 1312.295044
v 749.969238 29.002804 1313.489380
v 750.370728 29.002804 1314.674072
v 751.391846 29.002804 1315.396484
v 752.642578 29.002804 1315.380737
v 753.645142 29.002804 1314.632812
v 752.862793 29.464031 1313.453003
v 752.690247 29.464031 1312.943726
v 751.992981 29.464031 1313.463867
v 752.251343 29.464031 1312.633301
v 751.713745 29.464031 1312.640015
v 751.282837 29.464031 1312.961426
v 751.123108 29.464031 1313.474854
v 751.295654 29.464031 1313.984009
v 751.734558 29.464031 1314.294556
v 752.272156 29.464031 1314.287842
v 752.703125 29.464031 1313.966309
v 752.509399 17.853432 1311.876465
v 753.027527 16.626392 1311.150879
v 753.031555 15.109693 1311.153809
v 752.519836 13.882655 1311.883789
v 751.687988 13.413966 1313.062256
v 750.853638 13.882655 1314.239014
v 750.335571 15.109693 1314.964355
v 750.331543 16.626392 1314.961670
v 750.843140 17.853432 1314.231567
v 751.675049 18.322117 1313.053101
v 745.237427 17.572727 1306.731567
v 744.742188 16.499432 1305.289185
v 743.280945 15.139541 1304.681763
v 742.506226 14.457324 1304.799316
v 741.562622 14.317620 1305.898682
v 740.840027 14.415074 1307.154541
v 741.225464 15.216157 1308.061768
v 742.570801 16.420963 1309.470947
v 743.571167 17.572727 1309.086670
v 744.589722 17.982685 1308.040283
v 744.849060 24.088497 1306.965210
v 744.438599 24.088497 1305.754150
v 743.394836 24.088497 1305.015625
v 742.116272 24.088497 1305.031738
v 741.091370 24.088497 1305.796265
v 740.711548 24.088497 1307.017212
v 741.121948 24.088497 1308.228271
v 742.165771 24.088497 1308.966797
v 743.444336 24.088497 1308.950684
v 744.469238 24.088497 1308.186035
v 744.187622 25.412930 1306.973511
v 743.908447 25.412930 1306.149658
v 743.198364 25.412930 1305.647217
v 742.328613 25.412930 1305.658203
v 741.631348 25.412930 1306.178345
v 741.372986 25.412930 1307.008911
v 741.652161 25.412930 1307.832764
v 742.362305 25.412930 1308.335205
v 743.232056 25.412930 1308.324219
v 743.929260 25.412930 1307.804077
v 743.385193 25.715012 1306.983643
v 743.265259 25.715012 1306.629517
v 742.780273 25.715012 1306.991211
v 742.959961 25.715012 1306.413574
v 742.586121 25.715012 1306.418213
v 742.286438 25.715012 1306.641846
v 742.175415 25.715012 1306.998779
v 742.295410 25.715012 1307.352905
v 742.600647 25.715012 1307.568848
v 742.974487 25.715012 1307.564209
v 743.274170 25.715012 1307.340576
v 740.813232 16.341335 1307.125854
v 741.234131 16.435680 1305.724976
v 742.416260 16.404633 1304.853027
v 742.452759 15.469850 1304.831177
v 741.252563 15.449033 1305.715820
v 740.825134 15.434340 1307.138550
v 742.157776 14.241317 1308.295166
v 743.067383 13.761981 1306.963257
v 744.043518 14.066188 1305.886963
v 743.175537 14.084983 1305.272827
v 742.229431 13.847762 1306.370483
v 741.510620 14.268785 1307.813232
v 750.887207 14.580947 1314.169067
v 750.536499 13.353909 1314.988770
v 750.531982 11.837209 1314.986816
v 750.875366 10.610171 1314.164062
v 751.435547 10.141482 1312.834839
v 751.998535 10.610171 1311.506836
v 752.349243 11.837209 1310.687134
v 752.353760 13.353909 1310.688965
v 752.010376 14.580947 1311.511719
v 751.450195 15.049634 1312.841064
v 759.092346 14.300242 1317.636963
v 759.885010 13.226949 1318.939941
v 761.442444 11.867057 1319.220215
v 762.173950 11.184840 1318.939453
v 762.860229 11.045136 1317.663574
v 763.297119 11.142591 1316.282227
v 762.726318 11.943673 1315.478516
v 761.110352 13.148480 1314.390137
v 760.215515 14.300242 1314.979736
v 759.444702 14.710202 1316.219971
v 759.421631 20.816013 1317.325684
v 760.081909 20.816013 1318.420654
v 761.259644 20.816013 1318.918457
v 762.505127 20.816013 1318.628906
v 763.342468 20.816013 1317.662598
v 763.451965 20.816013 1316.388672
v 762.791687 20.816013 1315.293701
v 761.613953 20.816013 1314.795898
v 760.368530 20.816013 1315.085449
v 759.531128 20.816013 1316.051758
v 760.065918 22.140446 1317.175903
v 760.515076 22.140446 1317.920898
v 761.316345 22.140446 1318.259521
v 762.163574 22.140446 1318.062500
v 762.733215 22.140446 1317.405151
v 762.807739 22.140446 1316.538452
v 762.358521 22.140446 1315.793579
v 761.557312 22.140446 1315.454956
v 760.710083 22.140446 1315.651855
v 760.140381 22.140446 1316.309326
v 760.847595 22.442528 1316.994141
v 761.040649 22.442528 1317.314453
v 761.436829 22.442528 1316.857178
v 761.385010 22.442528 1317.459961
v 761.749207 22.442528 1317.375244
v 761.994019 22.442528 1317.092773
v 762.026123 22.442528 1316.720215
v 761.833008 22.442528 1316.400024
v 761.488647 22.442528 1316.254395
v 761.124512 22.442528 1316.339111
v 760.879578 22.442528 1316.621704
v 763.329407 13.068852 1316.304443
v 763.218262 13.163196 1317.762939
v 762.250427 13.132150 1318.867920
v 762.219421 12.197366 1318.896973
v 763.202271 12.176549 1317.775879
v 763.315063 12.161857 1316.294434
v 761.765625 10.968833 1315.450195
v 761.162415 10.489497 1316.945923
v 760.439453 10.793704 1318.206421
v 761.418823 10.812499 1318.620361
v 762.107910 10.575278 1317.345459
v 762.500977 10.996301 1315.782227
vt 0.626409 0.064409
vt 0.548284 0.007647
vt 0.451716 0.007647
vt 0.373591 0.064409
vt 0.343750 0.156250
vt 0.373591 0.248091
vt 0.451716 0.304853
vt 0.548284 0.304853
vt 0.626409 0.248091
vt 0.656250 0.156250
vt 0.375000 0.312500
vt 0.400000 0.312500
vt 0.425000 0.312500
vt 0.450000 0.312500
vt 0.475000 0.312500
vt 0.500000 0.312500
vt 0.525000 0.312500
vt 0.550000 0.312500
vt 0.575000 0.312500
vt 0.600000 0.312500
vt 0.625000 0.312500
vt 0.375000 0.437500
vt 0.400000 0.437500
vt 0.425000 0.437500
vt 0.450000 0.437500
vt 0.475000 0.437500
vt 0.500000 0.437500
vt 0.525000 0.437500
vt 0.550000 0.437500
vt 0.575000 0.437500
vt 0.600000 0.437500
vt 0.625000 0.437500
vt 0.375000 0.562500
vt 0.400000 0.562500
vt 0.425000 0.562500
vt 0.450000 0.562500
vt 0.475000 0.562500
vt 0.500000 0.562500
vt 0.525000 0.562500
vt 0.550000 0.562500
vt 0.575000 0.562500
vt 0.600000 0.562500
vt 0.625000 0.562500
vt 0.375000 0.687500
vt 0.400000 0.687500
vt 0.425000 0.687500
vt 0.450000 0.687500
vt 0.475000 0.687500
vt 0.500000 0.687500
vt 0.525000 0.687500
vt 0.550000 0.687500
vt 0.575000 0.687500
vt 0.600000 0.687500
vt 0.625000 0.687500
vt 0.626409 0.751909
vt 0.548284 0.695147
vt 0.451716 0.695147
vt 0.373591 0.751909
vt 0.343750 0.843750
vt 0.373591 0.935591
vt 0.451716 0.992353
vt 0.548284 0.992353
vt 0.626409 0.935591
vt 0.656250 0.843750
vt 0.500000 0.156250
vt 0.500000 0.843750
vt 0.626409 0.935591
vt 0.548284 0.992353
vt 0.451716 0.992353
vt 0.373591 0.935591
vt 0.343750 0.843750
vt 0.373591 0.751909
vt 0.451716 0.695147
vt 0.548284 0.695147
vt 0.626409 0.751909
vt 0.656250 0.843750
vt 0.626409 0.935591
vt 0.548284 0.992353
vt 0.451716 0.992353
vt 0.373591 0.935591
vt 0.343750 0.843750
vt 0.373591 0.751909
vt 0.451716 0.695147
vt 0.548284 0.695147
vt 0.626409 0.751909
vt 0.656250 0.843750
vt 0.375000 0.312500
vt 0.400000 0.312500
vt 0.400000 0.687500
vt 0.375000 0.687500
vt 0.425000 0.312500
vt 0.425000 0.687500
vt 0.450000 0.312500
vt 0.450000 0.629930
vt 0.475000 0.312500
vt 0.475000 0.623183
vt 0.500000 0.312500
vt 0.500000 0.634472
vt 0.525000 0.312500
vt 0.525000 0.687500
vt 0.550000 0.312500
vt 0.550000 0.687500
vt 0.575000 0.312500
vt 0.575000 0.687500
vt 0.600000 0.312500
vt 0.600000 0.687500
vt 0.625000 0.312500
vt 0.625000 0.687500
vt 0.375000 0.562500
vt 0.400000 0.562500
vt 0.400000 0.687500
vt 0.375000 0.687500
vt 0.425000 0.562500
vt 0.425000 0.687500
vt 0.450000 0.575218
vt 0.450000 0.591346
vt 0.475000 0.577631
vt 0.475000 0.594214
vt 0.500000 0.572594
vt 0.500000 0.588564
vt 0.525000 0.562500
vt 0.550000 0.562500
vt 0.550000 0.687500
vt 0.525000 0.687500
vt 0.575000 0.562500
vt 0.575000 0.687500
vt 0.600000 0.562500
vt 0.600000 0.687500
vt 0.625000 0.562500
vt 0.625000 0.687500
vt 0.626409 0.935591
vt 0.548284 0.992353
vt 0.500000 0.843750
vt 0.451716 0.992353
vt 0.373591 0.935591
vt 0.343750 0.843750
vt 0.373591 0.751909
vt 0.451716 0.695147
vt 0.548284 0.695147
vt 0.626409 0.751909
vt 0.656250 0.843750
vt 0.626409 0.935591
vt 0.548284 0.992353
vt 0.548284 0.992353
vt 0.626409 0.935591
vt 0.451716 0.992353
vt 0.451716 0.992353
vt 0.373591 0.935591
vt 0.373591 0.935591
vt 0.343750 0.843750
vt 0.343750 0.843750
vt 0.373591 0.751909
vt 0.373591 0.751909
vt 0.451716 0.695147
vt 0.451716 0.695147
vt 0.548284 0.695147
vt 0.548284 0.695147
vt 0.626409 0.751909
vt 0.626409 0.751909
vt 0.656250 0.843750
vt 0.656250 0.843750
vt 0.500000 0.687500
vt 0.475000 0.687500
vt 0.450000 0.687500
vt 0.450000 0.562500
vt 0.475000 0.562500
vt 0.500000 0.562500
vt 0.500000 0.659131
vt 0.500000 0.687500
vt 0.475000 0.653382
vt 0.475000 0.687500
vt 0.450000 0.662436
vt 0.450000 0.687500
vt 0.375000 0.312500
vt 0.400000 0.312500
vt 0.400000 0.687500
vt 0.375000 0.687500
vt 0.425000 0.312500
vt 0.425000 0.687500
vt 0.450000 0.312500
vt 0.450000 0.629930
vt 0.475000 0.312500
vt 0.475000 0.623183
vt 0.500000 0.312500
vt 0.500000 0.634472
vt 0.525000 0.312500
vt 0.525000 0.687500
vt 0.550000 0.312500
vt 0.550000 0.687500
vt 0.575000 0.312500
vt 0.575000 0.687500
vt 0.600000 0.312500
vt 0.600000 0.687500
vt 0.625000 0.312500
vt 0.625000 0.687500
vt 0.375000 0.562500
vt 0.400000 0.562500
vt 0.400000 0.687500
vt 0.375000 0.687500
vt 0.425000 0.562500
vt 0.425000 0.687500
vt 0.450000 0.575218
vt 0.450000 0.591346
vt 0.475000 0.577631
vt 0.475000 0.594214
vt 0.500000 0.572594
vt 0.500000 0.588564
vt 0.525000 0.562500
vt 0.550000 0.562500
vt 0.550000 0.687500
vt 0.525000 0.687500
vt 0.575000 0.562500
vt 0.575000 0.687500
vt 0.600000 0.562500
vt 0.600000 0.687500
vt 0.625000 0.562500
vt 0.625000 0.687500
vt 0.626409 0.935591
vt 0.548284 0.992353
vt 0.500000 0.843750
vt 0.451716 0.992353
vt 0.373591 0.935591
vt 0.343750 0.843750
vt 0.373591 0.751909
vt 0.451716 0.695147
vt 0.548284 0.695147
vt 0.626409 0.751909
vt 0.656250 0.843750
vt 0.626409 0.935591
vt 0.548284 0.992353
vt 0.548284 0.992353
vt 0.626409 0.935591
vt 0.451716 0.992353
vt 0.451716 0.992353
vt 0.373591 0.935591
vt 0.373591 0.935591
vt 0.343750 0.843750
vt 0.343750 0.843750
vt 0.373591 0.751909
vt 0.373591 0.751909
vt 0.451716 0.695147
vt 0.451716 0.695147
vt 0.548284 0.695147
vt 0.548284 0.695147
vt 0.626409 0.751909
vt 0.626409 0.751909
vt 0.656250 0.843750
vt 0.656250 0.843750
vt 0.500000 0.687500
vt 0.475000 0.687500
vt 0.450000 0.687500
vt 0.450000 0.562500
vt 0.475000 0.562500
vt 0.500000 0.562500
vt 0.500000 0.659131
vt 0.500000 0.687500
vt 0.475000 0.653382
vt 0.475000 0.687500
vt 0.450000 0.662436
vt 0.450000 0.687500
vn 0.944699 -0.071080 -0.320142
vn 0.944699 -0.071080 -0.320142
vn 0.946341 -0.039715 -0.320720
vn 0.946341 -0.039715 -0.320720
vn 0.576068 -0.071088 -0.814305
vn 0.576068 -0.071088 -0.814305
vn 0.577098 -0.039717 -0.815708
vn 0.577098 -0.039717 -0.815708
vn -0.012543 -0.071088 -0.997391
vn -0.012543 -0.071088 -0.997391
vn -0.012540 -0.039716 -0.999132
vn -0.012540 -0.039716 -0.999132
vn -0.596407 -0.071086 -0.799529
vn -0.596407 -0.071086 -0.799529
vn -0.597457 -0.039717 -0.800917
vn -0.597457 -0.039717 -0.800917
vn -0.952452 -0.071090 -0.296281
vn -0.952452 -0.071090 -0.296281
vn -0.954116 -0.039715 -0.296791
vn -0.954116 -0.039715 -0.296791
vn -0.944699 -0.071087 0.320142
vn -0.944699 -0.071087 0.320142
vn -0.946345 -0.039721 0.320707
vn -0.946345 -0.039721 0.320707
vn -0.576100 -0.071082 0.814283
vn -0.576100 -0.071082 0.814283
vn -0.577076 -0.039717 0.815724
vn -0.577076 -0.039717 0.815724
vn 0.012495 -0.071091 0.997392
vn 0.012495 -0.071091 0.997392
vn 0.012518 -0.039721 0.999132
vn 0.012518 -0.039721 0.999132
vn 0.596437 -0.071087 0.799506
vn 0.596437 -0.071087 0.799506
vn 0.597475 -0.039718 0.800904
vn 0.597475 -0.039718 0.800904
vn 0.952457 -0.071076 0.296267
vn 0.952457 -0.071076 0.296267
vn 0.954118 -0.039714 0.296785
vn 0.954118 -0.039714 0.296785
vn 0.946881 0.020892 -0.320906
vn 0.946881 0.020892 -0.320906
vn 0.577426 0.020891 -0.816176
vn 0.577426 0.020891 -0.816176
vn -0.012506 0.020894 -0.999704
vn -0.012506 0.020894 -0.999704
vn -0.597815 0.020891 -0.801362
vn -0.597815 0.020892 -0.801362
vn -0.954663 0.020899 -0.296955
vn -0.954663 0.020899 -0.296955
vn -0.946885 0.020894 0.320892
vn -0.946885 0.020894 0.320892
vn -0.577385 0.020891 0.816205
vn -0.577385 0.020891 0.816205
vn 0.012551 0.020894 0.999703
vn 0.012551 0.020894 0.999703
vn 0.597819 0.020892 0.801359
vn 0.597819 0.020892 0.801359
vn 0.954659 0.020890 0.296967
vn 0.954659 0.020891 0.296967
vn 0.945244 0.062462 -0.320332
vn 0.945244 0.062462 -0.320332
vn 0.576396 0.062468 -0.814780
vn 0.576396 0.062468 -0.814780
vn -0.012459 0.062471 -0.997969
vn -0.012459 0.062471 -0.997969
vn -0.596788 0.062469 -0.799964
vn -0.596788 0.062469 -0.799964
vn -0.953006 0.062476 -0.296439
vn -0.953006 0.062476 -0.296439
vn -0.945243 0.062480 0.320332
vn -0.945243 0.062480 0.320332
vn -0.576389 0.062472 0.814784
vn -0.576389 0.062472 0.814784
vn 0.012561 0.062476 0.997967
vn 0.012561 0.062476 0.997967
vn 0.596788 0.062470 0.799964
vn 0.596788 0.062470 0.799964
vn 0.952997 0.062474 0.296468
vn 0.952997 0.062474 0.296467
vn 0.000000 -1.000000 0.000000
vn 0.000000 -1.000000 0.000000
vn 0.000000 -1.000000 0.000000
vn 0.000000 -1.000000 0.000000
vn 0.000000 -1.000000 0.000000
vn 0.000000 -1.000000 0.000000
vn 0.000000 -1.000000 0.000000
vn 0.000000 -1.000000 0.000000
vn 0.000000 -1.000000 0.000000
vn 0.000000 -1.000000 0.000000
vn 0.000000 -1.000000 0.000000
vn 0.000000 1.000000 0.000000
vn 0.000000 1.000000 0.000000
vn 0.000000 1.000000 -0.000000
vn 0.000000 1.000000 0.000001
vn 0.000000 1.000000 0.000001
vn 0.000000 1.000000 0.000000
vn 0.000000 1.000000 0.000000
vn 0.000000 1.000000 0.000000
vn 0.000000 1.000000 0.000001
vn 0.000000 1.000000 -0.000001
vn 0.000000 1.000000 -0.000002
vn 0.864525 0.408371 -0.292966
vn 0.864525 0.408371 -0.292966
vn 0.864525 0.408371 -0.292966
vn 0.864525 0.408371 -0.292966
vn 0.527225 0.408350 -0.745174
vn 0.527225 0.408350 -0.745174
vn 0.527225 0.408350 -0.745174
vn 0.527225 0.408350 -0.745174
vn -0.011486 0.408348 -0.912754
vn -0.011486 0.408348 -0.912754
vn -0.011486 0.408348 -0.912754
vn -0.011486 0.408348 -0.912754
vn -0.545837 0.408343 -0.731655
vn -0.545837 0.408343 -0.731655
vn -0.545837 0.408343 -0.731655
vn -0.545837 0.408343 -0.731655
vn -0.871638 0.408324 -0.271143
vn -0.871638 0.408324 -0.271143
vn -0.871638 0.408324 -0.271143
vn -0.871638 0.408324 -0.271143
vn -0.864535 0.408336 0.292987
vn -0.864535 0.408336 0.292987
vn -0.864535 0.408336 0.292987
vn -0.864535 0.408336 0.292987
vn -0.527174 0.408365 0.745202
vn -0.527174 0.408365 0.745202
vn -0.527174 0.408365 0.745202
vn -0.527174 0.408365 0.745202
vn 0.011486 0.408333 0.912761
vn 0.011486 0.408333 0.912761
vn 0.011486 0.408333 0.912761
vn 0.011486 0.408333 0.912761
vn 0.545802 0.408335 0.731685
vn 0.545802 0.408335 0.731685
vn 0.545802 0.408334 0.731685
vn 0.545802 0.408334 0.731685
vn 0.871632 0.408339 0.271141
vn 0.871632 0.408339 0.271141
vn 0.871632 0.408339 0.271141
vn 0.871632 0.408339 0.271141
vn 0.366964 0.921889 -0.124329
vn 0.366964 0.921889 -0.124329
vn 0.366964 0.921889 -0.124329
vn 0.366964 0.921889 -0.124329
vn 0.223791 0.921883 -0.316308
vn 0.223791 0.921882 -0.316308
vn 0.223791 0.921882 -0.316308
vn 0.223791 0.921882 -0.316308
vn -0.004873 0.921902 -0.387394
vn -0.004873 0.921902 -0.387394
vn -0.004873 0.921902 -0.387394
vn -0.004873 0.921902 -0.387394
vn -0.231624 0.921909 -0.310539
vn -0.231624 0.921909 -0.310539
vn -0.231624 0.921909 -0.310539
vn -0.231624 0.921909 -0.310539
vn -0.369990 0.921880 -0.115088
vn -0.369990 0.921880 -0.115088
vn -0.369990 0.921880 -0.115088
vn -0.369990 0.921880 -0.115088
vn -0.366935 0.921897 0.124353
vn -0.366935 0.921897 0.124353
vn -0.366935 0.921897 0.124353
vn -0.366935 0.921897 0.124353
vn -0.223701 0.921921 0.316260
vn -0.223701 0.921921 0.316260
vn -0.223701 0.921921 0.316260
vn -0.223701 0.921921 0.316260
vn 0.004816 0.921893 0.387415
vn 0.004816 0.921893 0.387415
vn 0.004816 0.921893 0.387415
vn 0.004816 0.921893 0.387415
vn 0.231690 0.921888 0.310550
vn 0.231690 0.921888 0.310550
vn 0.231690 0.921888 0.310550
vn 0.231690 0.921888 0.310550
vn 0.369882 0.921924 0.115077
vn 0.369882 0.921924 0.115077
vn 0.369882 0.921924 0.115077
vn 0.369882 0.921924 0.115077
vn 0.443669 0.617002 -0.649974
vn 0.443669 0.617002 -0.649974
vn 0.443669 0.617002 -0.649974
vn 0.443669 0.617002 -0.649974
vn 0.561336 -0.112048 -0.819968
vn 0.561336 -0.112048 -0.819968
vn 0.561336 -0.112048 -0.819968
vn 0.561336 -0.112048 -0.819968
vn 0.472086 -0.536784 -0.699283
vn 0.472086 -0.536784 -0.699283
vn 0.472538 -0.535851 -0.699694
vn 0.468472 -0.533211 -0.704429
vn 0.130217 -0.965274 -0.226471
vn 0.130217 -0.965274 -0.226471
vn 0.124090 -0.967088 -0.222130
vn 0.125479 -0.966682 -0.223115
vn -0.195379 -0.954588 0.224918
vn -0.195379 -0.954588 0.224918
vn -0.196549 -0.955047 0.221932
vn -0.196562 -0.955052 0.221898
vn -0.516479 -0.496151 0.697914
vn -0.516479 -0.496151 0.697914
vn -0.523533 -0.489976 0.697019
vn -0.517061 -0.494818 0.698429
vn -0.586977 -0.124167 0.800026
vn -0.586976 -0.124167 0.800026
vn -0.586976 -0.124167 0.800026
vn -0.586976 -0.124167 0.800026
vn -0.473980 0.602217 0.642400
vn -0.473980 0.602217 0.642400
vn -0.473980 0.602217 0.642400
vn -0.473980 0.602217 0.642400
vn -0.194319 0.956807 0.216243
vn -0.194319 0.956807 0.216243
vn -0.194319 0.956807 0.216244
vn -0.194319 0.956807 0.216244
vn 0.139241 0.956804 -0.255223
vn 0.139241 0.956804 -0.255223
vn 0.139241 0.956804 -0.255223
vn 0.139241 0.956804 -0.255223
vn 0.936420 0.063049 -0.345169
vn 0.936420 0.063049 -0.345169
vn 0.936420 0.063049 -0.345169
vn 0.936420 0.063049 -0.345169
vn 0.452440 0.048197 -0.890491
vn 0.452440 0.048197 -0.890491
vn 0.452440 0.048197 -0.890491
vn 0.452440 0.048197 -0.890491
vn -0.080765 0.028880 -0.996315
vn -0.170218 0.018554 -0.985232
vn -0.070588 0.029822 -0.997060
vn -0.634179 -0.090878 -0.767827
vn -0.632035 -0.085930 -0.770160
vn -0.595399 -0.004086 -0.803420
vn -0.595369 -0.004083 -0.803442
vn -0.935443 -0.097823 -0.339672
vn -0.934461 -0.100817 -0.341495
vn -0.956275 -0.015878 -0.292037
vn -0.956254 -0.015879 -0.292108
vn -0.918030 -0.006738 0.396454
vn -0.934361 -0.012233 0.356119
vn -0.935706 -0.012695 0.352551
vn -0.667040 -0.005299 0.745003
vn -0.667040 -0.005299 0.745003
vn -0.667040 -0.005299 0.745003
vn -0.667040 -0.005299 0.745003
vn 0.148186 0.050134 0.987688
vn 0.148186 0.050134 0.987688
vn 0.148186 0.050134 0.987688
vn 0.148186 0.050134 0.987688
vn 0.661839 0.012387 0.749544
vn 0.661839 0.012387 0.749544
vn 0.661839 0.012387 0.749544
vn 0.661839 0.012387 0.749544
vn 0.927643 0.026197 0.372547
vn 0.927643 0.026197 0.372547
vn 0.927643 0.026197 0.372547
vn 0.927643 0.026197 0.372547
vn 0.000000 1.000000 0.000000
vn 0.000000 1.000000 -0.000004
vn 0.000000 1.000000 -0.000000
vn 0.000000 1.000000 -0.000002
vn 0.000000 1.000000 0.000002
vn 0.000000 1.000000 0.000000
vn 0.000000 1.000000 0.000004
vn 0.000000 1.000000 0.000000
vn 0.000000 1.000000 -0.000007
vn 0.000000 1.000000 0.000000
vn 0.000000 1.000000 0.000002
vn 0.855490 0.429043 -0.289931
vn 0.855490 0.429043 -0.289931
vn 0.855490 0.429043 -0.289931
vn 0.855490 0.429043 -0.289931
vn 0.521729 0.429059 -0.737365
vn 0.521729 0.429059 -0.737365
vn 0.521729 0.429059 -0.737365
vn 0.521729 0.429059 -0.737365
vn -0.011392 0.429057 -0.903206
vn -0.011392 0.429057 -0.903206
vn -0.011392 0.429057 -0.903206
vn -0.011392 0.429057 -0.903206
vn -0.540077 0.429082 -0.724021
vn -0.540077 0.429082 -0.724020
vn -0.540077 0.429082 -0.724020
vn -0.540077 0.429082 -0.724020
vn -0.862497 0.429079 -0.268310
vn -0.862497 0.429079 -0.268310
vn -0.862497 0.429079 -0.268310
vn -0.862497 0.429079 -0.268310
vn -0.855485 0.429070 0.289904
vn -0.855485 0.429070 0.289904
vn -0.855485 0.429070 0.289904
vn -0.855485 0.429070 0.289904
vn -0.521709 0.429042 0.737389
vn -0.521709 0.429042 0.737389
vn -0.521709 0.429042 0.737389
vn -0.521709 0.429042 0.737389
vn 0.011393 0.429025 0.903221
vn 0.011393 0.429025 0.903221
vn 0.011393 0.429025 0.903221
vn 0.011393 0.429025 0.903221
vn 0.540096 0.429058 0.724020
vn 0.540096 0.429058 0.724020
vn 0.540096 0.429058 0.724020
vn 0.540096 0.429058 0.724020
vn 0.862504 0.429063 0.268312
vn 0.862504 0.429063 0.268312
vn 0.862504 0.429063 0.268312
vn 0.862504 0.429063 0.268312
vn 0.348527 0.929828 -0.118108
vn 0.348527 0.929828 -0.118108
vn 0.348527 0.929828 -0.118108
vn 0.348527 0.929828 -0.118108
vn 0.212578 0.929818 -0.300417
vn 0.212578 0.929817 -0.300417
vn 0.212578 0.929817 -0.300417
vn 0.212578 0.929817 -0.300417
vn -0.004604 0.929819 -0.367989
vn -0.004604 0.929819 -0.367989
vn -0.004604 0.929819 -0.367989
vn -0.004604 0.929819 -0.367989
vn -0.220084 0.929827 -0.294931
vn -0.220084 0.929827 -0.294931
vn -0.220084 0.929827 -0.294931
vn -0.220084 0.929827 -0.294931
vn -0.351469 0.929796 -0.109315
vn -0.351469 0.929796 -0.109315
vn -0.351469 0.929796 -0.109315
vn -0.351469 0.929796 -0.109315
vn -0.348509 0.929833 0.118120
vn -0.348509 0.929833 0.118120
vn -0.348509 0.929833 0.118120
vn -0.348509 0.929833 0.118120
vn -0.212577 0.929817 0.300420
vn -0.212577 0.929817 0.300420
vn -0.212577 0.929816 0.300420
vn -0.212577 0.929817 0.300420
vn 0.004663 0.929835 0.367948
vn 0.004663 0.929835 0.367948
vn 0.004663 0.929835 0.367948
vn 0.004663 0.929835 0.367948
vn 0.220077 0.929812 0.294983
vn 0.220077 0.929812 0.294983
vn 0.220077 0.929812 0.294983
vn 0.220077 0.929812 0.294983
vn 0.351430 0.929812 0.109302
vn 0.351430 0.929812 0.109302
vn 0.351430 0.929812 0.109302
vn 0.351430 0.929812 0.109302
vn -0.935942 -0.012785 0.351922
vn -0.935942 -0.012785 0.351922
vn -0.956108 -0.015889 -0.292583
vn -0.956108 -0.015889 -0.292583
vn -0.595637 -0.004106 -0.803243
vn -0.595637 -0.004106 -0.803243
vn -0.069623 0.029950 -0.997124
vn -0.069623 0.029950 -0.997124
vn -0.168876 0.022089 -0.985390
vn -0.663411 -0.163927 -0.730078
vn -0.663411 -0.163927 -0.730078
vn -0.907008 -0.172618 -0.384109
vn -0.907008 -0.172618 -0.384109
vn -0.918089 -0.007188 0.396309
vn -0.629806 -0.368972 0.683524
vn -0.690570 -0.370934 0.620904
vn -0.305861 -0.948950 0.077098
vn -0.288890 -0.952396 0.097392
vn -0.394253 -0.918368 -0.034136
vn -0.394253 -0.918368 -0.034136
vn -0.088660 -0.955314 -0.281983
vn -0.099459 -0.952314 -0.288456
vn -0.277798 -0.878089 -0.389600
vn -0.277798 -0.878089 -0.389600
vn 0.451751 -0.470091 -0.758245
vn 0.306140 -0.488592 -0.817041
vn -0.294171 0.617011 0.729905
vn -0.294171 0.617010 0.729905
vn -0.294171 0.617011 0.729905
vn -0.294171 0.617011 0.729905
vn -0.372680 -0.112064 0.921168
vn -0.372680 -0.112064 0.921168
vn -0.372680 -0.112064 0.921168
vn -0.372680 -0.112064 0.921168
vn -0.311370 -0.536771 0.784172
vn -0.311370 -0.536771 0.784172
vn -0.311717 -0.535839 0.784671
vn -0.306721 -0.533200 0.788429
vn -0.078683 -0.965275 0.249103
vn -0.078683 -0.965276 0.249103
vn -0.073630 -0.967090 0.243548
vn -0.074775 -0.966684 0.244808
vn 0.142676 -0.954583 -0.261563
vn 0.142676 -0.954583 -0.261563
vn 0.144461 -0.955042 -0.258894
vn 0.144480 -0.955047 -0.258865
vn 0.355013 -0.496202 -0.792306
vn 0.355013 -0.496202 -0.792306
vn 0.362108 -0.490015 -0.792946
vn 0.355471 -0.494868 -0.792936
vn 0.402013 -0.124151 -0.907178
vn 0.402013 -0.124151 -0.907178
vn 0.402013 -0.124151 -0.907178
vn 0.402013 -0.124151 -0.907178
vn 0.325393 0.602209 -0.729016
vn 0.325393 0.602209 -0.729016
vn 0.325393 0.602209 -0.729016
vn 0.325393 0.602209 -0.729016
vn 0.143492 0.956807 -0.252846
vn 0.143492 0.956807 -0.252846
vn 0.143492 0.956807 -0.252846
vn 0.143492 0.956807 -0.252846
vn -0.081342 0.956801 0.279134
vn -0.081342 0.956801 0.279134
vn -0.081342 0.956801 0.279134
vn -0.081342 0.956801 0.279134
vn -0.840790 0.063037 0.537678
vn -0.840790 0.063037 0.537678
vn -0.840790 0.063037 0.537678
vn -0.840790 0.063037 0.537678
vn -0.251023 0.048212 0.966780
vn -0.251023 0.048212 0.966780
vn -0.251023 0.048212 0.966780
vn -0.251023 0.048212 0.966780
vn 0.292101 0.028882 0.955951
vn 0.377483 0.018438 0.925833
vn 0.282283 0.029838 0.958867
vn 0.783884 -0.090933 0.614213
vn 0.782293 -0.085992 0.616947
vn 0.753678 -0.004082 0.657231
vn 0.753653 -0.004081 0.657260
vn 0.986491 -0.097782 0.131432
vn 0.985922 -0.100776 0.133424
vn 0.996632 -0.015883 0.080450
vn 0.996626 -0.015885 0.080524
vn 0.811743 -0.006811 -0.583975
vn 0.836407 -0.012243 -0.547973
vn 0.838492 -0.012694 -0.544766
vn 0.491984 -0.005295 -0.870588
vn 0.491984 -0.005295 -0.870588
vn 0.491984 -0.005295 -0.870588
vn 0.491984 -0.005295 -0.870588
vn -0.356245 0.050139 -0.933046
vn -0.356245 0.050139 -0.933046
vn -0.356245 0.050139 -0.933046
vn -0.356245 0.050139 -0.933046
vn -0.806968 0.012395 -0.590465
vn -0.806968 0.012395 -0.590465
vn -0.806968 0.012395 -0.590465
vn -0.806968 0.012395 -0.590465
vn -0.985907 0.026192 -0.165231
vn -0.985907 0.026192 -0.165231
vn -0.985907 0.026192 -0.165231
vn -0.985907 0.026192 -0.165231
vn 0.000000 1.000000 -0.000000
vn 0.000000 1.000000 -0.000004
vn 0.000000 1.000000 0.000001
vn 0.000000 1.000000 0.000001
vn 0.000000 1.000000 0.000003
vn 0.000000 1.000000 0.000002
vn 0.000000 1.000000 0.000000
vn 0.000000 1.000000 0.000000
vn 0.000000 1.000000 0.000001
vn 0.000000 1.000000 0.000001
vn 0.000000 1.000000 0.000004
vn -0.773568 0.429010 0.466416
vn -0.773568 0.429010 0.466416
vn -0.773568 0.429010 0.466416
vn -0.773568 0.429010 0.466416
vn -0.351697 0.428985 0.832034
vn -0.351697 0.428985 0.832034
vn -0.351697 0.428985 0.832034
vn -0.351697 0.428985 0.832034
vn 0.204599 0.428998 0.879829
vn 0.204599 0.428998 0.879829
vn 0.204599 0.428998 0.879830
vn 0.204599 0.428998 0.879829
vn 0.682593 0.429072 0.591578
vn 0.682593 0.429071 0.591578
vn 0.682593 0.429071 0.591578
vn 0.682593 0.429072 0.591578
vn 0.899981 0.429008 0.077365
vn 0.899981 0.429008 0.077365
vn 0.899981 0.429008 0.077365
vn 0.899981 0.429008 0.077365
vn 0.773527 0.429030 -0.466464
vn 0.773527 0.429030 -0.466464
vn 0.773527 0.429030 -0.466464
vn 0.773527 0.429030 -0.466464
vn 0.351628 0.429053 -0.832029
vn 0.351628 0.429053 -0.832029
vn 0.351628 0.429053 -0.832029
vn 0.351628 0.429053 -0.832029
vn -0.204453 0.429037 -0.879844
vn -0.204453 0.429037 -0.879844
vn -0.204453 0.429037 -0.879844
vn -0.204453 0.429037 -0.879844
vn -0.682649 0.429029 -0.591544
vn -0.682649 0.429029 -0.591544
vn -0.682649 0.429029 -0.591544
vn -0.682649 0.429029 -0.591544
vn -0.899946 0.429085 -0.077349
vn -0.899946 0.429085 -0.077349
vn -0.899946 0.429085 -0.077349
vn -0.899946 0.429085 -0.077349
vn -0.315224 0.929801 0.190010
vn -0.315224 0.929801 0.190010
vn -0.315224 0.929801 0.190010
vn -0.315224 0.929801 0.190010
vn -0.143243 0.929823 0.338984
vn -0.143243 0.929823 0.338984
vn -0.143243 0.929823 0.338984
vn -0.143243 0.929823 0.338984
vn 0.083334 0.929830 0.358429
vn 0.083334 0.929830 0.358429
vn 0.083334 0.929830 0.358429
vn 0.083334 0.929830 0.358429
vn 0.278108 0.929817 0.241031
vn 0.278108 0.929817 0.241031
vn 0.278108 0.929817 0.241031
vn 0.278108 0.929817 0.241031
vn 0.366625 0.929834 0.031548
vn 0.366625 0.929834 0.031548
vn 0.366625 0.929834 0.031548
vn 0.366625 0.929834 0.031548
vn 0.315177 0.929807 -0.190058
vn 0.315177 0.929807 -0.190058
vn 0.315177 0.929807 -0.190058
vn 0.315177 0.929807 -0.190058
vn 0.143260 0.929814 -0.339003
vn 0.143260 0.929814 -0.339003
vn 0.143260 0.929814 -0.339003
vn 0.143260 0.929814 -0.339003
vn -0.083285 0.929825 -0.358454
vn -0.083285 0.929825 -0.358454
vn -0.083285 0.929825 -0.358454
vn -0.083285 0.929825 -0.358454
vn -0.278153 0.929806 -0.241022
vn -0.278153 0.929806 -0.241022
vn -0.278153 0.929806 -0.241022
vn -0.278153 0.929806 -0.241022
vn -0.366624 0.929836 -0.031503
vn -0.366624 0.929836 -0.031503
vn -0.366624 0.929836 -0.031503
vn -0.366624 0.929836 -0.031503
vn 0.838857 -0.012784 -0.544201
vn 0.838857 -0.012784 -0.544201
vn 0.996586 -0.015900 0.081020
vn 0.996586 -0.015900 0.081020
vn 0.753875 -0.004089 0.657005
vn 0.753875 -0.004089 0.657005
vn 0.281349 0.029967 0.959137
vn 0.281349 0.029967 0.959137
vn 0.376075 0.021980 0.926329
vn 0.804333 -0.163949 0.571112
vn 0.804333 -0.163949 0.571112
vn 0.968235 -0.172584 0.180930
vn 0.968235 -0.172584 0.180930
vn 0.811793 -0.007386 -0.583899
vn 0.468959 -0.368769 -0.802550
vn 0.541860 -0.370666 -0.754317
vn 0.282263 -0.948945 -0.140821
vn 0.261331 -0.952393 -0.157018
vn 0.392413 -0.918369 -0.051099
vn 0.392413 -0.918369 -0.051099
vn 0.146995 -0.955317 0.256439
vn 0.158930 -0.952317 0.260450
vn 0.354843 -0.878062 0.321081
vn 0.354843 -0.878062 0.321081
vn -0.278516 -0.470161 0.837483
vn -0.123972 -0.488492 0.863716
s 1
g group3_pCylinder16
usemtl lambert8SG
f 4083/5199/11351 4084/5200/11352 4094/5211/11353 4093/5210/11354
s 2
f 4084/5200/11355 4085/5201/11356 4095/5212/11357 4094/5211/11358
s 3
f 4085/5201/11359 4086/5202/11360 4096/5213/11361 4095/5212/11362
s 4
f 4086/5202/11363 4087/5203/11364 4097/5214/11365 4096/5213/11366
s 5
f 4087/5203/11367 4088/5204/11368 4098/5215/11369 4097/5214/11370
s 6
f 4088/5204/11371 4089/5205/11372 4099/5216/11373 4098/5215/11374
s 7
f 4089/5205/11375 4090/5206/11376 4100/5217/11377 4099/5216/11378
s 8
f 4090/5206/11379 4091/5207/11380 4101/5218/11381 4100/5217/11382
s 9
f 4091/5207/11383 4092/5208/11384 4102/5219/11385 4101/5218/11386
s 10
f 4092/5208/11387 4083/5209/11388 4093/5220/11389 4102/5219/11390
s 1
f 4093/5210/11354 4094/5211/11353 4104/5222/11391 4103/5221/11392
s 2
f 4094/5211/11358 4095/5212/11357 4105/5223/11393 4104/5222/11394
s 3
f 4095/5212/11362 4096/5213/11361 4106/5224/11395 4105/5223/11396
s 4
f 4096/5213/11366 4097/5214/11365 4107/5225/11397 4106/5224/11398
s 5
f 4097/5214/11370 4098/5215/11369 4108/5226/11399 4107/5225/11400
s 6
f 4098/5215/11374 4099/5216/11373 4109/5227/11401 4108/5226/11402
s 7
f 4099/5216/11378 4100/5217/11377 4110/5228/11403 4109/5227/11404
s 8
f 4100/5217/11382 4101/5218/11381 4111/5229/11405 4110/5228/11406
s 9
f 4101/5218/11386 4102/5219/11385 4112/5230/11407 4111/5229/11408
s 10
f 4102/5219/11390 4093/5220/11389 4103/5231/11409 4112/5230/11410
s 1
f 4103/5221/11392 4104/5222/11391 4114/5233/11411 4113/5232/11412
s 2
f 4104/5222/11394 4105/5223/11393 4115/5234/11413 4114/5233/11414
s 3
f 4105/5223/11396 4106/5224/11395 4116/5235/11415 4115/5234/11416
s 4
f 4106/5224/11398 4107/5225/11397 4117/5236/11417 4116/5235/11418
s 5
f 4107/5225/11400 4108/5226/11399 4118/5237/11419 4117/5236/11420
s 6
f 4108/5226/11402 4109/5227/11401 4119/5238/11421 4118/5237/11422
s 7
f 4109/5227/11404 4110/5228/11403 4120/5239/11423 4119/5238/11424
s 8
f 4110/5228/11406 4111/5229/11405 4121/5240/11425 4120/5239/11426
s 9
f 4111/5229/11408 4112/5230/11407 4122/5241/11427 4121/5240/11428
s 10
f 4112/5230/11410 4103/5231/11409 4113/5242/11429 4122/5241/11430
s 11
f 4084/5190/11431 4083/5189/11432 4123/5253/11433
f 4085/5191/11434 4084/5190/11431 4123/5253/11433
f 4086/5192/11435 4085/5191/11434 4123/5253/11433
f 4087/5193/11436 4086/5192/11435 4123/5253/11433
f 4088/5194/11437 4087/5193/11436 4123/5253/11433
f 4089/5195/11438 4088/5194/11437 4123/5253/11433
f 4090/5196/11439 4089/5195/11438 4123/5253/11433
f 4091/5197/11440 4090/5196/11439 4123/5253/11433
f 4092/5198/11441 4091/5197/11440 4123/5253/11433
f 4083/5189/11432 4092/5198/11441 4123/5253/11433
s 12
f 4134/5265/11442 4135/5266/11443 4136/5254/11444
f 4135/5266/11443 4137/5267/11445 4136/5254/11444
f 4137/5267/11445 4138/5268/11446 4136/5254/11444
f 4138/5268/11446 4139/5269/11447 4136/5254/11444
f 4139/5269/11447 4140/5270/11448 4136/5254/11444
f 4140/5270/11448 4141/5271/11449 4136/5254/11444
f 4141/5271/11449 4142/5272/11450 4136/5254/11444
f 4142/5272/11450 4143/5273/11451 4136/5254/11444
f 4143/5273/11451 4144/5274/11452 4136/5254/11444
f 4144/5274/11452 4134/5265/11442 4136/5254/11444
s off
f 4113/5251/11453 4114/5250/11454 4125/5256/11455 4124/5255/11456
f 4114/5250/11457 4115/5249/11458 4126/5257/11459 4125/5256/11460
f 4115/5249/11461 4116/5248/11462 4127/5258/11463 4126/5257/11464
f 4116/5248/11465 4117/5247/11466 4128/5259/11467 4127/5258/11468
f 4117/5247/11469 4118/5246/11470 4129/5260/11471 4128/5259/11472
f 4118/5246/11473 4119/5245/11474 4130/5261/11475 4129/5260/11476
f 4119/5245/11477 4120/5244/11478 4131/5262/11479 4130/5261/11480
f 4120/5244/11481 4121/5243/11482 4132/5263/11483 4131/5262/11484
f 4121/5243/11485 4122/5252/11486 4133/5264/11487 4132/5263/11488
f 4122/5252/11489 4113/5251/11490 4124/5255/11491 4133/5264/11492
f 4124/5255/11493 4125/5256/11494 4135/5266/11495 4134/5265/11496
f 4125/5256/11497 4126/5257/11498 4137/5267/11499 4135/5266/11500
f 4126/5257/11501 4127/5258/11502 4138/5268/11503 4137/5267/11504
f 4127/5258/11505 4128/5259/11506 4139/5269/11507 4138/5268/11508
f 4128/5259/11509 4129/5260/11510 4140/5270/11511 4139/5269/11512
f 4129/5260/11513 4130/5261/11514 4141/5271/11515 4140/5270/11516
f 4130/5261/11517 4131/5262/11518 4142/5272/11519 4141/5271/11520
f 4131/5262/11521 4132/5263/11522 4143/5273/11523 4142/5272/11524
f 4132/5263/11525 4133/5264/11526 4144/5274/11527 4143/5273/11528
f 4133/5264/11529 4124/5255/11530 4134/5265/11531 4144/5274/11532
f 4145/5275/11533 4146/5276/11534 4156/5277/11535 4155/5278/11536
f 4146/5276/11537 4147/5279/11538 4157/5280/11539 4156/5277/11540
s 13
f 4147/5279/11541 4148/5281/11542 4204/5282/11543 4157/5280/11544
s 14
f 4148/5281/11545 4149/5283/11546 4203/5284/11547 4204/5282/11548
s 15
f 4149/5283/11549 4150/5285/11550 4202/5286/11551 4203/5284/11552
s 16
f 4150/5285/11553 4151/5287/11554 4161/5288/11555 4202/5286/11556
s off
f 4151/5287/11557 4152/5289/11558 4162/5290/11559 4161/5288/11560
f 4152/5289/11561 4153/5291/11562 4163/5292/11563 4162/5290/11564
f 4153/5291/11565 4154/5293/11566 4164/5294/11567 4163/5292/11568
f 4154/5293/11569 4145/5295/11570 4155/5296/11571 4164/5294/11572
f 4155/5297/11573 4156/5298/11574 4166/5299/11575 4165/5300/11576
f 4156/5298/11577 4157/5301/11578 4167/5302/11579 4166/5299/11580
s 17
f 4157/5301/11581 4199/5303/11582 4198/5304/11583
s 18
f 4199/5303/11584 4200/5305/11585 4197/5306/11586 4198/5304/11587
s 19
f 4200/5305/11588 4201/5307/11589 4196/5308/11590 4197/5306/11591
s 20
f 4201/5307/11592 4161/5309/11593 4196/5308/11594
s off
f 4161/5309/11595 4162/5310/11596 4172/5311/11597 4171/5312/11598
f 4162/5310/11599 4163/5313/11600 4173/5314/11601 4172/5311/11602
f 4163/5313/11603 4164/5315/11604 4174/5316/11605 4173/5314/11606
f 4164/5315/11607 4155/5317/11608 4165/5318/11609 4174/5316/11610
s 21
f 4185/5319/11611 4186/5320/11612 4187/5321/11613
f 4186/5320/11612 4188/5322/11614 4187/5321/11613
f 4188/5322/11614 4189/5323/11615 4187/5321/11613
f 4189/5323/11615 4190/5324/11616 4187/5321/11613
f 4190/5324/11616 4191/5325/11617 4187/5321/11613
f 4191/5325/11617 4192/5326/11618 4187/5321/11613
f 4192/5326/11618 4193/5327/11619 4187/5321/11613
f 4193/5327/11619 4194/5328/11620 4187/5321/11613
f 4194/5328/11620 4195/5329/11621 4187/5321/11613
f 4195/5329/11621 4185/5319/11611 4187/5321/11613
s off
f 4165/5330/11622 4166/5331/11623 4176/5332/11624 4175/5333/11625
f 4166/5331/11626 4167/5334/11627 4177/5335/11628 4176/5332/11629
f 4167/5334/11630 4168/5336/11631 4178/5337/11632 4177/5335/11633
f 4168/5336/11634 4169/5338/11635 4179/5339/11636 4178/5337/11637
f 4169/5338/11638 4170/5340/11639 4180/5341/11640 4179/5339/11641
f 4170/5340/11642 4171/5342/11643 4181/5343/11644 4180/5341/11645
f 4171/5342/11646 4172/5344/11647 4182/5345/11648 4181/5343/11649
f 4172/5344/11650 4173/5346/11651 4183/5347/11652 4182/5345/11653
f 4173/5346/11654 4174/5348/11655 4184/5349/11656 4183/5347/11657
f 4174/5348/11658 4165/5330/11659 4175/5333/11660 4184/5349/11661
f 4175/5333/11662 4176/5332/11663 4186/5320/11664 4185/5319/11665
f 4176/5332/11666 4177/5335/11667 4188/5322/11668 4186/5320/11669
f 4177/5335/11670 4178/5337/11671 4189/5323/11672 4188/5322/11673
f 4178/5337/11674 4179/5339/11675 4190/5324/11676 4189/5323/11677
f 4179/5339/11678 4180/5341/11679 4191/5325/11680 4190/5324/11681
f 4180/5341/11682 4181/5343/11683 4192/5326/11684 4191/5325/11685
f 4181/5343/11686 4182/5345/11687 4193/5327/11688 4192/5326/11689
f 4182/5345/11690 4183/5347/11691 4194/5328/11692 4193/5327/11693
f 4183/5347/11694 4184/5349/11695 4195/5329/11696 4194/5328/11697
f 4184/5349/11698 4175/5333/11699 4185/5319/11700 4195/5329/11701
s 20
f 4196/5308/11594 4161/5309/11593 4171/5312/11702 4170/5350/11703
s 19
f 4197/5306/11591 4196/5308/11590 4170/5350/11704 4169/5351/11705
s 18
f 4198/5304/11587 4197/5306/11586 4169/5351/11706 4168/5352/11707
s 17
f 4157/5301/11581 4198/5304/11583 4168/5352/11708 4167/5302/11709
f 4157/5301/11581 4158/5353/11710 4199/5303/11582
s 18
f 4158/5353/11711 4159/5354/11712 4200/5305/11585 4199/5303/11584
s 19
f 4159/5354/11713 4160/5355/11714 4201/5307/11589 4200/5305/11588
s 20
f 4160/5355/11715 4161/5309/11593 4201/5307/11592
s 16
f 4207/5356/11716 4161/5288/11555 4160/5357/11717
s 15
f 4206/5358/11718 4207/5356/11719 4160/5357/11720 4159/5359/11721
s 14
f 4205/5360/11722 4206/5358/11723 4159/5359/11724 4158/5361/11725
s 13
f 4157/5280/11544 4205/5360/11726 4158/5361/11727
f 4157/5280/11544 4204/5282/11543 4205/5360/11726
s 14
f 4204/5282/11548 4203/5284/11547 4206/5358/11723 4205/5360/11722
s 15
f 4203/5284/11552 4202/5286/11551 4207/5356/11719 4206/5358/11718
s 16
f 4202/5286/11556 4161/5288/11555 4207/5356/11716
s off
f 4208/5362/11728 4209/5363/11729 4219/5364/11730 4218/5365/11731
f 4209/5363/11732 4210/5366/11733 4220/5367/11734 4219/5364/11735
s 22
f 4210/5366/11736 4211/5368/11737 4267/5369/11738 4220/5367/11739
s 23
f 4211/5368/11740 4212/5370/11741 4266/5371/11742 4267/5369/11743
s 24
f 4212/5370/11744 4213/5372/11745 4265/5373/11746 4266/5371/11747
s 25
f 4213/5372/11748 4214/5374/11749 4224/5375/11750 4265/5373/11751
s off
f 4214/5374/11752 4215/5376/11753 4225/5377/11754 4224/5375/11755
f 4215/5376/11756 4216/5378/11757 4226/5379/11758 4225/5377/11759
f 4216/5378/11760 4217/5380/11761 4227/5381/11762 4226/5379/11763
f 4217/5380/11764 4208/5382/11765 4218/5383/11766 4227/5381/11767
f 4218/5384/11768 4219/5385/11769 4229/5386/11770 4228/5387/11771
f 4219/5385/11772 4220/5388/11773 4230/5389/11774 4229/5386/11775
s 26
f 4220/5388/11776 4262/5390/11777 4261/5391/11778
s 27
f 4262/5390/11779 4263/5392/11780 4260/5393/11781 4261/5391/11782
s 28
f 4263/5392/11783 4264/5394/11784 4259/5395/11785 4260/5393/11786
s 29
f 4264/5394/11787 4224/5396/11788 4259/5395/11789
s off
f 4224/5396/11790 4225/5397/11791 4235/5398/11792 4234/5399/11793
f 4225/5397/11794 4226/5400/11795 4236/5401/11796 4235/5398/11797
f 4226/5400/11798 4227/5402/11799 4237/5403/11800 4236/5401/11801
f 4227/5402/11802 4218/5404/11803 4228/5405/11804 4237/5403/11805
s 30
f 4248/5406/11806 4249/5407/11807 4250/5408/11808
f 4249/5407/11807 4251/5409/11809 4250/5408/11808
f 4251/5409/11809 4252/5410/11810 4250/5408/11808
f 4252/5410/11810 4253/5411/11811 4250/5408/11808
f 4253/5411/11811 4254/5412/11812 4250/5408/11808
f 4254/5412/11812 4255/5413/11813 4250/5408/11808
f 4255/5413/11813 4256/5414/11814 4250/5408/11808
f 4256/5414/11814 4257/5415/11815 4250/5408/11808
f 4257/5415/11815 4258/5416/11816 4250/5408/11808
f 4258/5416/11816 4248/5406/11806 4250/5408/11808
s off
f 4228/5417/11817 4229/5418/11818 4239/5419/11819 4238/5420/11820
f 4229/5418/11821 4230/5421/11822 4240/5422/11823 4239/5419/11824
f 4230/5421/11825 4231/5423/11826 4241/5424/11827 4240/5422/11828
f 4231/5423/11829 4232/5425/11830 4242/5426/11831 4241/5424/11832
f 4232/5425/11833 4233/5427/11834 4243/5428/11835 4242/5426/11836
f 4233/5427/11837 4234/5429/11838 4244/5430/11839 4243/5428/11840
f 4234/5429/11841 4235/5431/11842 4245/5432/11843 4244/5430/11844
f 4235/5431/11845 4236/5433/11846 4246/5434/11847 4245/5432/11848
f 4236/5433/11849 4237/5435/11850 4247/5436/11851 4246/5434/11852
f 4237/5435/11853 4228/5417/11854 4238/5420/11855 4247/5436/11856
f 4238/5420/11857 4239/5419/11858 4249/5407/11859 4248/5406/11860
f 4239/5419/11861 4240/5422/11862 4251/5409/11863 4249/5407/11864
f 4240/5422/11865 4241/5424/11866 4252/5410/11867 4251/5409/11868
f 4241/5424/11869 4242/5426/11870 4253/5411/11871 4252/5410/11872
f 4242/5426/11873 4243/5428/11874 4254/5412/11875 4253/5411/11876
f 4243/5428/11877 4244/5430/11878 4255/5413/11879 4254/5412/11880
f 4244/5430/11881 4245/5432/11882 4256/5414/11883 4255/5413/11884
f 4245/5432/11885 4246/5434/11886 4257/5415/11887 4256/5414/11888
f 4246/5434/11889 4247/5436/11890 4258/5416/11891 4257/5415/11892
f 4247/5436/11893 4238/5420/11894 4248/5406/11895 4258/5416/11896
s 29
f 4259/5395/11789 4224/5396/11788 4234/5399/11897 4233/5437/11898
s 28
f 4260/5393/11786 4259/5395/11785 4233/5437/11899 4232/5438/11900
s 27
f 4261/5391/11782 4260/5393/11781 4232/5438/11901 4231/5439/11902
s 26
f 4220/5388/11776 4261/5391/11778 4231/5439/11903 4230/5389/11904
f 4220/5388/11776 4221/5440/11905 4262/5390/11777
s 27
f 4221/5440/11906 4222/5441/11907 4263/5392/11780 4262/5390/11779
s 28
f 4222/5441/11908 4223/5442/11909 4264/5394/11784 4263/5392/11783
s 29
f 4223/5442/11910 4224/5396/11788 4264/5394/11787
s 25
f 4270/5443/11911 4224/5375/11750 4223/5444/11912
s 24
f 4269/5445/11913 4270/5443/11914 4223/5444/11915 4222/5446/11916
s 23
f 4268/5447/11917 4269/5445/11918 4222/5446/11919 4221/5448/11920
s 22
f 4220/5367/11739 4268/5447/11921 4221/5448/11922
f 4220/5367/11739 4267/5369/11738 4268/5447/11921
s 23
f 4267/5369/11743 4266/5371/11742 4269/5445/11918 4268/5447/11917
s 24
f 4266/5371/11747 4265/5373/11746 4270/5443/11914 4269/5445/11913
s 25
f 4265/5373/11751 4224/5375/11750 4270/5443/11911
g default
v 779.153015 -4.280998 1326.878174
v 782.367920 -4.280998 1324.540894
v 783.595032 -4.280998 1320.760376
v 782.365601 -4.280998 1316.980713
v 779.149353 -4.280998 1314.645386
v 775.174683 -4.280998 1314.646606
v 771.959839 -4.280998 1316.983643
v 770.732666 -4.280998 1320.764282
v 771.962097 -4.280998 1324.544067
v 775.178406 -4.280998 1326.879395
v 779.761719 21.981287 1328.749634
v 783.960388 21.981287 1325.697144
v 785.563049 21.981287 1320.759766
v 783.957397 21.981287 1315.823364
v 779.756958 21.981287 1312.773438
v 774.565979 21.981287 1312.775024
v 770.367371 21.981287 1315.827393
v 768.764771 21.981287 1320.764893
v 770.370300 21.981287 1325.701294
v 774.570801 21.981287 1328.751221
v 779.872620 48.243572 1329.090332
v 784.250366 48.243572 1325.907715
v 785.921387 48.243572 1320.759644
v 784.247253 48.243572 1315.612671
v 779.867615 48.243572 1312.432617
v 774.455139 48.243572 1312.434204
v 770.077454 48.243572 1315.616943
v 768.406433 48.243572 1320.765015
v 770.080444 48.243572 1325.911987
v 774.460205 48.243572 1329.092041
v 779.401794 71.368774 1327.643066
v 783.018799 71.368774 1325.013550
v 784.399414 71.368774 1320.760254
v 783.016235 71.368774 1316.507690
v 779.397705 71.368774 1313.880371
v 774.925903 71.368774 1313.881714
v 771.308899 71.368774 1316.511230
v 769.928345 71.368774 1320.764526
v 771.311523 71.368774 1325.017090
v 774.930054 71.368774 1327.644409
v 777.163879 -4.280998 1320.762329
v 778.686340 76.286819 1325.443237
v 781.146912 76.286819 1323.654419
v 782.086121 76.286819 1320.760864
v 781.145142 76.286819 1317.867920
v 778.683533 76.286819 1316.080566
v 775.641418 76.286819 1316.081421
v 773.180847 76.286819 1317.870361
v 772.241638 76.286819 1320.763794
v 773.182556 76.286819 1323.656738
v 775.644226 76.286819 1325.444092
v 777.818237 77.408554 1322.774292
v 778.875854 77.408554 1322.005371
v 777.163879 77.408554 1320.762329
v 779.279602 77.408554 1320.761719
v 778.875122 77.408554 1319.518188
v 777.817078 77.408554 1318.750000
v 776.509460 77.408554 1318.750366
v 775.451843 77.408554 1319.519287
v 775.048157 77.408554 1320.762939
v 775.452576 77.408554 1322.006470
v 776.510681 77.408554 1322.774658
v 781.223511 49.170673 1320.813721
v 783.282837 46.186420 1321.492188
v 783.279114 42.497684 1321.503662
v 781.213867 39.513432 1320.843384
v 777.875854 38.373547 1319.763794
v 774.540222 39.513432 1318.677246
v 772.480896 42.497684 1317.998657
v 772.484619 46.186420 1317.987305
v 774.549805 49.170673 1318.647583
v 777.887817 50.310558 1319.727173
v 787.912109 48.487972 1300.207275
v 790.903442 45.877644 1298.014282
v 791.257385 42.570278 1294.182007
v 790.424194 40.911072 1292.468140
v 787.188965 40.571304 1291.071899
v 783.750488 40.808319 1290.301880
v 781.922485 42.756615 1291.852905
v 779.622681 45.686798 1295.995972
v 781.238403 48.487972 1298.041138
v 784.404663 49.485027 1299.649658
v 787.088867 64.334839 1299.474365
v 789.604248 64.334839 1297.645752
v 790.564270 64.334839 1294.687988
v 789.602417 64.334839 1291.730591
v 787.086060 64.334839 1289.903564
v 783.976318 64.334839 1289.904419
v 781.460938 64.334839 1291.733154
v 780.500854 64.334839 1294.690918
v 781.462769 64.334839 1297.648193
v 783.979126 64.334839 1299.475342
v 786.591309 67.555954 1297.944580
v 788.302490 67.555954 1296.700562
v 788.955566 67.555954 1294.688354
v 788.301270 67.555954 1292.676636
v 786.589355 67.555954 1291.433594
v 784.473816 67.555954 1291.434326
v 782.762695 67.555954 1292.678223
v 782.109558 67.555954 1294.690430
v 782.763916 67.555954 1296.702271
v 784.475830 67.555954 1297.945190
v 785.987671 68.290649 1296.088501
v 786.723145 68.290649 1295.553955
v 785.532593 68.290649 1294.689331
v 787.003906 68.290649 1294.688965
v 786.722656 68.290649 1293.824219
v 785.986816 68.290649 1293.290039
v 785.077515 68.290649 1293.290161
v 784.341980 68.290649 1293.824951
v 784.061279 68.290649 1294.689941
v 784.342529 68.290649 1295.554565
v 785.078369 68.290649 1296.088867
v 783.797607 45.493141 1290.218994
v 787.354980 45.722588 1290.183472
v 790.234497 45.647079 1292.297852
v 790.311401 43.373615 1292.366943
v 787.389648 43.322987 1290.219604
v 783.776672 43.287254 1290.255859
v 782.054688 40.385727 1294.186646
v 785.804932 39.219944 1295.335815
v 789.010193 39.959801 1296.824219
v 789.808594 40.005512 1294.364624
v 786.575623 39.428570 1292.961426
v 782.705566 40.452534 1292.335449
vt 0.626409 0.064409
vt 0.548284 0.007647
vt 0.451716 0.007647
vt 0.373591 0.064409
vt 0.343750 0.156250
vt 0.373591 0.248091
vt 0.451716 0.304853
vt 0.548284 0.304853
vt 0.626409 0.248091
vt 0.656250 0.156250
vt 0.375000 0.312500
vt 0.400000 0.312500
vt 0.425000 0.312500
vt 0.450000 0.312500
vt 0.475000 0.312500
vt 0.500000 0.312500
vt 0.525000 0.312500
vt 0.550000 0.312500
vt 0.575000 0.312500
vt 0.600000 0.312500
vt 0.625000 0.312500
vt 0.375000 0.437500
vt 0.400000 0.437500
vt 0.425000 0.437500
vt 0.450000 0.437500
vt 0.475000 0.437500
vt 0.500000 0.437500
vt 0.525000 0.437500
vt 0.550000 0.437500
vt 0.575000 0.437500
vt 0.600000 0.437500
vt 0.625000 0.437500
vt 0.375000 0.562500
vt 0.400000 0.562500
vt 0.425000 0.562500
vt 0.450000 0.562500
vt 0.475000 0.562500
vt 0.500000 0.562500
vt 0.525000 0.562500
vt 0.550000 0.562500
vt 0.575000 0.562500
vt 0.600000 0.562500
vt 0.625000 0.562500
vt 0.375000 0.687500
vt 0.400000 0.687500
vt 0.425000 0.687500
vt 0.450000 0.687500
vt 0.475000 0.687500
vt 0.500000 0.687500
vt 0.525000 0.687500
vt 0.550000 0.687500
vt 0.575000 0.687500
vt 0.600000 0.687500
vt 0.625000 0.687500
vt 0.626409 0.751909
vt 0.548284 0.695147
vt 0.451716 0.695147
vt 0.373591 0.751909
vt 0.343750 0.843750
vt 0.373591 0.935591
vt 0.451716 0.992353
vt 0.548284 0.992353
vt 0.626409 0.935591
vt 0.656250 0.843750
vt 0.500000 0.156250
vt 0.500000 0.843750
vt 0.626409 0.935591
vt 0.548284 0.992353
vt 0.451716 0.992353
vt 0.373591 0.935591
vt 0.343750 0.843750
vt 0.373591 0.751909
vt 0.451716 0.695147
vt 0.548284 0.695147
vt 0.626409 0.751909
vt 0.656250 0.843750
vt 0.626409 0.935591
vt 0.548284 0.992353
vt 0.451716 0.992353
vt 0.373591 0.935591
vt 0.343750 0.843750
vt 0.373591 0.751909
vt 0.451716 0.695147
vt 0.548284 0.695147
vt 0.626409 0.751909
vt 0.656250 0.843750
vt 0.375000 0.312500
vt 0.400000 0.312500
vt 0.400000 0.687500
vt 0.375000 0.687500
vt 0.425000 0.312500
vt 0.425000 0.687500
vt 0.450000 0.312500
vt 0.450000 0.629930
vt 0.475000 0.312500
vt 0.475000 0.623183
vt 0.500000 0.312500
vt 0.500000 0.634472
vt 0.525000 0.312500
vt 0.525000 0.687500
vt 0.550000 0.312500
vt 0.550000 0.687500
vt 0.575000 0.312500
vt 0.575000 0.687500
vt 0.600000 0.312500
vt 0.600000 0.687500
vt 0.625000 0.312500
vt 0.625000 0.687500
vt 0.375000 0.562500
vt 0.400000 0.562500
vt 0.400000 0.687500
vt 0.375000 0.687500
vt 0.425000 0.562500
vt 0.425000 0.687500
vt 0.450000 0.575218
vt 0.450000 0.591346
vt 0.475000 0.577631
vt 0.475000 0.594214
vt 0.500000 0.572594
vt 0.500000 0.588564
vt 0.525000 0.562500
vt 0.550000 0.562500
vt 0.550000 0.687500
vt 0.525000 0.687500
vt 0.575000 0.562500
vt 0.575000 0.687500
vt 0.600000 0.562500
vt 0.600000 0.687500
vt 0.625000 0.562500
vt 0.625000 0.687500
vt 0.626409 0.935591
vt 0.548284 0.992353
vt 0.500000 0.843750
vt 0.451716 0.992353
vt 0.373591 0.935591
vt 0.343750 0.843750
vt 0.373591 0.751909
vt 0.451716 0.695147
vt 0.548284 0.695147
vt 0.626409 0.751909
vt 0.656250 0.843750
vt 0.626409 0.935591
vt 0.548284 0.992353
vt 0.548284 0.992353
vt 0.626409 0.935591
vt 0.451716 0.992353
vt 0.451716 0.992353
vt 0.373591 0.935591
vt 0.373591 0.935591
vt 0.343750 0.843750
vt 0.343750 0.843750
vt 0.373591 0.751909
vt 0.373591 0.751909
vt 0.451716 0.695147
vt 0.451716 0.695147
vt 0.548284 0.695147
vt 0.548284 0.695147
vt 0.626409 0.751909
vt 0.626409 0.751909
vt 0.656250 0.843750
vt 0.656250 0.843750
vt 0.500000 0.687500
vt 0.475000 0.687500
vt 0.450000 0.687500
vt 0.450000 0.562500
vt 0.475000 0.562500
vt 0.500000 0.562500
vt 0.500000 0.659131
vt 0.500000 0.687500
vt 0.475000 0.653382
vt 0.475000 0.687500
vt 0.450000 0.662436
vt 0.450000 0.687500
vn 0.586566 -0.071086 0.806776
vn 0.586566 -0.071086 0.806776
vn 0.587570 -0.039718 0.808198
vn 0.587570 -0.039718 0.808198
vn 0.948742 -0.071089 0.307954
vn 0.948742 -0.071089 0.307954
vn 0.950397 -0.039718 0.308492
vn 0.950397 -0.039718 0.308492
vn 0.948550 -0.071092 -0.308543
vn 0.948550 -0.071092 -0.308543
vn 0.950208 -0.039720 -0.309076
vn 0.950208 -0.039720 -0.309076
vn 0.586066 -0.071093 -0.807139
vn 0.586066 -0.071093 -0.807139
vn 0.587082 -0.039720 -0.808552
vn 0.587082 -0.039720 -0.808552
vn -0.000291 -0.071092 -0.997470
vn -0.000291 -0.071092 -0.997470
vn -0.000286 -0.039720 -0.999211
vn -0.000286 -0.039720 -0.999211
vn -0.586530 -0.071088 -0.806802
vn -0.586530 -0.071088 -0.806802
vn -0.587566 -0.039717 -0.808201
vn -0.587566 -0.039717 -0.808201
vn -0.948745 -0.071084 -0.307944
vn -0.948745 -0.071084 -0.307944
vn -0.950400 -0.039716 -0.308485
vn -0.950400 -0.039716 -0.308485
vn -0.948557 -0.071090 0.308521
vn -0.948557 -0.071090 0.308521
vn -0.950215 -0.039718 0.309055
vn -0.950215 -0.039718 0.309055
vn -0.586060 -0.071087 0.807144
vn -0.586060 -0.071087 0.807144
vn -0.587085 -0.039718 0.808551
vn -0.587085 -0.039718 0.808551
vn 0.000291 -0.071086 0.997470
vn 0.000291 -0.071086 0.997470
vn 0.000316 -0.039716 0.999211
vn 0.000316 -0.039716 0.999211
vn 0.587886 0.020892 0.808674
vn 0.587886 0.020892 0.808674
vn 0.950940 0.020892 0.308669
vn 0.950940 0.020892 0.308669
vn 0.950753 0.020893 -0.309245
vn 0.950753 0.020893 -0.309245
vn 0.587414 0.020894 -0.809017
vn 0.587414 0.020894 -0.809017
vn -0.000285 0.020895 -0.999782
vn -0.000285 0.020895 -0.999782
vn -0.587910 0.020895 -0.808656
vn -0.587910 0.020895 -0.808656
vn -0.950942 0.020892 -0.308664
vn -0.950942 0.020892 -0.308663
vn -0.950758 0.020893 0.309229
vn -0.950758 0.020893 0.309229
vn -0.587412 0.020892 0.809018
vn -0.587412 0.020892 0.809018
vn 0.000324 0.020893 0.999782
vn 0.000324 0.020892 0.999782
vn 0.586863 0.062470 0.807273
vn 0.586863 0.062470 0.807273
vn 0.949290 0.062468 0.308132
vn 0.949290 0.062468 0.308132
vn 0.949104 0.062472 -0.308706
vn 0.949104 0.062472 -0.308706
vn 0.586397 0.062473 -0.807611
vn 0.586397 0.062473 -0.807611
vn -0.000290 0.062478 -0.998046
vn -0.000290 0.062478 -0.998046
vn -0.586888 0.062475 -0.807254
vn -0.586888 0.062475 -0.807254
vn -0.949292 0.062468 -0.308127
vn -0.949292 0.062468 -0.308127
vn -0.949108 0.062470 0.308695
vn -0.949108 0.062470 0.308695
vn -0.586380 0.062472 0.807623
vn -0.586380 0.062472 0.807623
vn 0.000307 0.062469 0.998047
vn 0.000307 0.062469 0.998047
vn 0.000000 -1.000000 0.000000
vn 0.000000 -1.000000 0.000000
vn 0.000000 -1.000000 -0.000000
vn 0.000000 -1.000000 0.000000
vn 0.000000 -1.000000 0.000000
vn 0.000000 -1.000000 -0.000000
vn 0.000000 -1.000000 -0.000000
vn 0.000000 -1.000000 0.000000
vn 0.000000 -1.000000 0.000000
vn 0.000000 -1.000000 -0.000000
vn 0.000000 -1.000000 -0.000000
vn 0.000000 1.000000 0.000000
vn 0.000000 1.000000 0.000000
vn 0.000000 1.000000 0.000001
vn 0.000000 1.000000 0.000006
vn 0.000000 1.000000 -0.000000
vn 0.000000 1.000000 -0.000006
vn 0.000000 1.000000 -0.000003
vn 0.000000 1.000000 0.000003
vn 0.000000 1.000000 0.000006
vn 0.000000 1.000000 0.000000
vn 0.000000 1.000000 0.000000
vn 0.536775 0.408353 0.738323
vn 0.536775 0.408353 0.738323
vn 0.536775 0.408353 0.738323
vn 0.536775 0.408353 0.738323
vn 0.868239 0.408339 0.281818
vn 0.868239 0.408339 0.281818
vn 0.868239 0.408339 0.281818
vn 0.868239 0.408339 0.281818
vn 0.868060 0.408352 -0.282349
vn 0.868060 0.408352 -0.282349
vn 0.868060 0.408352 -0.282349
vn 0.868060 0.408352 -0.282349
vn 0.536313 0.408344 -0.738663
vn 0.536313 0.408344 -0.738663
vn 0.536313 0.408344 -0.738663
vn 0.536313 0.408344 -0.738663
vn -0.000265 0.408331 -0.912834
vn -0.000265 0.408331 -0.912834
vn -0.000265 0.408331 -0.912834
vn -0.000265 0.408331 -0.912834
vn -0.536778 0.408343 -0.738326
vn -0.536778 0.408343 -0.738326
vn -0.536778 0.408343 -0.738326
vn -0.536778 0.408343 -0.738326
vn -0.868235 0.408341 -0.281825
vn -0.868235 0.408341 -0.281825
vn -0.868235 0.408341 -0.281825
vn -0.868235 0.408341 -0.281825
vn -0.868059 0.408360 0.282341
vn -0.868059 0.408360 0.282341
vn -0.868059 0.408360 0.282341
vn -0.868059 0.408360 0.282341
vn -0.536308 0.408352 0.738663
vn -0.536308 0.408352 0.738663
vn -0.536308 0.408352 0.738663
vn -0.536308 0.408352 0.738663
vn 0.000217 0.408354 0.912823
vn 0.000217 0.408354 0.912823
vn 0.000217 0.408354 0.912823
vn 0.000217 0.408354 0.912823
vn 0.227819 0.921901 0.313363
vn 0.227819 0.921901 0.313363
vn 0.227819 0.921901 0.313363
vn 0.227819 0.921901 0.313363
vn 0.368494 0.921903 0.119612
vn 0.368494 0.921903 0.119612
vn 0.368494 0.921903 0.119612
vn 0.368494 0.921903 0.119612
vn 0.368418 0.921903 -0.119844
vn 0.368418 0.921903 -0.119844
vn 0.368418 0.921903 -0.119844
vn 0.368418 0.921903 -0.119844
vn 0.227661 0.921888 -0.313516
vn 0.227661 0.921888 -0.313516
vn 0.227661 0.921888 -0.313516
vn 0.227661 0.921888 -0.313516
vn -0.000116 0.921901 -0.387427
vn -0.000116 0.921901 -0.387427
vn -0.000116 0.921900 -0.387427
vn -0.000116 0.921901 -0.387427
vn -0.227819 0.921901 -0.313364
vn -0.227819 0.921901 -0.313364
vn -0.227819 0.921901 -0.313364
vn -0.227819 0.921901 -0.313364
vn -0.368514 0.921895 -0.119613
vn -0.368514 0.921895 -0.119613
vn -0.368514 0.921895 -0.119613
vn -0.368514 0.921895 -0.119613
vn -0.368431 0.921900 0.119827
vn -0.368431 0.921900 0.119827
vn -0.368431 0.921900 0.119827
vn -0.368431 0.921900 0.119827
vn -0.227630 0.921898 0.313512
vn -0.227630 0.921898 0.313512
vn -0.227630 0.921898 0.313512
vn -0.227630 0.921898 0.313512
vn 0.000116 0.921896 0.387438
vn 0.000116 0.921896 0.387438
vn 0.000116 0.921896 0.387438
vn 0.000116 0.921896 0.387438
vn 0.752499 0.616987 0.230375
vn 0.752499 0.616987 0.230375
vn 0.752499 0.616987 0.230375
vn 0.752499 0.616987 0.230375
vn 0.949783 -0.112026 0.292169
vn 0.949783 -0.112026 0.292169
vn 0.949783 -0.112026 0.292169
vn 0.949783 -0.112026 0.292169
vn 0.808011 -0.536794 0.242837
vn 0.808011 -0.536794 0.242837
vn 0.808538 -0.535862 0.243142
vn 0.811850 -0.533223 0.237850
vn 0.254931 -0.965278 0.056991
vn 0.254931 -0.965278 0.056991
vn 0.248966 -0.967092 0.052435
vn 0.250318 -0.966686 0.053467
vn -0.272846 -0.954585 -0.119675
vn -0.272846 -0.954585 -0.119675
vn -0.270341 -0.955044 -0.121681
vn -0.270314 -0.955049 -0.121703
vn -0.819871 -0.496213 -0.285628
vn -0.819871 -0.496213 -0.285628
vn -0.821119 -0.490030 -0.292634
vn -0.820538 -0.494879 -0.286029
vn -0.938368 -0.124130 -0.322579
vn -0.938368 -0.124130 -0.322579
vn -0.938368 -0.124130 -0.322579
vn -0.938368 -0.124130 -0.322579
vn -0.754284 0.602204 -0.261546
vn -0.754284 0.602204 -0.261546
vn -0.754284 0.602204 -0.261546
vn -0.754284 0.602203 -0.261546
vn -0.264244 0.956805 -0.121241
vn -0.264244 0.956805 -0.121241
vn -0.264244 0.956805 -0.121241
vn -0.264244 0.956805 -0.121241
vn 0.285075 0.956805 0.057061
vn 0.285075 0.956805 0.057061
vn 0.285075 0.956805 0.057061
vn 0.285075 0.956805 0.057061
vn 0.607902 0.063027 0.791507
vn 0.607902 0.063027 0.791507
vn 0.607902 0.063027 0.791507
vn 0.607902 0.063027 0.791507
vn 0.984763 0.048213 0.167086
vn 0.984763 0.048213 0.167086
vn 0.984763 0.048213 0.167086
vn 0.984763 0.048213 0.167086
vn 0.927303 0.028884 -0.373196
vn 0.889976 0.018461 -0.455633
vn 0.931051 0.029832 -0.363667
vn 0.544611 -0.090930 -0.833745
vn 0.547478 -0.085985 -0.832391
vn 0.590046 -0.004083 -0.807360
vn 0.590078 -0.004082 -0.807336
vn 0.046207 -0.097819 -0.994131
vn 0.048240 -0.100810 -0.993735
vn -0.005508 -0.015881 -0.999859
vn -0.005434 -0.015881 -0.999859
vn -0.651476 -0.006802 -0.758639
vn -0.617807 -0.012229 -0.786235
vn -0.614795 -0.012688 -0.788585
vn -0.909627 -0.005292 -0.415393
vn -0.909627 -0.005292 -0.415393
vn -0.909627 -0.005292 -0.415393
vn -0.909627 -0.005292 -0.415393
vn -0.898958 0.050155 0.435154
vn -0.898958 0.050155 0.435154
vn -0.898958 0.050155 0.435154
vn -0.898958 0.050155 0.435154
vn -0.518914 0.012395 0.854737
vn -0.518914 0.012395 0.854737
vn -0.518914 0.012395 0.854737
vn -0.518914 0.012395 0.854737
vn -0.079900 0.026201 0.996459
vn -0.079900 0.026201 0.996459
vn -0.079900 0.026201 0.996459
vn -0.079900 0.026201 0.996459
vn 0.000000 1.000000 -0.000003
vn 0.000000 1.000000 -0.000001
vn 0.000000 1.000000 -0.000001
vn 0.000000 1.000000 0.000006
vn 0.000000 1.000000 0.000000
vn 0.000000 1.000000 -0.000004
vn 0.000000 1.000000 -0.000000
vn 0.000000 1.000000 -0.000001
vn 0.000000 1.000000 -0.000006
vn 0.000000 1.000000 0.000000
vn 0.000000 1.000000 0.000004
vn 0.531160 0.429016 0.730626
vn 0.531160 0.429016 0.730626
vn 0.531160 0.429016 0.730626
vn 0.531160 0.429016 0.730626
vn 0.859158 0.429042 0.278875
vn 0.859158 0.429042 0.278874
vn 0.859158 0.429042 0.278875
vn 0.859158 0.429042 0.278874
vn 0.859002 0.429033 -0.279367
vn 0.859002 0.429033 -0.279367
vn 0.859002 0.429033 -0.279367
vn 0.859002 0.429033 -0.279367
vn 0.530703 0.429047 -0.730940
vn 0.530702 0.429047 -0.730940
vn 0.530703 0.429047 -0.730940
vn 0.530702 0.429047 -0.730940
vn -0.000314 0.429037 -0.903287
vn -0.000314 0.429037 -0.903287
vn -0.000314 0.429037 -0.903287
vn -0.000314 0.429037 -0.903287
vn -0.531124 0.429042 -0.730637
vn -0.531124 0.429042 -0.730637
vn -0.531124 0.429042 -0.730637
vn -0.531124 0.429042 -0.730637
vn -0.859154 0.429047 -0.278878
vn -0.859154 0.429047 -0.278878
vn -0.859154 0.429047 -0.278878
vn -0.859154 0.429047 -0.278878
vn -0.859004 0.429014 0.279390
vn -0.859004 0.429014 0.279390
vn -0.859004 0.429014 0.279390
vn -0.859004 0.429014 0.279390
vn -0.530666 0.429054 0.730963
vn -0.530666 0.429054 0.730963
vn -0.530666 0.429054 0.730963
vn -0.530666 0.429054 0.730963
vn 0.000262 0.429041 0.903285
vn 0.000262 0.429041 0.903285
vn 0.000262 0.429041 0.903285
vn 0.000262 0.429041 0.903285
vn 0.216422 0.929812 0.297677
vn 0.216422 0.929812 0.297677
vn 0.216422 0.929812 0.297677
vn 0.216422 0.929812 0.297677
vn 0.350028 0.929823 0.113618
vn 0.350028 0.929823 0.113618
vn 0.350028 0.929823 0.113618
vn 0.350028 0.929823 0.113618
vn 0.350005 0.929806 -0.113833
vn 0.350005 0.929806 -0.113833
vn 0.350005 0.929806 -0.113833
vn 0.350005 0.929806 -0.113833
vn 0.216241 0.929812 -0.297808
vn 0.216241 0.929812 -0.297808
vn 0.216241 0.929812 -0.297808
vn 0.216241 0.929812 -0.297808
vn -0.000121 0.929817 -0.368023
vn -0.000121 0.929817 -0.368023
vn -0.000121 0.929817 -0.368023
vn -0.000121 0.929817 -0.368023
vn -0.216428 0.929799 -0.297712
vn -0.216428 0.929799 -0.297712
vn -0.216428 0.929799 -0.297712
vn -0.216428 0.929799 -0.297712
vn -0.350046 0.929816 -0.113622
vn -0.350046 0.929816 -0.113622
vn -0.350046 0.929816 -0.113622
vn -0.350046 0.929816 -0.113622
vn -0.349995 0.929809 0.113840
vn -0.349995 0.929809 0.113840
vn -0.349995 0.929809 0.113840
vn -0.349995 0.929809 0.113840
vn -0.216245 0.929809 0.297814
vn -0.216245 0.929809 0.297814
vn -0.216245 0.929809 0.297814
vn -0.216245 0.929809 0.297814
vn 0.000121 0.929817 0.368021
vn 0.000121 0.929817 0.368021
vn 0.000121 0.929817 0.368021
vn 0.000121 0.929817 0.368021
vn -0.614266 -0.012776 -0.788996
vn -0.614266 -0.012776 -0.788996
vn -0.004942 -0.015882 -0.999862
vn -0.004942 -0.015882 -0.999862
vn 0.589792 -0.004092 -0.807545
vn 0.589792 -0.004092 -0.807545
vn 0.931401 0.029960 -0.362761
vn 0.931401 0.029960 -0.362761
vn 0.890562 0.022096 -0.454325
vn 0.499848 -0.163943 -0.850455
vn 0.499848 -0.163943 -0.850455
vn 0.097099 -0.172554 -0.980203
vn 0.097099 -0.172554 -0.980203
vn -0.651460 -0.007188 -0.758649
vn -0.839896 -0.368857 -0.398144
vn -0.798130 -0.370733 -0.474916
vn -0.164541 -0.948951 -0.269107
vn -0.178872 -0.952396 -0.246873
vn -0.084613 -0.918375 -0.386558
vn -0.084613 -0.918375 -0.386558
vn 0.242864 -0.955315 -0.168494
vn 0.245833 -0.952316 -0.180725
vn 0.289389 -0.878068 -0.381118
vn 0.289389 -0.878068 -0.381118
vn 0.858277 -0.470165 0.205685
vn 0.871124 -0.488564 0.049482
s 1
g group2_pCylinder16
usemtl lambert8SG
f 4271/5459/11923 4272/5460/11924 4282/5471/11925 4281/5470/11926
s 2
f 4272/5460/11927 4273/5461/11928 4283/5472/11929 4282/5471/11930
s 3
f 4273/5461/11931 4274/5462/11932 4284/5473/11933 4283/5472/11934
s 4
f 4274/5462/11935 4275/5463/11936 4285/5474/11937 4284/5473/11938
s 5
f 4275/5463/11939 4276/5464/11940 4286/5475/11941 4285/5474/11942
s 6
f 4276/5464/11943 4277/5465/11944 4287/5476/11945 4286/5475/11946
s 7
f 4277/5465/11947 4278/5466/11948 4288/5477/11949 4287/5476/11950
s 8
f 4278/5466/11951 4279/5467/11952 4289/5478/11953 4288/5477/11954
s 9
f 4279/5467/11955 4280/5468/11956 4290/5479/11957 4289/5478/11958
s 10
f 4280/5468/11959 4271/5469/11960 4281/5480/11961 4290/5479/11962
s 1
f 4281/5470/11926 4282/5471/11925 4292/5482/11963 4291/5481/11964
s 2
f 4282/5471/11930 4283/5472/11929 4293/5483/11965 4292/5482/11966
s 3
f 4283/5472/11934 4284/5473/11933 4294/5484/11967 4293/5483/11968
s 4
f 4284/5473/11938 4285/5474/11937 4295/5485/11969 4294/5484/11970
s 5
f 4285/5474/11942 4286/5475/11941 4296/5486/11971 4295/5485/11972
s 6
f 4286/5475/11946 4287/5476/11945 4297/5487/11973 4296/5486/11974
s 7
f 4287/5476/11950 4288/5477/11949 4298/5488/11975 4297/5487/11976
s 8
f 4288/5477/11954 4289/5478/11953 4299/5489/11977 4298/5488/11978
s 9
f 4289/5478/11958 4290/5479/11957 4300/5490/11979 4299/5489/11980
s 10
f 4290/5479/11962 4281/5480/11961 4291/5491/11981 4300/5490/11982
s 1
f 4291/5481/11964 4292/5482/11963 4302/5493/11983 4301/5492/11984
s 2
f 4292/5482/11966 4293/5483/11965 4303/5494/11985 4302/5493/11986
s 3
f 4293/5483/11968 4294/5484/11967 4304/5495/11987 4303/5494/11988
s 4
f 4294/5484/11970 4295/5485/11969 4305/5496/11989 4304/5495/11990
s 5
f 4295/5485/11972 4296/5486/11971 4306/5497/11991 4305/5496/11992
s 6
f 4296/5486/11974 4297/5487/11973 4307/5498/11993 4306/5497/11994
s 7
f 4297/5487/11976 4298/5488/11975 4308/5499/11995 4307/5498/11996
s 8
f 4298/5488/11978 4299/5489/11977 4309/5500/11997 4308/5499/11998
s 9
f 4299/5489/11980 4300/5490/11979 4310/5501/11999 4309/5500/12000
s 10
f 4300/5490/11982 4291/5491/11981 4301/5502/12001 4310/5501/12002
s 11
f 4272/5450/12003 4271/5449/12004 4311/5513/12005
f 4273/5451/12006 4272/5450/12003 4311/5513/12005
f 4274/5452/12007 4273/5451/12006 4311/5513/12005
f 4275/5453/12008 4274/5452/12007 4311/5513/12005
f 4276/5454/12009 4275/5453/12008 4311/5513/12005
f 4277/5455/12010 4276/5454/12009 4311/5513/12005
f 4278/5456/12011 4277/5455/12010 4311/5513/12005
f 4279/5457/12012 4278/5456/12011 4311/5513/12005
f 4280/5458/12013 4279/5457/12012 4311/5513/12005
f 4271/5449/12004 4280/5458/12013 4311/5513/12005
s 12
f 4322/5525/12014 4323/5526/12015 4324/5514/12016
f 4323/5526/12015 4325/5527/12017 4324/5514/12016
f 4325/5527/12017 4326/5528/12018 4324/5514/12016
f 4326/5528/12018 4327/5529/12019 4324/5514/12016
f 4327/5529/12019 4328/5530/12020 4324/5514/12016
f 4328/5530/12020 4329/5531/12021 4324/5514/12016
f 4329/5531/12021 4330/5532/12022 4324/5514/12016
f 4330/5532/12022 4331/5533/12023 4324/5514/12016
f 4331/5533/12023 4332/5534/12024 4324/5514/12016
f 4332/5534/12024 4322/5525/12014 4324/5514/12016
s off
f 4301/5511/12025 4302/5510/12026 4313/5516/12027 4312/5515/12028
f 4302/5510/12029 4303/5509/12030 4314/5517/12031 4313/5516/12032
f 4303/5509/12033 4304/5508/12034 4315/5518/12035 4314/5517/12036
f 4304/5508/12037 4305/5507/12038 4316/5519/12039 4315/5518/12040
f 4305/5507/12041 4306/5506/12042 4317/5520/12043 4316/5519/12044
f 4306/5506/12045 4307/5505/12046 4318/5521/12047 4317/5520/12048
f 4307/5505/12049 4308/5504/12050 4319/5522/12051 4318/5521/12052
f 4308/5504/12053 4309/5503/12054 4320/5523/12055 4319/5522/12056
f 4309/5503/12057 4310/5512/12058 4321/5524/12059 4320/5523/12060
f 4310/5512/12061 4301/5511/12062 4312/5515/12063 4321/5524/12064
f 4312/5515/12065 4313/5516/12066 4323/5526/12067 4322/5525/12068
f 4313/5516/12069 4314/5517/12070 4325/5527/12071 4323/5526/12072
f 4314/5517/12073 4315/5518/12074 4326/5528/12075 4325/5527/12076
f 4315/5518/12077 4316/5519/12078 4327/5529/12079 4326/5528/12080
f 4316/5519/12081 4317/5520/12082 4328/5530/12083 4327/5529/12084
f 4317/5520/12085 4318/5521/12086 4329/5531/12087 4328/5530/12088
f 4318/5521/12089 4319/5522/12090 4330/5532/12091 4329/5531/12092
f 4319/5522/12093 4320/5523/12094 4331/5533/12095 4330/5532/12096
f 4320/5523/12097 4321/5524/12098 4332/5534/12099 4331/5533/12100
f 4321/5524/12101 4312/5515/12102 4322/5525/12103 4332/5534/12104
f 4333/5535/12105 4334/5536/12106 4344/5537/12107 4343/5538/12108
f 4334/5536/12109 4335/5539/12110 4345/5540/12111 4344/5537/12112
s 13
f 4335/5539/12113 4336/5541/12114 4392/5542/12115 4345/5540/12116
s 14
f 4336/5541/12117 4337/5543/12118 4391/5544/12119 4392/5542/12120
s 15
f 4337/5543/12121 4338/5545/12122 4390/5546/12123 4391/5544/12124
s 16
f 4338/5545/12125 4339/5547/12126 4349/5548/12127 4390/5546/12128
s off
f 4339/5547/12129 4340/5549/12130 4350/5550/12131 4349/5548/12132
f 4340/5549/12133 4341/5551/12134 4351/5552/12135 4350/5550/12136
f 4341/5551/12137 4342/5553/12138 4352/5554/12139 4351/5552/12140
f 4342/5553/12141 4333/5555/12142 4343/5556/12143 4352/5554/12144
f 4343/5557/12145 4344/5558/12146 4354/5559/12147 4353/5560/12148
f 4344/5558/12149 4345/5561/12150 4355/5562/12151 4354/5559/12152
s 17
f 4345/5561/12153 4387/5563/12154 4386/5564/12155
s 18
f 4387/5563/12156 4388/5565/12157 4385/5566/12158 4386/5564/12159
s 19
f 4388/5565/12160 4389/5567/12161 4384/5568/12162 4385/5566/12163
s 20
f 4389/5567/12164 4349/5569/12165 4384/5568/12166
s off
f 4349/5569/12167 4350/5570/12168 4360/5571/12169 4359/5572/12170
f 4350/5570/12171 4351/5573/12172 4361/5574/12173 4360/5571/12174
f 4351/5573/12175 4352/5575/12176 4362/5576/12177 4361/5574/12178
f 4352/5575/12179 4343/5577/12180 4353/5578/12181 4362/5576/12182
s 21
f 4373/5579/12183 4374/5580/12184 4375/5581/12185
f 4374/5580/12184 4376/5582/12186 4375/5581/12185
f 4376/5582/12186 4377/5583/12187 4375/5581/12185
f 4377/5583/12187 4378/5584/12188 4375/5581/12185
f 4378/5584/12188 4379/5585/12189 4375/5581/12185
f 4379/5585/12189 4380/5586/12190 4375/5581/12185
f 4380/5586/12190 4381/5587/12191 4375/5581/12185
f 4381/5587/12191 4382/5588/12192 4375/5581/12185
f 4382/5588/12192 4383/5589/12193 4375/5581/12185
f 4383/5589/12193 4373/5579/12183 4375/5581/12185
s off
f 4353/5590/12194 4354/5591/12195 4364/5592/12196 4363/5593/12197
f 4354/5591/12198 4355/5594/12199 4365/5595/12200 4364/5592/12201
f 4355/5594/12202 4356/5596/12203 4366/5597/12204 4365/5595/12205
f 4356/5596/12206 4357/5598/12207 4367/5599/12208 4366/5597/12209
f 4357/5598/12210 4358/5600/12211 4368/5601/12212 4367/5599/12213
f 4358/5600/12214 4359/5602/12215 4369/5603/12216 4368/5601/12217
f 4359/5602/12218 4360/5604/12219 4370/5605/12220 4369/5603/12221
f 4360/5604/12222 4361/5606/12223 4371/5607/12224 4370/5605/12225
f 4361/5606/12226 4362/5608/12227 4372/5609/12228 4371/5607/12229
f 4362/5608/12230 4353/5590/12231 4363/5593/12232 4372/5609/12233
f 4363/5593/12234 4364/5592/12235 4374/5580/12236 4373/5579/12237
f 4364/5592/12238 4365/5595/12239 4376/5582/12240 4374/5580/12241
f 4365/5595/12242 4366/5597/12243 4377/5583/12244 4376/5582/12245
f 4366/5597/12246 4367/5599/12247 4378/5584/12248 4377/5583/12249
f 4367/5599/12250 4368/5601/12251 4379/5585/12252 4378/5584/12253
f 4368/5601/12254 4369/5603/12255 4380/5586/12256 4379/5585/12257
f 4369/5603/12258 4370/5605/12259 4381/5587/12260 4380/5586/12261
f 4370/5605/12262 4371/5607/12263 4382/5588/12264 4381/5587/12265
f 4371/5607/12266 4372/5609/12267 4383/5589/12268 4382/5588/12269
f 4372/5609/12270 4363/5593/12271 4373/5579/12272 4383/5589/12273
s 20
f 4384/5568/12166 4349/5569/12165 4359/5572/12274 4358/5610/12275
s 19
f 4385/5566/12163 4384/5568/12162 4358/5610/12276 4357/5611/12277
s 18
f 4386/5564/12159 4385/5566/12158 4357/5611/12278 4356/5612/12279
s 17
f 4345/5561/12153 4386/5564/12155 4356/5612/12280 4355/5562/12281
f 4345/5561/12153 4346/5613/12282 4387/5563/12154
s 18
f 4346/5613/12283 4347/5614/12284 4388/5565/12157 4387/5563/12156
s 19
f 4347/5614/12285 4348/5615/12286 4389/5567/12161 4388/5565/12160
s 20
f 4348/5615/12287 4349/5569/12165 4389/5567/12164
s 16
f 4395/5616/12288 4349/5548/12127 4348/5617/12289
s 15
f 4394/5618/12290 4395/5616/12291 4348/5617/12292 4347/5619/12293
s 14
f 4393/5620/12294 4394/5618/12295 4347/5619/12296 4346/5621/12297
s 13
f 4345/5540/12116 4393/5620/12298 4346/5621/12299
f 4345/5540/12116 4392/5542/12115 4393/5620/12298
s 14
f 4392/5542/12120 4391/5544/12119 4394/5618/12295 4393/5620/12294
s 15
f 4391/5544/12124 4390/5546/12123 4395/5616/12291 4394/5618/12290
s 16
f 4390/5546/12128 4349/5548/12127 4395/5616/12288
