# Blender 5.2.2 LTS
# www.blender.org
mtllib Collectables.mtl
o Golden_Jangler
v -0.577779 -0.000344 0.161925
v -0.628352 0.473403 0.161925
v -0.628716 -0.000344 0.352028
v -0.672577 0.473403 0.326975
v -0.767881 -0.000344 0.491192
v -0.793403 0.473403 0.447801
v -0.958453 -0.000344 0.542130
v -0.958453 0.473403 0.492026
v -0.958453 -0.000344 -0.218281
v -0.958453 0.473403 -0.168176
v -0.767881 -0.000344 -0.167343
v -0.793403 0.473403 -0.123951
v -0.628716 -0.000344 -0.028178
v -0.672577 0.473403 -0.003126
v -0.529691 0.139321 0.161925
v -0.581673 0.393995 0.161925
v -0.632152 0.393995 0.350315
v -0.587472 0.139321 0.377565
v -0.770063 0.393995 0.488226
v -0.745332 0.139321 0.535425
v -0.958453 0.393995 0.538705
v -0.958453 0.139321 0.593205
v -0.958453 0.393995 -0.214855
v -0.958453 0.139321 -0.269356
v -0.770063 0.393995 -0.164376
v -0.745332 0.139321 -0.211575
v -0.632152 0.393995 -0.026465
v -0.587472 0.139321 -0.053715
v -0.543176 0.258030 0.161925
v -0.599323 0.258030 0.371471
v -0.752721 0.258030 0.524869
v -0.958453 0.258030 0.581016
v -0.958453 0.258030 -0.257167
v -0.752721 0.258030 -0.201019
v -0.599323 0.258030 -0.047621
v -0.579491 0.563264 0.161925
v -0.630262 0.563264 0.351406
v -0.768972 0.563264 0.490116
v -0.958453 0.563264 0.540887
v -0.958453 0.563264 -0.217037
v -0.768972 0.563264 -0.166266
v -0.630262 0.563264 -0.027556
v -0.550105 0.695199 0.161925
v -0.604813 0.695199 0.366099
v -0.754279 0.695199 0.515565
v -0.958453 0.695199 0.570273
v -0.958453 0.695199 -0.246424
v -0.754279 0.695199 -0.191716
v -0.604813 0.695199 -0.042250
v -0.590607 0.848939 0.161925
v -0.639889 0.848939 0.345848
v -0.774530 0.848939 0.480489
v -0.958453 0.848939 0.529771
v -0.958453 0.848939 -0.205922
v -0.774530 0.848939 -0.156639
v -0.639889 0.848939 -0.021998
v -0.707521 0.951534 0.161925
v -0.741140 0.951534 0.287391
v -0.832987 0.951534 0.379238
v -0.958453 0.951534 0.412857
v -0.958453 0.951534 -0.089007
v -0.832987 0.951534 -0.055389
v -0.741140 0.951534 0.036459
v -0.652365 0.433699 0.338645
v -0.781733 0.433699 0.468013
v -0.958453 0.433699 0.515365
v -0.958453 0.433699 -0.191516
v -0.781733 0.433699 -0.144164
v -0.652365 0.433699 -0.014795
v -0.605013 0.433699 0.161925
v -0.594769 0.036258 0.372193
v -0.748695 0.036258 0.526120
v -0.958453 0.036258 0.582461
v -0.958453 0.036258 -0.258611
v -0.748695 0.036258 -0.202270
v -0.594769 0.036258 -0.048343
v -0.538428 0.036258 0.161925
v -1.339128 -0.000344 0.161925
v -1.288554 0.473403 0.161925
v -1.288190 -0.000344 0.352027
v -1.244329 0.473403 0.326975
v -1.149025 -0.000344 0.491192
v -1.123504 0.473403 0.447801
v -1.149025 -0.000344 -0.167343
v -1.123504 0.473403 -0.123951
v -1.288190 -0.000344 -0.028178
v -1.244329 0.473403 -0.003126
v -1.387215 0.139321 0.161925
v -1.335233 0.393995 0.161925
v -1.284754 0.393995 0.350315
v -1.329434 0.139321 0.377565
v -1.146843 0.393995 0.488226
v -1.171575 0.139321 0.535425
v -1.146843 0.393995 -0.164376
v -1.171575 0.139321 -0.211575
v -1.284754 0.393995 -0.026465
v -1.329434 0.139321 -0.053715
v -1.373731 0.258030 0.161925
v -1.317583 0.258030 0.371471
v -1.164185 0.258030 0.524869
v -1.164185 0.258030 -0.201019
v -1.317583 0.258030 -0.047621
v -1.337415 0.563264 0.161925
v -1.286644 0.563264 0.351406
v -1.147934 0.563264 0.490116
v -1.147934 0.563264 -0.166266
v -1.286644 0.563264 -0.027556
v -1.366802 0.695199 0.161925
v -1.312093 0.695199 0.366099
v -1.162627 0.695199 0.515565
v -1.162627 0.695199 -0.191716
v -1.312093 0.695199 -0.042250
v -1.326299 0.848939 0.161925
v -1.277017 0.848939 0.345848
v -1.142376 0.848939 0.480489
v -1.142376 0.848939 -0.156639
v -1.277017 0.848939 -0.021998
v -1.209385 0.951534 0.161925
v -1.175767 0.951534 0.287391
v -1.083919 0.951534 0.379238
v -1.083919 0.951534 -0.055389
v -1.175767 0.951534 0.036459
v -1.264542 0.433699 0.338645
v -1.135173 0.433699 0.468013
v -1.135173 0.433699 -0.144164
v -1.264542 0.433699 -0.014795
v -1.311894 0.433699 0.161925
v -1.322138 0.036258 0.372193
v -1.168211 0.036258 0.526120
v -1.168211 0.036258 -0.202270
v -1.322138 0.036258 -0.048343
v -1.378479 0.036258 0.161925
v -1.646802 -0.081095 -0.764332
v -1.646802 -0.081095 1.088182
v 0.205712 -0.081095 -0.764332
v 0.205712 -0.081095 1.088182
v -0.720545 -0.081095 -1.063357
v -0.720545 -0.081095 1.387207
v -1.945827 -0.081095 0.161925
v 0.504737 -0.081095 0.161925
v -0.720545 -0.081095 0.161925
v -0.720545 0.016263 -1.063357
v -1.646802 0.016263 -0.764332
v -1.945827 0.016263 0.161925
v -1.646802 0.016263 1.088182
v -0.720545 0.016263 1.387207
v 0.205712 0.016263 1.088182
v 0.504737 0.016263 0.161925
v 0.205712 0.016263 -0.764332
v -0.720545 0.016263 0.161925
v -0.530430 0.337619 0.266231
v -0.355007 0.328357 0.266231
v -0.526669 0.361453 0.324483
v -0.352076 0.346925 0.311615
v -0.517587 0.418994 0.348613
v -0.345001 0.391754 0.330413
v -0.508505 0.476534 0.324483
v -0.337925 0.436583 0.311615
v -0.504743 0.500368 0.266231
v -0.334994 0.455152 0.266231
v -0.508505 0.476534 0.207978
v -0.337925 0.436583 0.220847
v -0.517587 0.418994 0.183849
v -0.345001 0.391754 0.202048
v -0.526669 0.361453 0.207978
v -0.352076 0.346925 0.220847
v -0.683480 0.356734 0.266231
v -0.679490 0.382009 0.328004
v -0.669860 0.443027 0.353592
v -0.660229 0.504046 0.328004
v -0.656240 0.529320 0.266231
v -0.660229 0.504046 0.204457
v -0.669860 0.443027 0.178869
v -0.679490 0.382009 0.204457
v -0.445797 0.313485 0.266231
v -0.441549 0.340399 0.332010
v -0.431294 0.405374 0.359257
v -0.421039 0.470349 0.332010
v -0.416791 0.497263 0.266231
v -0.421039 0.470349 0.200451
v -0.431294 0.405374 0.173204
v -0.441549 0.340399 0.200451
v -0.404363 0.311926 0.266231
v -0.400340 0.337417 0.328531
v -0.390627 0.398956 0.354337
v -0.380914 0.460495 0.328531
v -0.376891 0.485985 0.266231
v -0.380914 0.460495 0.203930
v -0.390627 0.398956 0.178124
v -0.400340 0.337417 0.203930
v -0.177998 0.859933 0.161925
v -0.283325 0.888253 -0.231161
v -0.571083 0.839957 -0.518920
v -0.964169 0.861025 -0.624247
v -1.308468 0.861025 -0.455445
v -1.596226 0.839957 -0.167686
v -1.772863 0.875488 0.161925
v -1.645014 0.839957 0.555011
v -1.357255 0.852717 0.842770
v -0.964169 0.852717 0.948097
v -0.571083 0.852717 0.842770
v -0.283325 0.888253 0.555011
v -0.635767 0.869792 -0.027675
v -0.584964 0.869792 0.161926
v -0.774565 0.869792 -0.166473
v -0.964167 0.869792 -0.217276
v -1.153768 0.869792 -0.166473
v -1.292566 0.869792 -0.027675
v -1.343369 0.869792 0.161926
v -1.292566 0.869792 0.351528
v -1.153768 0.869792 0.490325
v -0.964167 0.869792 0.541129
v -0.774565 0.869792 0.490325
v -0.635767 0.869792 0.351528
v -0.465839 0.868902 -0.125787
v -0.388747 0.839957 0.161925
v -0.676458 0.839957 -0.336406
v -0.964169 0.839957 -0.413498
v -1.203093 0.839957 -0.272931
v -1.413712 0.839957 -0.062311
v -1.520038 0.865593 0.161925
v -1.462500 0.839957 0.449636
v -1.251881 0.839957 0.660256
v -0.964169 0.839957 0.737348
v -0.676458 0.839957 0.660256
v -0.465839 0.868902 0.449636
v -0.721354 1.137483 0.021738
v -0.683791 1.137483 0.161926
v -0.823979 1.126142 -0.080886
v -0.964167 1.126142 -0.118449
v -1.104355 1.126142 -0.080886
v -1.206979 1.137483 0.021738
v -1.244542 1.137483 0.161926
v -1.206979 1.137483 0.302114
v -1.104355 1.126142 0.404739
v -0.964167 1.126142 0.442302
v -0.823979 1.126142 0.404739
v -0.964167 1.003637 -0.150155
v -0.808126 1.003637 -0.108344
v -0.808126 1.003637 0.432196
v -0.964167 1.003637 0.474007
v -1.234437 1.003637 0.317967
v -1.276248 1.003637 0.161926
v -1.120207 1.003637 -0.108344
v -0.693897 1.003637 0.317967
v -0.693897 1.003637 0.005886
v -0.652086 1.003637 0.161926
v -1.120207 1.003637 0.432196
v -1.234437 1.003637 0.005886
v -0.720581 1.133715 0.302561
v -0.616868 0.866185 -0.038587
v -0.563141 0.866185 0.161926
v -0.763654 0.866185 -0.185373
v -0.964167 0.866185 -0.239101
v -1.164680 0.866185 -0.185373
v -1.311466 0.866185 -0.038587
v -1.365194 0.866185 0.161926
v -1.311466 0.866185 0.362439
v -1.164680 0.866185 0.509225
v -0.964167 0.866185 0.562953
v -0.763654 0.866185 0.509225
v -0.616868 0.866185 0.362439
v -0.388816 0.348149 0.327840
v 0.171849 1.240849 -0.451508
v -0.396909 0.359410 0.334916
v 0.163756 1.252110 -0.444432
v -0.410772 0.366110 0.332618
v 0.149893 1.258810 -0.446731
v -0.422285 0.364325 0.322291
v 0.138381 1.257025 -0.457057
v -0.424703 0.355101 0.309986
v 0.135962 1.247801 -0.469363
v -0.416610 0.343840 0.302910
v 0.137457 1.219393 -0.458293
v -0.402747 0.337140 0.305208
v 0.146064 1.213343 -0.457285
v -0.391234 0.338925 0.315534
v 0.152998 1.215369 -0.450561
v 0.170182 1.250112 -0.461786
v 0.165098 1.257185 -0.457341
v 0.156391 1.261393 -0.458785
v 0.149159 1.260272 -0.465271
v 0.147640 1.254478 -0.473001
v 0.152724 1.247405 -0.477446
v 0.161432 1.243196 -0.476002
v 0.168663 1.244318 -0.469515
v 0.142317 1.193828 -0.410458
v 0.134224 1.205088 -0.403382
v 0.120361 1.211789 -0.405680
v 0.108849 1.210004 -0.416007
v 0.106430 1.200779 -0.428312
v 0.130865 1.205365 -0.449129
v 0.135972 1.199316 -0.443295
v 0.146406 1.201342 -0.441397
v 0.157918 1.229840 -0.474140
v 0.144055 1.236541 -0.476439
v 0.169431 1.231625 -0.463814
v 0.114523 1.189519 -0.435388
v 0.139899 1.184604 -0.422763
v 0.128386 1.182819 -0.433090
v 0.146064 0.325931 -0.457285
v 0.135972 0.325930 -0.443295
v 0.137457 0.325930 -0.458292
v 0.152998 0.325931 -0.450561
v 0.130865 0.325931 -0.449129
v 0.146406 0.325931 -0.441397
v -1.386476 0.337619 0.266231
v -1.390238 0.361453 0.324483
v -1.390238 0.361453 0.207978
v -1.233427 0.356734 0.266231
v -1.471110 0.313485 0.266231
v -1.475358 0.340399 0.200451
v -1.475358 0.340399 0.332010
v -1.512543 0.311926 0.266231
v -1.561900 0.328357 0.266231
v -1.516567 0.337417 0.203930
v -1.516567 0.337417 0.328531
v -1.564830 0.346925 0.311614
v -1.526279 0.398956 0.354337
v -1.485613 0.405374 0.359257
v -1.571906 0.391754 0.330413
v -1.535992 0.460495 0.328531
v -1.495868 0.470349 0.332010
v -1.578981 0.436583 0.311614
v -1.540015 0.485985 0.266231
v -1.500116 0.497263 0.266231
v -1.581912 0.455152 0.266231
v -1.535992 0.460495 0.203930
v -1.495868 0.470349 0.200451
v -1.578981 0.436583 0.220847
v -1.526279 0.398956 0.178124
v -1.485613 0.405374 0.173204
v -1.571906 0.391754 0.202048
v -1.564830 0.346925 0.220847
v -1.399319 0.418994 0.183849
v -1.408401 0.476534 0.207978
v -1.247046 0.443027 0.178869
v -1.256677 0.504046 0.204457
v -1.237416 0.382009 0.204457
v -1.260666 0.529320 0.266231
v -1.256677 0.504046 0.328004
v -1.412163 0.500368 0.266231
v -1.408401 0.476534 0.324483
v -1.399319 0.418994 0.348612
v -1.247046 0.443027 0.353592
v -1.237416 0.382009 0.328004
v 0.187142 0.290977 -0.447541
v 0.184387 0.290977 -0.437950
v 0.177735 0.290977 -0.433978
v 0.171084 0.290977 -0.437950
v 0.168329 0.290977 -0.447541
v 0.171084 0.290977 -0.457132
v 0.177735 0.290977 -0.461105
v 0.184387 0.290977 -0.457132
v 0.180841 0.314493 -0.447541
v 0.178455 0.313116 -0.437950
v 0.172694 0.309790 -0.433978
v 0.166934 0.306464 -0.437950
v 0.164548 0.305086 -0.447541
v 0.166934 0.306464 -0.457132
v 0.172694 0.309790 -0.461105
v 0.178455 0.313116 -0.457132
v 0.163625 0.331708 -0.447541
v 0.162248 0.329322 -0.437950
v 0.158922 0.323562 -0.433978
v 0.155596 0.317802 -0.437950
v 0.154219 0.315416 -0.447541
v 0.155596 0.317802 -0.457132
v 0.158922 0.323562 -0.461105
v 0.162248 0.329322 -0.457132
v 0.140109 0.338010 -0.447541
v 0.140109 0.335254 -0.437950
v 0.140109 0.328603 -0.433978
v 0.140109 0.321952 -0.437950
v 0.140109 0.319196 -0.447541
v 0.140109 0.321952 -0.457132
v 0.140109 0.328603 -0.461105
v 0.140109 0.335254 -0.457132
v 0.116592 0.331708 -0.447541
v 0.117970 0.329322 -0.437950
v 0.121295 0.323562 -0.433978
v 0.124621 0.317802 -0.437950
v 0.125999 0.315416 -0.447541
v 0.124621 0.317802 -0.457132
v 0.121295 0.323562 -0.461105
v 0.117970 0.329322 -0.457132
v 0.099377 0.314493 -0.447541
v 0.101763 0.313116 -0.437950
v 0.107523 0.309790 -0.433978
v 0.113284 0.306464 -0.437950
v 0.115670 0.305086 -0.447541
v 0.113284 0.306464 -0.457132
v 0.107523 0.309790 -0.461105
v 0.101763 0.313116 -0.457132
v 0.093076 0.290977 -0.447541
v 0.095831 0.290977 -0.437950
v 0.102482 0.290977 -0.433978
v 0.109134 0.290977 -0.437950
v 0.111889 0.290977 -0.447541
v 0.109134 0.290977 -0.457132
v 0.102482 0.290977 -0.461105
v 0.095831 0.290977 -0.457132
v 0.095831 0.209938 -0.457132
v 0.102482 0.209938 -0.461105
v 0.109134 0.209938 -0.457132
v 0.111889 0.209938 -0.447541
v 0.109134 0.209938 -0.437950
v 0.102482 0.209938 -0.433978
v 0.095831 0.209938 -0.437950
v 0.093076 0.209938 -0.447541
v 0.184387 0.209938 -0.457132
v 0.177735 0.209938 -0.461105
v 0.171084 0.209938 -0.457132
v 0.168329 0.209938 -0.447541
v 0.171084 0.209938 -0.437950
v 0.177735 0.209938 -0.433978
v 0.184387 0.209938 -0.437950
v 0.187142 0.209938 -0.447541
vn 0.6811 -0.7322 -0.0000
vn 0.9998 0.0196 -0.0000
vn 0.5893 -0.7333 0.3390
vn 0.8659 0.0196 0.4999
vn 0.3397 -0.7369 0.5844
vn 0.4999 0.0196 0.8659
vn -0.0000 -0.7394 0.6733
vn -0.0000 0.0196 0.9998
vn -0.0000 -0.7394 -0.6733
vn -0.0000 0.0196 -0.9998
vn 0.3397 -0.7369 -0.5844
vn 0.4999 0.0196 -0.8659
vn 0.5893 -0.7333 -0.3390
vn 0.8659 0.0196 -0.4999
vn 0.9999 0.0141 -0.0000
vn 0.9214 0.3885 -0.0000
vn 0.7979 0.3901 0.4595
vn 0.8658 0.0121 0.5002
vn 0.4613 0.3952 0.7944
vn 0.5008 0.0057 0.8656
vn -0.0000 0.3990 0.9170
vn -0.0000 0.0013 1.0000
vn -0.0000 0.3990 -0.9170
vn -0.0000 0.0013 -1.0000
vn 0.4613 0.3952 -0.7944
vn 0.5008 0.0057 -0.8656
vn 0.7979 0.3901 -0.4595
vn 0.8658 0.0121 -0.5002
vn 0.9815 0.1917 -0.0000
vn 0.8492 0.1926 0.4917
vn 0.4899 0.1957 0.8495
vn -0.0000 0.1979 0.9802
vn -0.0000 0.1979 -0.9802
vn 0.4899 0.1957 -0.8495
vn 0.8492 0.1926 -0.4917
vn 0.9379 -0.3470 -0.0000
vn 0.8122 -0.3470 0.4689
vn 0.4689 -0.3470 0.8122
vn -0.0000 -0.3470 0.9379
vn -0.0000 -0.3470 -0.9379
vn 0.4689 -0.3470 -0.8122
vn 0.8122 -0.3470 -0.4689
vn 0.9998 0.0190 -0.0000
vn 0.8659 0.0190 0.4999
vn 0.4999 0.0190 0.8659
vn -0.0000 0.0190 0.9998
vn -0.0000 0.0190 -0.9998
vn 0.4999 0.0190 -0.8659
vn 0.8659 0.0190 -0.4999
vn 0.8538 0.5207 -0.0000
vn 0.7394 0.5207 0.4269
vn 0.4269 0.5207 0.7394
vn -0.0000 0.5207 0.8538
vn -0.0000 0.5207 -0.8538
vn 0.4269 0.5207 -0.7394
vn 0.7394 0.5207 -0.4269
vn 0.6596 0.7516 -0.0000
vn 0.5712 0.7516 0.3298
vn 0.3298 0.7516 0.5712
vn -0.0000 0.7516 0.6596
vn -0.0000 0.7516 -0.6596
vn 0.3298 0.7516 -0.5712
vn 0.5712 0.7516 -0.3298
vn 0.7466 0.5068 0.4310
vn 0.4310 0.5068 0.7466
vn -0.0000 0.5068 0.8621
vn -0.0000 0.5068 -0.8621
vn 0.4310 0.5068 -0.7466
vn 0.7466 0.5068 -0.4310
vn 0.8621 0.5068 -0.0000
vn 0.7788 -0.4376 0.4493
vn 0.4490 -0.4436 0.7756
vn -0.0000 -0.4477 0.8942
vn -0.0000 -0.4477 -0.8942
vn 0.4490 -0.4436 -0.7756
vn 0.7788 -0.4376 -0.4493
vn 0.9001 -0.4358 -0.0000
vn -0.6811 -0.7322 -0.0000
vn -0.9998 0.0196 -0.0000
vn -0.5893 -0.7333 0.3390
vn -0.8659 0.0196 0.4999
vn -0.3397 -0.7369 0.5844
vn -0.4999 0.0196 0.8659
vn -0.3397 -0.7369 -0.5844
vn -0.4999 0.0196 -0.8659
vn -0.5893 -0.7333 -0.3390
vn -0.8659 0.0196 -0.4999
vn -0.9999 0.0141 -0.0000
vn -0.9214 0.3885 -0.0000
vn -0.7979 0.3901 0.4595
vn -0.8658 0.0121 0.5002
vn -0.4613 0.3952 0.7944
vn -0.5008 0.0057 0.8656
vn -0.4613 0.3952 -0.7944
vn -0.5008 0.0057 -0.8656
vn -0.7979 0.3901 -0.4595
vn -0.8658 0.0121 -0.5002
vn -0.9815 0.1917 -0.0000
vn -0.8492 0.1926 0.4917
vn -0.4899 0.1957 0.8495
vn -0.4899 0.1957 -0.8495
vn -0.8492 0.1926 -0.4917
vn -0.9379 -0.3470 -0.0000
vn -0.8122 -0.3470 0.4689
vn -0.4689 -0.3470 0.8122
vn -0.4689 -0.3470 -0.8122
vn -0.8122 -0.3470 -0.4689
vn -0.9998 0.0190 -0.0000
vn -0.8659 0.0190 0.4999
vn -0.4999 0.0190 0.8659
vn -0.4999 0.0190 -0.8659
vn -0.8659 0.0190 -0.4999
vn -0.8538 0.5207 -0.0000
vn -0.7394 0.5207 0.4269
vn -0.4269 0.5207 0.7394
vn -0.4269 0.5207 -0.7394
vn -0.7394 0.5207 -0.4269
vn -0.6596 0.7516 -0.0000
vn -0.5712 0.7516 0.3298
vn -0.3298 0.7516 0.5712
vn -0.3298 0.7516 -0.5712
vn -0.5712 0.7516 -0.3298
vn -0.7466 0.5068 0.4310
vn -0.4310 0.5068 0.7466
vn -0.4310 0.5068 -0.7466
vn -0.7466 0.5068 -0.4310
vn -0.8621 0.5068 -0.0000
vn -0.7788 -0.4376 0.4493
vn -0.4490 -0.4436 0.7756
vn -0.4490 -0.4436 -0.7756
vn -0.7788 -0.4376 -0.4493
vn -0.9001 -0.4358 -0.0000
vn -0.5079 -0.6958 -0.5079
vn -0.5079 -0.6958 0.5079
vn 0.5079 -0.6958 -0.5079
vn 0.5079 -0.6958 0.5079
vn -0.0000 -0.7205 -0.6935
vn -0.0000 -0.7205 0.6935
vn -0.6935 -0.7205 -0.0000
vn 0.6935 -0.7205 -0.0000
vn -0.0000 -1.0000 -0.0000
vn -0.0000 0.7205 -0.6935
vn -0.5079 0.6958 -0.5079
vn -0.6935 0.7205 -0.0000
vn -0.5079 0.6958 0.5079
vn -0.0000 0.7205 0.6935
vn 0.5079 0.6958 0.5079
vn 0.6935 0.7205 -0.0000
vn 0.5079 0.6958 -0.5079
vn -0.0000 1.0000 -0.0000
vn -0.2018 -0.9794 -0.0000
vn 0.6421 -0.7666 -0.0000
vn -0.1580 -0.7083 0.6880
vn 0.7040 -0.5635 0.4322
vn -0.0446 0.0073 0.9990
vn 0.7969 -0.1358 0.5887
vn 0.0686 0.7228 0.6876
vn 0.8452 0.3041 0.4394
vn 0.1117 0.9937 -0.0000
vn 0.8513 0.5247 -0.0000
vn 0.0686 0.7228 -0.6876
vn 0.8452 0.3041 -0.4394
vn -0.0446 0.0073 -0.9990
vn 0.7969 -0.1358 -0.5887
vn -0.1580 -0.7083 -0.6880
vn 0.7040 -0.5635 -0.4322
vn -0.1239 -0.9923 -0.0000
vn -0.0804 -0.7166 0.6929
vn 0.0344 0.0109 0.9993
vn 0.1467 0.7224 0.6757
vn 0.1877 0.9822 -0.0000
vn 0.1467 0.7224 -0.6757
vn 0.0344 0.0109 -0.9993
vn -0.0804 -0.7166 -0.6929
vn -0.1538 -0.9881 -0.0000
vn -0.1135 -0.7225 0.6820
vn -0.0011 0.0002 1.0000
vn 0.1113 0.7228 0.6820
vn 0.1516 0.9884 -0.0000
vn 0.1113 0.7228 -0.6820
vn -0.0011 0.0002 -1.0000
vn -0.1135 -0.7225 -0.6820
vn 0.1254 -0.9921 -0.0000
vn 0.1693 -0.7388 0.6523
vn 0.2803 -0.0478 0.9587
vn 0.3836 0.6477 0.6583
vn 0.4169 0.9089 -0.0000
vn 0.3836 0.6477 -0.6583
vn 0.2803 -0.0478 -0.9587
vn 0.1693 -0.7388 -0.6523
vn -0.0721 0.9974 -0.0000
vn -0.0912 0.9954 0.0298
vn -0.0476 0.9988 0.0071
vn 0.0312 0.9968 0.0741
vn 0.0337 0.9965 0.0767
vn 0.0308 0.9993 -0.0208
vn 0.0427 0.9991 0.0016
vn 0.0258 0.9994 0.0227
vn 0.0128 0.9988 -0.0477
vn -0.0000 0.9982 -0.0604
vn -0.0681 0.9973 -0.0258
vn -0.0958 0.9943 -0.0470
vn 0.4392 0.8618 -0.2536
vn 0.5072 0.8618 -0.0000
vn 0.2536 0.8618 -0.4392
vn -0.0000 0.8618 -0.5072
vn -0.2536 0.8618 -0.4392
vn -0.4392 0.8618 -0.2536
vn -0.5072 0.8618 -0.0000
vn -0.4392 0.8618 0.2536
vn -0.2536 0.8618 0.4392
vn -0.0000 0.8618 0.5072
vn 0.2536 0.8618 0.4392
vn 0.4392 0.8618 0.2536
vn -0.0345 0.9994 0.0064
vn -0.0078 1.0000 -0.0000
vn -0.0176 0.9988 -0.0456
vn 0.0160 0.9998 -0.0136
vn -0.0436 0.9979 -0.0478
vn -0.0432 0.9969 -0.0659
vn -0.0061 0.9999 -0.0084
vn -0.0208 0.9986 0.0496
vn -0.0236 0.9994 0.0259
vn -0.0000 0.9996 0.0268
vn -0.0295 0.9990 0.0346
vn -0.0372 0.9992 -0.0166
vn 0.4824 0.8209 -0.3056
vn 0.5892 0.8079 0.0073
vn 0.2952 0.7906 -0.5365
vn -0.0000 0.7948 -0.6069
vn -0.2920 0.7908 -0.5380
vn -0.4763 0.8226 -0.3106
vn -0.6135 0.7897 -0.0000
vn -0.4763 0.8226 0.3106
vn -0.2920 0.7908 0.5380
vn -0.0000 0.7948 0.6069
vn 0.2917 0.7925 0.5356
vn -0.0000 0.3575 -0.9339
vn 0.4658 0.3550 -0.8106
vn 0.4658 0.3550 0.8106
vn -0.0000 0.3575 0.9339
vn -0.8101 0.3507 0.4699
vn -0.9374 0.3484 -0.0000
vn -0.4658 0.3550 -0.8106
vn 0.8101 0.3507 0.4699
vn 0.8101 0.3507 -0.4699
vn 0.9374 0.3484 -0.0000
vn -0.4658 0.3550 0.8106
vn -0.8101 0.3507 -0.4699
vn 0.4881 0.8134 0.3163
vn 0.0855 0.9951 -0.0494
vn 0.1159 0.9933 -0.0000
vn 0.0482 0.9906 -0.1284
vn -0.0120 0.9862 -0.1652
vn -0.1177 0.9782 -0.1711
vn -0.1495 0.9809 -0.1245
vn -0.1156 0.9933 -0.0080
vn -0.1105 0.9902 0.0855
vn -0.0774 0.9880 0.1340
vn -0.0000 0.9880 0.1547
vn 0.0482 0.9906 0.1284
vn 0.0855 0.9951 0.0494
vn 0.3751 -0.6132 0.6952
vn 0.9635 0.0196 0.2672
vn 0.1085 -0.1656 0.9802
vn 0.5641 0.5752 0.5923
vn -0.4109 0.1615 0.8973
vn -0.0761 0.8808 0.4673
vn -0.8696 0.0681 0.4891
vn -0.5963 0.8027 0.0078
vn -0.9363 -0.3482 0.0457
vn -0.7337 0.3660 -0.5725
vn -0.6123 -0.7649 -0.1999
vn -0.0324 -0.5823 -0.8123
vn -0.1081 -0.9855 -0.1307
vn 0.3321 -0.3680 -0.8685
vn 0.2883 -0.9288 0.2330
vn 0.5552 -0.6237 -0.5502
vn 0.8277 0.5030 -0.2486
vn 0.6037 0.7952 -0.0566
vn 0.2259 0.9694 -0.0962
vn -0.0768 0.9224 -0.3784
vn -0.1237 0.6850 -0.7180
vn 0.0810 0.3822 -0.9205
vn 0.4592 0.1682 -0.8723
vn 0.7846 0.2295 -0.5760
vn 0.8834 -0.1754 0.4346
vn 0.4744 0.3907 0.7888
vn -0.2036 0.7133 0.6706
vn -0.7566 0.6296 0.1768
vn -0.8834 0.1754 -0.4346
vn -0.3833 -0.5287 -0.7574
vn -0.3818 -0.9241 0.0156
vn 0.7316 -0.6817 -0.0040
vn 0.2742 -0.5736 -0.7719
vn -0.3652 -0.2165 -0.9054
vn 0.8329 -0.4625 -0.3039
vn -0.4371 -0.3977 -0.8067
vn 0.7442 -0.6317 -0.2170
vn 0.2089 -0.6880 -0.6950
vn 0.2985 -0.7181 -0.6286
vn -0.3440 -0.7166 0.6067
vn -0.2930 -0.6876 -0.6643
vn 0.7436 -0.6653 -0.0660
vn -0.7415 -0.6700 0.0354
vn 0.2733 -0.6834 0.6770
vn 0.2018 -0.9794 -0.0000
vn 0.1580 -0.7083 0.6880
vn 0.1580 -0.7083 -0.6880
vn 0.6448 -0.7643 -0.0000
vn 0.1538 -0.9881 -0.0000
vn 0.1135 -0.7225 -0.6820
vn 0.1135 -0.7225 0.6820
vn -0.1254 -0.9921 -0.0000
vn -0.6421 -0.7666 -0.0000
vn -0.1693 -0.7388 -0.6523
vn -0.1693 -0.7388 0.6523
vn -0.7040 -0.5635 0.4322
vn -0.2803 -0.0478 0.9587
vn 0.0011 0.0002 1.0000
vn -0.7969 -0.1358 0.5887
vn -0.3836 0.6477 0.6583
vn -0.1113 0.7228 0.6820
vn -0.8452 0.3041 0.4394
vn -0.4169 0.9089 -0.0000
vn -0.1516 0.9884 -0.0000
vn -0.8513 0.5247 -0.0000
vn -0.3836 0.6477 -0.6583
vn -0.1113 0.7228 -0.6820
vn -0.8452 0.3041 -0.4394
vn -0.2803 -0.0478 -0.9587
vn 0.0011 0.0002 -1.0000
vn -0.7969 -0.1358 -0.5887
vn -0.7040 -0.5635 -0.4322
vn 0.0446 0.0073 -0.9990
vn -0.0686 0.7228 -0.6876
vn 0.6217 0.1108 -0.7754
vn 0.4852 0.6813 -0.5481
vn 0.6627 -0.4908 -0.5657
vn 0.3963 0.9181 -0.0000
vn 0.4852 0.6813 0.5481
vn -0.1117 0.9937 -0.0000
vn -0.0686 0.7228 0.6876
vn 0.0446 0.0073 0.9990
vn 0.6217 0.1108 0.7754
vn 0.6627 -0.4908 0.5657
vn 0.9917 0.1289 -0.0000
vn 0.7964 0.1049 0.5956
vn 0.0347 0.0093 0.9994
vn -0.7781 -0.1043 0.6195
vn -0.9910 -0.1338 -0.0000
vn -0.7781 -0.1043 -0.6195
vn 0.0347 0.0093 -0.9994
vn 0.7964 0.1049 -0.5956
vn 0.8565 0.5162 -0.0000
vn 0.7009 0.4153 0.5799
vn 0.0734 0.0252 0.9970
vn -0.6688 -0.3898 0.6331
vn -0.8649 -0.5019 -0.0000
vn -0.6688 -0.3898 -0.6331
vn 0.0734 0.0252 -0.9970
vn 0.7009 0.4153 -0.5799
vn 0.4815 0.8765 -0.0000
vn 0.4050 0.7213 0.5619
vn 0.0603 0.0750 0.9954
vn -0.3841 -0.6748 0.6302
vn -0.4968 -0.8679 -0.0000
vn -0.3841 -0.6748 -0.6302
vn 0.0603 0.0750 -0.9954
vn 0.4050 0.7213 -0.5619
vn -0.0000 0.8347 0.5507
vn -0.0000 0.1083 0.9941
vn -0.0000 -0.7766 0.6300
vn -0.0000 -0.7766 -0.6300
vn -0.0000 0.1083 -0.9941
vn -0.0000 0.8347 -0.5507
vn -0.4815 0.8765 -0.0000
vn -0.4050 0.7213 0.5619
vn -0.0603 0.0750 0.9954
vn 0.3841 -0.6748 0.6302
vn 0.4968 -0.8679 -0.0000
vn 0.3841 -0.6748 -0.6302
vn -0.0603 0.0750 -0.9954
vn -0.4050 0.7213 -0.5619
vn -0.8565 0.5162 -0.0000
vn -0.7009 0.4153 0.5799
vn -0.0734 0.0252 0.9970
vn 0.6688 -0.3898 0.6331
vn 0.8649 -0.5019 -0.0000
vn 0.6688 -0.3898 -0.6331
vn -0.0734 0.0252 -0.9970
vn -0.7009 0.4153 -0.5799
vn -0.9917 0.1289 -0.0000
vn -0.7964 0.1049 0.5956
vn -0.0347 0.0093 0.9994
vn 0.7781 -0.1043 0.6195
vn 0.9910 -0.1338 -0.0000
vn 0.7781 -0.1043 -0.6195
vn -0.0347 0.0093 -0.9994
vn -0.7964 0.1049 -0.5956
vn -0.5578 -0.7103 -0.4294
vn -0.0000 -0.6867 -0.7269
vn 0.5578 -0.7103 -0.4294
vn 0.6878 -0.7259 -0.0000
vn 0.5578 -0.7103 0.4294
vn -0.0000 -0.6867 0.7269
vn -0.5578 -0.7103 0.4294
vn -0.6878 -0.7259 -0.0000
vt 0.578607 0.418209
vt 0.573342 0.411358
vt 0.592033 0.389636
vt 0.600810 0.398179
vt 0.613642 0.368864
vt 0.622227 0.377150
vt 0.732560 0.233147
vt 0.721954 0.228281
vt 0.733350 0.200603
vt 0.744559 0.204641
vt 0.742267 0.171706
vt 0.753894 0.174786
vt 0.829144 0.196828
vt 0.809879 0.190596
vt 0.817808 0.154691
vt 0.836987 0.160299
vt 0.789034 0.184047
vt 0.765661 0.177856
vt 0.772092 0.146479
vt 0.796740 0.149234
vt 0.815929 0.232840
vt 0.797827 0.224896
vt 0.777850 0.216896
vt 0.755423 0.208732
vt 0.799501 0.266305
vt 0.782765 0.256884
vt 0.764011 0.247547
vt 0.743106 0.237892
vt 0.651607 0.451304
vt 0.638156 0.438638
vt 0.661045 0.415251
vt 0.674405 0.427699
vt 0.624215 0.423794
vt 0.608548 0.406917
vt 0.630547 0.385485
vt 0.646660 0.401278
vt 0.630813 0.476930
vt 0.616249 0.463163
vt 0.600731 0.446082
vt 0.583670 0.425082
vt 0.825243 0.119011
vt 0.847154 0.124134
vt 0.770486 0.113753
vt 0.799858 0.115317
vt 0.748151 0.142736
vt 0.723579 0.166228
vt 0.728793 0.137755
vt 0.752310 0.114403
vt 0.733450 0.109351
vt 0.576876 0.376317
vt 0.598879 0.355955
vt 0.716097 0.194035
vt 0.557461 0.398856
vt 0.704558 0.220484
vt 0.559749 0.358473
vt 0.582250 0.339651
vt 0.684822 0.211885
vt 0.694609 0.186966
vt 0.701755 0.160661
vt 0.706052 0.133080
vt 0.708050 0.104993
vt 0.537656 0.379427
vt 0.542459 0.336494
vt 0.565350 0.319711
vt 0.662580 0.202454
vt 0.671184 0.179718
vt 0.677589 0.156096
vt 0.680651 0.131432
vt 0.678736 0.105759
vt 0.519209 0.351987
vt 0.508174 0.323065
vt 0.530849 0.310921
vt 0.551904 0.297176
vt 0.640306 0.192814
vt 0.647827 0.173145
vt 0.652769 0.153096
vt 0.655239 0.132723
vt 0.653568 0.112532
vt 0.760295 0.144917
vt 0.761245 0.114092
vt 0.849322 0.163234
vt 0.857150 0.128364
vt 0.638847 0.482259
vt 0.660378 0.459094
vt 0.683126 0.435844
vt 0.810270 0.272775
vt 0.827417 0.238123
vt 0.841716 0.200202
vt 0.664351 0.333778
vt 0.643769 0.355981
vt 0.635051 0.348172
vt 0.655326 0.326355
vt 0.718199 0.260455
vt 0.708083 0.254944
vt 0.701532 0.286262
vt 0.691931 0.279857
vt 0.761851 0.326772
vt 0.741190 0.354133
vt 0.726971 0.342554
vt 0.747064 0.315628
vt 0.730370 0.304251
vt 0.711099 0.330400
vt 0.692782 0.317319
vt 0.711020 0.292632
vt 0.781541 0.297607
vt 0.765897 0.287126
vt 0.748372 0.276502
vt 0.728149 0.266032
vt 0.697179 0.404209
vt 0.683584 0.392054
vt 0.668690 0.378804
vt 0.652286 0.363570
vt 0.719433 0.379760
vt 0.705608 0.367882
vt 0.690299 0.355192
vt 0.673192 0.341018
vt 0.674451 0.303795
vt 0.659284 0.292853
vt 0.676226 0.269930
vt 0.640534 0.314590
vt 0.620387 0.335719
vt 0.691785 0.246063
vt 0.603405 0.320137
vt 0.672100 0.235482
vt 0.657871 0.258128
vt 0.623332 0.300560
vt 0.641488 0.279810
vt 0.585996 0.301711
vt 0.650860 0.223909
vt 0.637428 0.244542
vt 0.604956 0.283486
vt 0.622292 0.264479
vt 0.570923 0.281307
vt 0.588151 0.264709
vt 0.629855 0.211555
vt 0.618030 0.230042
vt 0.604269 0.248012
vt 0.683687 0.310633
vt 0.750057 0.361673
vt 0.728202 0.387488
vt 0.705862 0.412088
vt 0.791349 0.304707
vt 0.771154 0.334182
vt 0.185534 0.185483
vt 0.008237 0.128276
vt 0.094759 0.008237
vt 0.242730 0.008237
vt 0.362768 0.242730
vt 0.362768 0.094759
vt 0.276247 0.362768
vt 0.128276 0.362768
vt 0.008238 0.276247
vt 0.794814 0.611869
vt 0.908139 0.759703
vt 0.768731 0.809310
vt 0.646974 0.725224
vt 0.942617 0.498538
vt 0.992224 0.637945
vt 0.820860 0.414452
vt 0.681452 0.464059
vt 0.597367 0.585817
vt 0.007776 0.981836
vt 0.091861 0.860079
vt 0.106891 0.870458
vt 0.022805 0.992215
vt 0.175947 0.738321
vt 0.190976 0.748700
vt 0.260033 0.616563
vt 0.344118 0.494806
vt 0.359148 0.505185
vt 0.275062 0.626943
vt 0.512290 0.251291
vt 0.596375 0.129533
vt 0.611404 0.139913
vt 0.527319 0.261670
vt 0.428204 0.373048
vt 0.443233 0.383428
vt 0.680461 0.007776
vt 0.695490 0.018155
vt 0.216472 0.645748
vt 0.211244 0.651884
vt 0.204234 0.648206
vt 0.207687 0.640269
vt 0.195528 0.645330
vt 0.197678 0.636257
vt 0.186612 0.642784
vt 0.187803 0.632934
vt 0.178343 0.641446
vt 0.178407 0.630935
vt 0.169702 0.642003
vt 0.168813 0.631632
vt 0.159651 0.643601
vt 0.158153 0.633918
vt 0.137106 0.655774
vt 0.140456 0.647463
vt 0.149148 0.645281
vt 0.158089 0.650506
vt 0.162043 0.660078
vt 0.158693 0.668390
vt 0.150002 0.670572
vt 0.141060 0.665346
vt 0.146929 0.636046
vt 0.136321 0.639352
vt 0.191462 0.612574
vt 0.180454 0.610724
vt 0.183539 0.592002
vt 0.194293 0.594289
vt 0.156981 0.611451
vt 0.145403 0.614103
vt 0.146272 0.592123
vt 0.159248 0.591524
vt 0.213396 0.620843
vt 0.202918 0.616134
vt 0.206262 0.597619
vt 0.217990 0.601190
vt 0.169133 0.610370
vt 0.172243 0.591322
vt 0.135773 0.617718
vt 0.135029 0.592588
vt 0.221631 0.626868
vt 0.228104 0.604205
vt 0.145658 0.628358
vt 0.135029 0.632238
vt 0.156932 0.625553
vt 0.168504 0.623512
vt 0.179009 0.623092
vt 0.189253 0.625215
vt 0.200028 0.628755
vt 0.210283 0.633543
vt 0.219126 0.639862
vt 0.498550 0.662011
vt 0.488640 0.685165
vt 0.468060 0.679981
vt 0.474753 0.664799
vt 0.554230 0.613448
vt 0.522941 0.570719
vt 0.542438 0.549591
vt 0.579270 0.606198
vt 0.558785 0.667014
vt 0.585376 0.671477
vt 0.536027 0.709666
vt 0.561903 0.729427
vt 0.461203 0.761617
vt 0.503330 0.745845
vt 0.524899 0.770098
vt 0.468487 0.785998
vt 0.408314 0.759069
vt 0.403559 0.785212
vt 0.363397 0.746602
vt 0.341778 0.770756
vt 0.333331 0.702490
vt 0.306905 0.710335
vt 0.327208 0.650413
vt 0.300290 0.644923
vt 0.350700 0.605727
vt 0.324238 0.585784
vt 0.423682 0.544696
vt 0.383483 0.571062
vt 0.361644 0.547037
vt 0.417194 0.518348
vt 0.476457 0.544311
vt 0.482527 0.518348
vt 0.529523 0.623189
vt 0.505730 0.589972
vt 0.534398 0.663264
vt 0.514375 0.693927
vt 0.456406 0.745209
vt 0.486152 0.725606
vt 0.418297 0.742965
vt 0.380303 0.726574
vt 0.357318 0.693732
vt 0.352929 0.652192
vt 0.372493 0.621756
vt 0.429616 0.569015
vt 0.401139 0.591262
vt 0.469164 0.570721
vt 0.474122 0.648456
vt 0.435279 0.627778
vt 0.452500 0.625449
vt 0.412176 0.616236
vt 0.433985 0.602764
vt 0.419255 0.636190
vt 0.402616 0.701740
vt 0.387451 0.678859
vt 0.413323 0.666854
vt 0.418340 0.682706
vt 0.475309 0.700189
vt 0.454037 0.713324
vt 0.452582 0.688444
vt 0.459378 0.602033
vt 0.484101 0.614699
vt 0.498985 0.638407
vt 0.468524 0.632866
vt 0.388836 0.653881
vt 0.412409 0.650778
vt 0.428052 0.713402
vt 0.435152 0.689939
vt 0.398552 0.630787
vt 0.420344 0.736608
vt 0.385316 0.720785
vt 0.359461 0.653413
vt 0.373866 0.623545
vt 0.522534 0.625713
vt 0.527691 0.661881
vt 0.466137 0.578225
vt 0.501169 0.595261
vt 0.455125 0.738912
vt 0.363932 0.690766
vt 0.431273 0.576199
vt 0.484375 0.724240
vt 0.402964 0.592442
vt 0.513039 0.692206
vt 0.349024 0.381747
vt 0.365269 0.382846
vt 0.365271 0.386161
vt 0.348306 0.384792
vt 0.365724 0.389207
vt 0.348069 0.388297
vt 0.365643 0.392123
vt 0.347979 0.390717
vt 0.365360 0.395143
vt 0.347187 0.393270
vt 0.365486 0.398342
vt 0.345516 0.395419
vt 0.389341 0.009282
vt 0.391212 0.012242
vt 0.388273 0.193886
vt 0.387112 0.193469
vt 0.367553 0.405181
vt 0.365974 0.401715
vt 0.370116 0.401139
vt 0.370971 0.403276
vt 0.382995 0.012555
vt 0.384313 0.011295
vt 0.383942 0.193701
vt 0.382995 0.195125
vt 0.349898 0.379490
vt 0.366643 0.379494
vt 0.067309 0.406118
vt 0.067769 0.406171
vt 0.068074 0.406257
vt 0.068061 0.406379
vt 0.067822 0.406486
vt 0.067819 0.406547
vt 0.068324 0.406740
vt 0.066233 0.406131
vt 0.062359 0.012595
vt 0.062359 0.010918
vt 0.063413 0.009691
vt 0.064904 0.009634
vt 0.065958 0.010780
vt 0.065958 0.012457
vt 0.064904 0.013684
vt 0.063413 0.013741
vt 0.370615 0.386607
vt 0.371013 0.389583
vt 0.370402 0.395503
vt 0.370065 0.398462
vt 0.370284 0.380930
vt 0.370236 0.383627
vt 0.370764 0.392506
vt 0.264443 0.406061
vt 0.350970 0.406740
vt 0.358668 0.401586
vt 0.358861 0.399011
vt 0.360709 0.403974
vt 0.353476 0.399183
vt 0.356203 0.404702
vt 0.352033 0.401971
vt 0.385222 0.194069
vt 0.386121 0.195090
vt 0.389187 0.195069
vt 0.387700 0.009668
vt 0.392999 0.012701
vt 0.386240 0.008374
vt 0.472698 0.065840
vt 0.464939 0.065619
vt 0.457325 0.052636
vt 0.467474 0.047663
vt 0.472698 0.094583
vt 0.465568 0.084881
vt 0.449591 0.114547
vt 0.456490 0.118277
vt 0.441911 0.130332
vt 0.436461 0.120924
vt 0.461543 0.098769
vt 0.432770 0.134016
vt 0.427818 0.123008
vt 0.451457 0.046098
vt 0.462013 0.039464
vt 0.420554 0.134664
vt 0.417217 0.122944
vt 0.442933 0.039818
vt 0.452301 0.032033
vt 0.444628 0.058931
vt 0.438531 0.053832
vt 0.430783 0.048386
vt 0.432955 0.068833
vt 0.426401 0.065137
vt 0.419127 0.060046
vt 0.425881 0.080946
vt 0.418552 0.078329
vt 0.408693 0.074757
vt 0.425242 0.094640
vt 0.417793 0.093718
vt 0.408993 0.092792
vt 0.429324 0.108904
vt 0.421508 0.109816
vt 0.412027 0.109004
vt 0.428903 0.038672
vt 0.418429 0.029266
vt 0.417647 0.017111
vt 0.427015 0.009326
vt 0.441046 0.010472
vt 0.451520 0.019878
vt 0.437225 0.096645
vt 0.442641 0.107274
vt 0.450443 0.093220
vt 0.454505 0.097523
vt 0.448907 0.088055
vt 0.452517 0.083535
vt 0.458743 0.082108
vt 0.436235 0.084606
vt 0.443896 0.073787
vt 0.454659 0.067740
vt 0.338036 0.306597
vt 0.336985 0.309525
vt 0.336224 0.308534
vt 0.337847 0.306268
vt 0.336049 0.307342
vt 0.337819 0.305952
vt 0.341586 0.306745
vt 0.343005 0.308024
vt 0.342692 0.308846
vt 0.341533 0.307123
vt 0.342004 0.309833
vt 0.341334 0.307442
vt 0.340634 0.310467
vt 0.340800 0.307797
vt 0.339281 0.310387
vt 0.340112 0.307888
vt 0.338037 0.310053
vt 0.338438 0.306958
vt 0.335911 0.312494
vt 0.334571 0.311439
vt 0.333921 0.309774
vt 0.344926 0.310234
vt 0.344121 0.311668
vt 0.342750 0.312970
vt 0.340757 0.313496
vt 0.339062 0.313515
vt 0.337440 0.313070
vt 0.335010 0.315855
vt 0.333293 0.314825
vt 0.331852 0.313314
vt 0.346913 0.313345
vt 0.345507 0.315061
vt 0.343472 0.316602
vt 0.340928 0.316997
vt 0.338653 0.316830
vt 0.336825 0.316463
vt 0.334371 0.319910
vt 0.332247 0.319385
vt 0.330459 0.318669
vt 0.348343 0.317691
vt 0.346359 0.319281
vt 0.343745 0.320695
vt 0.341087 0.321058
vt 0.338762 0.320852
vt 0.336561 0.320549
vt 0.334453 0.325583
vt 0.332275 0.325348
vt 0.330459 0.325434
vt 0.349027 0.323546
vt 0.346918 0.324475
vt 0.344359 0.325747
vt 0.341290 0.326201
vt 0.338836 0.326072
vt 0.336701 0.325722
vt 0.334017 0.332477
vt 0.332942 0.332618
vt 0.332178 0.332569
vt 0.348519 0.330046
vt 0.347629 0.329984
vt 0.346216 0.330454
vt 0.339941 0.332145
vt 0.337022 0.332696
vt 0.335431 0.332620
vt 0.340068 0.304811
vt 0.340244 0.304732
vt 0.343753 0.349726
vt 0.343784 0.350538
vt 0.340197 0.304138
vt 0.340158 0.304269
vt 0.340113 0.304408
vt 0.340315 0.304217
vt 0.340289 0.303997
vt 0.343320 0.348120
vt 0.344300 0.350558
vt 0.344244 0.349350
vt 0.343951 0.346330
vt 0.340339 0.304590
vt 0.344268 0.351775
vt 0.343388 0.346701
s 1
f 64/1/64 4/2/4 6/3/6 65/4/65
f 65/4/65 6/3/6 8/5/8 66/6/66
f 67/7/67 10/8/10 12/9/12 68/10/68
f 68/10/68 12/9/12 14/11/14 69/12/69
f 76/13/76 28/14/28 15/15/15 77/16/77
f 35/17/35 27/18/27 16/19/16 29/20/29
f 75/21/75 26/22/26 28/14/28 76/13/76
f 34/23/34 25/24/25 27/18/27 35/17/35
f 74/25/74 24/26/24 26/22/26 75/21/75
f 33/27/33 23/28/23 25/24/25 34/23/34
f 72/29/72 20/30/20 22/31/22 73/32/73
f 31/33/31 19/34/19 21/35/21 32/36/32
f 71/37/71 18/38/18 20/30/20 72/29/72
f 30/39/30 17/40/17 19/34/19 31/33/31
f 77/16/77 15/15/15 18/41/18 71/42/71
f 29/20/29 16/19/16 17/43/17 30/44/30
f 15/15/15 29/20/29 30/44/30 18/41/18
f 18/38/18 30/39/30 31/33/31 20/30/20
f 20/30/20 31/33/31 32/36/32 22/31/22
f 24/26/24 33/27/33 34/23/34 26/22/26
f 26/22/26 34/23/34 35/17/35 28/14/28
f 28/14/28 35/17/35 29/20/29 15/15/15
f 2/45/2 14/11/14 42/46/42 36/47/36
f 4/48/4 2/45/2 36/47/36 37/49/37
f 8/5/8 6/3/6 38/50/38 39/51/39
f 14/11/14 12/9/12 41/52/41 42/46/42
f 6/3/6 4/2/4 37/53/37 38/50/38
f 12/9/12 10/8/10 40/54/40 41/52/41
f 39/51/39 38/50/38 45/55/45 46/56/46
f 41/52/41 40/54/40 47/57/47 48/58/48
f 42/46/42 41/52/41 48/58/48 49/59/49
f 37/49/37 36/47/36 43/60/43 44/61/44
f 36/47/36 42/46/42 49/59/49 43/60/43
f 38/50/38 37/53/37 44/62/44 45/55/45
f 46/56/46 45/55/45 52/63/52 53/64/53
f 48/58/48 47/57/47 54/65/54 55/66/55
f 49/59/49 48/58/48 55/66/55 56/67/56
f 44/61/44 43/60/43 50/68/50 51/69/51
f 43/60/43 49/59/49 56/67/56 50/68/50
f 45/55/45 44/62/44 51/70/51 52/63/52
f 52/63/52 51/70/51 58/71/58 59/72/59
f 53/64/53 52/63/52 59/72/59 60/73/60
f 55/66/55 54/65/54 61/74/61 62/75/62
f 56/67/56 55/66/55 62/75/62 63/76/63
f 51/69/51 50/68/50 57/77/57 58/78/58
f 50/68/50 56/67/56 63/76/63 57/77/57
f 25/24/25 68/10/68 69/12/69 27/18/27
f 23/28/23 67/7/67 68/10/68 25/24/25
f 19/34/19 65/4/65 66/6/66 21/35/21
f 17/40/17 64/1/64 65/4/65 19/34/19
f 27/18/27 69/12/69 70/79/70 16/19/16
f 2/45/2 70/79/70 69/12/69 14/11/14
f 17/43/17 16/19/16 70/79/70 64/80/64
f 2/45/2 4/48/4 64/80/64 70/79/70
f 1/81/1 77/16/77 71/42/71 3/82/3
f 3/83/3 71/37/71 72/29/72 5/84/5
f 5/84/5 72/29/72 73/32/73 7/85/7
f 9/86/9 74/25/74 75/21/75 11/87/11
f 11/87/11 75/21/75 76/13/76 13/88/13
f 13/88/13 76/13/76 77/16/77 1/81/1
f 123/89/123 124/90/124 83/91/83 81/92/81
f 124/90/124 66/6/66 8/5/8 83/91/83
f 67/7/67 125/93/125 85/94/85 10/8/10
f 125/93/125 126/95/126 87/96/87 85/94/85
f 131/97/131 132/98/132 88/99/88 97/100/97
f 102/101/102 98/102/98 89/103/89 96/104/96
f 130/105/130 131/97/131 97/100/97 95/106/95
f 101/107/101 102/101/102 96/104/96 94/108/94
f 74/25/74 130/105/130 95/106/95 24/26/24
f 33/27/33 101/107/101 94/108/94 23/28/23
f 129/109/129 73/32/73 22/31/22 93/110/93
f 100/111/100 32/36/32 21/35/21 92/112/92
f 128/113/128 129/109/129 93/110/93 91/114/91
f 99/115/99 100/111/100 92/112/92 90/116/90
f 132/98/132 128/113/128 91/114/91 88/99/88
f 98/102/98 99/115/99 90/116/90 89/103/89
f 88/99/88 91/114/91 99/115/99 98/102/98
f 91/114/91 93/110/93 100/111/100 99/115/99
f 93/110/93 22/31/22 32/36/32 100/111/100
f 24/26/24 95/106/95 101/107/101 33/27/33
f 95/106/95 97/100/97 102/101/102 101/107/101
f 97/100/97 88/99/88 98/102/98 102/101/102
f 79/117/79 103/118/103 107/119/107 87/96/87
f 81/92/81 104/120/104 103/118/103 79/117/79
f 8/5/8 39/51/39 105/121/105 83/91/83
f 87/96/87 107/119/107 106/122/106 85/94/85
f 83/91/83 105/121/105 104/120/104 81/92/81
f 85/94/85 106/122/106 40/54/40 10/8/10
f 39/51/39 46/56/46 110/123/110 105/121/105
f 106/122/106 111/124/111 47/57/47 40/54/40
f 107/119/107 112/125/112 111/124/111 106/122/106
f 104/120/104 109/126/109 108/127/108 103/118/103
f 103/118/103 108/127/108 112/125/112 107/119/107
f 105/121/105 110/123/110 109/126/109 104/120/104
f 46/56/46 53/64/53 115/128/115 110/123/110
f 111/124/111 116/129/116 54/65/54 47/57/47
f 112/125/112 117/130/117 116/129/116 111/124/111
f 109/126/109 114/131/114 113/132/113 108/127/108
f 108/127/108 113/132/113 117/130/117 112/125/112
f 110/123/110 115/128/115 114/131/114 109/126/109
f 115/128/115 120/133/120 119/134/119 114/131/114
f 53/64/53 60/73/60 120/133/120 115/128/115
f 116/129/116 121/135/121 61/74/61 54/65/54
f 117/130/117 122/136/122 121/135/121 116/129/116
f 114/131/114 119/134/119 118/137/118 113/132/113
f 113/132/113 118/137/118 122/136/122 117/130/117
f 94/108/94 96/104/96 126/95/126 125/93/125
f 23/28/23 94/108/94 125/93/125 67/7/67
f 92/112/92 21/35/21 66/6/66 124/90/124
f 90/116/90 92/112/92 124/90/124 123/89/123
f 96/104/96 89/103/89 127/138/127 126/95/126
f 79/117/79 87/96/87 126/95/126 127/138/127
f 90/116/90 123/89/123 127/138/127 89/103/89
f 79/117/79 127/138/127 123/89/123 81/92/81
f 78/139/78 80/140/80 128/113/128 132/98/132
f 80/140/80 82/141/82 129/109/129 128/113/128
f 82/141/82 7/85/7 73/32/73 129/109/129
f 9/86/9 84/142/84 130/105/130 74/25/74
f 84/142/84 86/143/86 131/97/131 130/105/130
f 86/143/86 78/139/78 132/98/132 131/97/131
f 141/144/141 140/145/140 136/146/136 138/147/138
f 139/148/139 141/144/141 138/147/138 134/149/134
f 133/150/133 137/151/137 141/144/141 139/148/139
f 137/151/137 135/152/135 140/145/140 141/144/141
f 150/153/150 146/154/146 147/155/147 148/156/148
f 144/157/144 145/158/145 146/154/146 150/153/150
f 143/159/143 144/157/144 150/153/150 142/160/142
f 142/160/142 150/153/150 148/156/148 149/161/149
f 137/162/137 133/163/133 143/164/143 142/165/142
f 133/163/133 139/166/139 144/167/144 143/164/143
f 134/168/134 138/169/138 146/170/146 145/171/145
f 140/172/140 135/173/135 149/174/149 148/175/148
f 139/166/139 134/168/134 145/171/145 144/167/144
f 136/176/136 140/172/140 148/175/148 147/177/147
f 135/173/135 137/178/137 142/179/142 149/174/149
f 138/169/138 136/176/136 147/177/147 146/170/146
f 183/180/183 152/181/152 154/182/154 184/183/184
f 184/183/184 154/182/154 156/184/156 185/185/185
f 185/185/185 156/184/156 158/186/158 186/187/186
f 186/187/186 158/186/158 160/188/160 187/189/187
f 187/189/187 160/188/160 162/190/162 188/191/188
f 188/191/188 162/190/162 164/192/164 189/193/189
f 154/194/154 152/195/152 166/196/166 164/197/164 162/198/162 160/199/160 158/200/158 156/201/156
f 189/193/189 164/192/164 166/196/166 190/202/190
f 190/202/190 166/196/166 152/195/152 183/203/183
f 157/204/157 159/205/159 171/206/171 170/207/170
f 163/208/163 165/209/165 174/210/174 173/211/173
f 153/212/153 155/213/155 169/214/169 168/215/168
f 159/205/159 161/216/161 172/217/172 171/206/171
f 165/209/165 151/218/151 167/219/167 174/210/174
f 151/220/151 153/212/153 168/215/168 167/221/167
f 155/213/155 157/204/157 170/207/170 169/214/169
f 161/216/161 163/208/163 173/211/173 172/217/172
f 165/209/165 182/222/182 175/223/175 151/218/151
f 163/208/163 181/224/181 182/222/182 165/209/165
f 161/216/161 180/225/180 181/224/181 163/208/163
f 159/205/159 179/226/179 180/225/180 161/216/161
f 157/204/157 178/227/178 179/226/179 159/205/159
f 155/213/155 177/228/177 178/227/178 157/204/157
f 153/212/153 176/229/176 177/228/177 155/213/155
f 151/220/151 175/230/175 176/229/176 153/212/153
f 182/222/182 190/202/190 183/203/183 175/223/175
f 181/224/181 189/193/189 190/202/190 182/222/182
f 180/225/180 188/191/188 189/193/189 181/224/181
f 179/226/179 187/189/187 188/191/188 180/225/180
f 178/227/178 186/187/186 187/189/187 179/226/179
f 177/228/177 185/185/185 186/187/186 178/227/178
f 176/229/176 184/183/184 185/185/185 177/228/177
f 175/230/175 183/180/183 184/183/184 176/229/176
f 239/231/239 238/232/238 230/233/230 229/234/229
f 215/235/215 216/236/216 191/237/191 192/238/192
f 217/239/217 215/235/215 192/238/192 193/240/193
f 218/241/218 217/239/217 193/240/193 194/242/194
f 219/243/219 218/244/218 194/245/194 195/246/195
f 220/247/220 219/243/219 195/246/195 196/248/196
f 221/249/221 220/247/220 196/248/196 197/250/197
f 222/251/222 221/249/221 197/250/197 198/252/198
f 223/253/223 222/251/222 198/252/198 199/254/199
f 224/255/224 223/253/223 199/254/199 200/256/200
f 225/257/225 224/258/224 200/259/200 201/260/201
f 226/261/226 225/257/225 201/260/201 202/262/202
f 216/236/216 226/261/226 202/262/202 191/237/191
f 251/263/251 252/264/252 216/236/216 215/235/215
f 253/265/253 251/263/251 215/235/215 217/239/217
f 254/266/254 253/265/253 217/239/217 218/241/218
f 255/267/255 254/268/254 218/244/218 219/243/219
f 256/269/256 255/267/255 219/243/219 220/247/220
f 257/270/257 256/269/256 220/247/220 221/249/221
f 258/271/258 257/270/257 221/249/221 222/251/222
f 259/272/259 258/271/258 222/251/222 223/253/223
f 260/273/260 259/272/259 223/253/223 224/255/224
f 261/274/261 260/275/260 224/258/224 225/257/225
f 262/276/262 261/274/261 225/257/225 226/261/226
f 252/264/252 262/276/262 226/261/226 216/236/216
f 227/277/227 229/234/229 237/278/237 250/279/250
f 241/280/241 240/281/240 237/278/237 236/282/236
f 243/283/243 242/284/242 234/285/234 233/286/233
f 238/287/238 244/288/244 231/289/231 230/233/230
f 240/281/240 245/290/245 250/279/250 237/278/237
f 247/291/247 246/292/246 227/277/227 228/293/228
f 242/284/242 248/294/248 235/295/235 234/285/234
f 244/288/244 249/296/249 232/297/232 231/289/231
f 245/290/245 247/291/247 228/293/228 250/279/250
f 246/292/246 239/231/239 229/234/229 227/277/227
f 248/294/248 241/298/241 236/282/236 235/295/235
f 249/296/249 243/283/243 233/286/233 232/297/232
f 208/299/208 209/300/209 243/283/243 249/296/249
f 211/301/211 212/302/212 241/298/241 248/294/248
f 203/303/203 205/304/205 239/231/239 246/292/246
f 214/305/214 204/306/204 247/291/247 245/290/245
f 207/307/207 208/299/208 249/296/249 244/288/244
f 210/308/210 211/301/211 248/294/248 242/284/242
f 204/306/204 203/303/203 246/292/246 247/291/247
f 213/309/213 214/305/214 245/290/245 240/281/240
f 206/310/206 207/307/207 244/288/244 238/287/238
f 209/300/209 210/308/210 242/284/242 243/283/243
f 212/311/212 213/309/213 240/281/240 241/280/241
f 205/304/205 206/312/206 238/232/238 239/231/239
f 250/279/250 228/293/228 227/277/227
f 237/278/237 229/234/229 230/233/230 236/282/236
f 236/282/236 230/233/230 231/289/231 235/295/235
f 235/295/235 231/289/231 232/297/232 234/285/234
f 234/285/234 232/297/232 233/286/233
f 204/306/204 214/305/214 262/276/262 252/264/252
f 214/305/214 213/309/213 261/274/261 262/276/262
f 213/309/213 212/311/212 260/275/260 261/274/261
f 212/302/212 211/301/211 259/272/259 260/273/260
f 211/301/211 210/308/210 258/271/258 259/272/259
f 210/308/210 209/300/209 257/270/257 258/271/258
f 209/300/209 208/299/208 256/269/256 257/270/257
f 208/299/208 207/307/207 255/267/255 256/269/256
f 207/307/207 206/310/206 254/268/254 255/267/255
f 206/312/206 205/304/205 253/265/253 254/266/254
f 205/304/205 203/303/203 251/263/251 253/265/253
f 203/303/203 204/306/204 252/264/252 251/263/251
f 287/313/287 264/314/264 266/315/266 288/316/288
f 288/316/288 266/315/266 268/317/268 289/318/289
f 289/318/289 268/317/268 270/319/270 290/320/290
f 290/320/290 270/319/270 272/321/272 291/322/291
f 291/322/291 272/321/272 296/323/296 298/324/298
f 278/325/278 294/326/294 306/327/306 304/328/304
f 297/329/297 295/330/295 285/331/285 286/332/286
f 293/333/293 292/334/292 305/335/305 302/336/302
f 299/337/299 297/338/297 264/314/264 287/313/287
f 263/339/263 265/340/265 267/341/267 269/342/269 271/343/271 273/344/273 275/345/275 277/346/277
f 280/347/280 279/348/279 286/349/286 285/350/285 284/351/284 283/352/283 282/353/282 281/354/281
f 268/317/268 266/315/266 280/355/280 281/356/281
f 296/323/296 272/321/272 283/357/283 284/358/284
f 264/314/264 297/338/297 286/359/286 279/360/279
f 266/315/266 264/314/264 279/360/279 280/355/280
f 270/319/270 268/317/268 281/356/281 282/361/282
f 295/330/295 296/323/296 284/358/284 285/331/285
f 272/321/272 270/319/270 282/361/282 283/357/283
f 277/346/277 299/337/299 287/313/287 263/339/263
f 275/345/275 300/362/300 299/363/299 277/346/277
f 273/344/273 298/324/298 300/362/300 275/345/275
f 271/343/271 291/322/291 298/324/298 273/344/273
f 269/342/269 290/320/290 291/322/291 271/343/271
f 267/341/267 289/318/289 290/320/290 269/342/269
f 265/340/265 288/316/288 289/318/289 267/341/267
f 263/339/263 287/313/287 288/316/288 265/340/265
f 276/364/276 274/365/274 296/323/296 295/330/295
f 278/366/278 276/364/276 295/330/295 297/329/297
f 274/365/274 292/367/292 298/324/298 296/323/296
f 294/368/294 278/366/278 297/329/297 299/363/299
f 293/369/293 294/368/294 299/363/299 300/362/300
f 292/367/292 293/369/293 300/362/300 298/324/298
f 305/335/305 303/370/303 301/371/301 302/336/302
f 302/372/302 301/371/301 304/328/304 306/327/306
f 276/373/276 278/325/278 304/328/304 301/371/301
f 294/326/294 293/374/293 302/372/302 306/327/306
f 292/334/292 274/375/274 303/370/303 305/335/305
f 274/375/274 276/373/276 301/371/301 303/370/303
f 307/376/307 308/377/308 313/378/313 311/379/311
f 307/376/307 310/380/310 346/381/346 308/377/308
f 309/382/309 307/383/307 311/384/311 312/385/312
f 309/382/309 339/386/339 310/380/310 307/383/307
f 312/385/312 311/384/311 314/387/314 316/388/316
f 311/379/311 313/378/313 317/389/317 314/390/314
f 316/388/316 314/387/314 315/391/315 334/392/334
f 314/390/314 317/389/317 318/393/318 315/394/315
f 313/378/313 320/395/320 319/396/319 317/389/317
f 317/389/317 319/396/319 321/397/321 318/393/318
f 320/395/320 323/398/323 322/399/322 319/396/319
f 319/396/319 322/399/322 324/400/324 321/397/321
f 323/398/323 326/401/326 325/402/325 322/399/322
f 322/399/322 325/402/325 327/403/327 324/400/324
f 326/401/326 329/404/329 328/405/328 325/402/325
f 325/402/325 328/405/328 330/406/330 327/403/327
f 329/404/329 332/407/332 331/408/331 328/405/328
f 328/405/328 331/408/331 333/409/333 330/406/330
f 332/407/332 312/385/312 316/388/316 331/408/331
f 331/408/331 316/388/316 334/392/334 333/409/333
f 318/393/318 321/410/321 324/411/324 327/412/327 330/413/330 333/414/333 334/415/334 315/394/315
f 336/416/336 335/417/335 332/407/332 329/404/329
f 335/417/335 309/382/309 312/385/312 332/407/332
f 336/416/336 338/418/338 337/419/337 335/417/335
f 335/417/335 337/419/337 339/386/339 309/382/309
f 310/380/310 339/386/339 337/419/337 338/418/338 340/420/340 341/421/341 345/422/345 346/381/346
f 342/423/342 340/420/340 338/418/338 336/416/336
f 343/424/343 341/421/341 340/420/340 342/423/342
f 343/424/343 342/423/342 326/401/326 323/398/323
f 342/423/342 336/416/336 329/404/329 326/401/326
f 344/425/344 343/424/343 323/398/323 320/395/320
f 344/425/344 345/422/345 341/421/341 343/424/343
f 308/377/308 344/425/344 320/395/320 313/378/313
f 308/377/308 346/381/346 345/422/345 344/425/344
f 347/426/347 355/427/355 356/428/356 348/429/348
f 348/429/348 356/428/356 357/430/357 349/431/349
f 349/432/349 357/433/357 358/434/358 350/435/350
f 350/435/350 358/434/358 359/436/359 351/437/351
f 351/437/351 359/436/359 360/438/360 352/439/352
f 352/439/352 360/438/360 361/440/361 353/441/353
f 353/441/353 361/440/361 362/442/362 354/443/354
f 354/443/354 362/442/362 355/427/355 347/426/347
f 355/427/355 363/444/363 364/445/364 356/428/356
f 356/428/356 364/445/364 365/446/365 357/430/357
f 357/433/357 365/447/365 366/448/366 358/434/358
f 358/434/358 366/448/366 367/449/367 359/436/359
f 359/436/359 367/449/367 368/450/368 360/438/360
f 360/438/360 368/450/368 369/451/369 361/440/361
f 361/440/361 369/451/369 370/452/370 362/442/362
f 362/442/362 370/452/370 363/444/363 355/427/355
f 363/444/363 371/453/150 372/454/371 364/445/364
f 364/445/364 372/454/371 373/455/372 365/446/365
f 365/447/365 373/456/372 374/457/373 366/448/366
f 366/448/366 374/457/373 375/458/141 367/449/367
f 367/449/367 375/458/141 376/459/374 368/450/368
f 368/450/368 376/459/374 377/460/375 369/451/369
f 369/451/369 377/460/375 378/461/376 370/452/370
f 370/452/370 378/461/376 371/453/150 363/444/363
f 371/453/150 379/462/377 380/463/378 372/454/371
f 372/454/371 380/463/378 381/464/379 373/455/372
f 373/456/372 381/465/379 382/466/380 374/457/373
f 374/457/373 382/466/380 383/467/381 375/458/141
f 375/458/141 383/467/381 384/468/382 376/459/374
f 376/459/374 384/468/382 385/469/383 377/460/375
f 377/460/375 385/469/383 386/470/384 378/461/376
f 378/461/376 386/470/384 379/462/377 371/453/150
f 379/462/377 387/471/385 388/472/386 380/463/378
f 380/463/378 388/472/386 389/473/387 381/464/379
f 381/465/379 389/474/387 390/475/388 382/466/380
f 382/466/380 390/475/388 391/476/389 383/467/381
f 383/467/381 391/476/389 392/477/390 384/468/382
f 384/468/382 392/477/390 393/478/391 385/469/383
f 385/469/383 393/478/391 394/479/392 386/470/384
f 386/470/384 394/479/392 387/471/385 379/462/377
f 387/471/385 395/480/393 396/481/394 388/472/386
f 388/472/386 396/481/394 397/482/395 389/473/387
f 389/474/387 397/483/395 398/484/396 390/475/388
f 390/475/388 398/484/396 399/485/397 391/476/389
f 391/476/389 399/485/397 400/486/398 392/477/390
f 392/477/390 400/486/398 401/487/399 393/478/391
f 393/478/391 401/487/399 402/488/400 394/479/392
f 394/479/392 402/488/400 395/480/393 387/471/385
f 352/439/352 353/441/353 412/489/402 413/490/401
f 396/481/394 395/480/393 410/491/408 409/492/407
f 347/426/347 348/429/348 417/493/405 418/494/404
f 354/443/354 347/426/347 418/494/404 411/495/403
f 349/432/349 350/435/350 415/496/407 416/497/406
f 395/480/393 402/488/400 403/498/401 410/491/408
f 399/485/397 398/484/396 407/499/405 406/500/404
f 400/486/398 399/485/397 406/500/404 405/501/403
f 351/437/351 352/439/352 413/490/401 414/502/408
f 353/441/353 354/443/354 411/495/403 412/489/402
f 398/484/396 397/483/395 408/503/406 407/499/405
f 348/429/348 349/431/349 416/497/406 417/493/405
f 401/487/399 400/486/398 405/501/403 404/504/402
f 350/435/350 351/437/351 414/502/408 415/496/407
f 397/482/395 396/481/394 409/492/407 408/503/406
f 402/488/400 401/487/399 404/504/402 403/498/401
f 403/498/401 404/504/402 405/501/403 406/500/404 407/499/405 408/503/406 409/492/407 410/491/408
f 412/489/402 411/495/403 418/494/404 417/493/405 416/497/406 415/496/407 414/502/408 413/490/401
o TV_head
v 4.206056 -0.042847 -0.360853
v 4.206056 0.873139 -0.360853
v 5.464191 -0.042847 -0.360853
v 5.464191 0.873139 -0.360853
v 4.206056 -0.042847 0.360853
v 4.206056 0.873139 0.360853
v 5.464191 -0.042847 0.360853
v 5.464191 0.873139 0.360853
v 4.568539 -0.042847 -0.360853
v 4.568539 0.873139 -0.360853
v 4.568539 -0.042847 0.360853
v 4.568539 0.873139 0.360853
v 4.589849 -0.005430 -0.360853
v 4.589849 0.835722 -0.360853
v 5.416517 0.835722 -0.360853
v 5.416517 -0.005430 -0.360853
v 4.253730 -0.005430 -0.360853
v 4.253730 0.835722 -0.360853
v 4.547229 0.835722 -0.360853
v 4.547229 -0.005430 -0.360853
v 4.619671 0.812317 -0.350644
v 4.619671 0.017975 -0.350644
v 5.386695 0.017975 -0.350644
v 5.386695 0.812317 -0.350644
v 4.253730 -0.005430 -0.332881
v 4.253730 0.835722 -0.332881
v 4.547229 -0.005430 -0.332881
v 4.547229 0.835722 -0.332881
v 4.589849 0.835722 -0.332881
v 4.589849 -0.005430 -0.332881
v 5.416517 -0.005430 -0.332881
v 5.416517 0.835722 -0.332881
v 5.098676 0.866326 0.000000
v 5.098676 1.130344 0.080466
v 5.018841 1.183172 0.053156
v 5.370915 1.289263 0.330496
v 5.098676 1.627953 0.124819
v 5.064546 0.866326 0.000000
v 5.064546 1.130344 0.080466
v 4.984711 1.183172 0.053156
v 5.336784 1.289263 0.330496
v 5.064546 1.627953 0.124819
v 4.503537 0.866326 -0.000000
v 4.469019 1.069988 0.080466
v 4.423702 1.183172 0.053156
v 4.087854 1.451605 0.330496
v 4.503537 1.627953 0.124819
v 4.469407 0.866326 -0.000000
v 4.434888 1.069988 0.080466
v 4.389572 1.183172 0.053156
v 4.053723 1.451605 0.330496
v 4.469407 1.627953 0.124819
v 5.172810 1.582688 0.075706
v 5.078056 1.525848 0.080360
v 4.987280 1.573025 0.122370
v 4.991258 1.677042 0.159726
v 5.086012 1.733882 0.155072
v 5.176788 1.686705 0.113062
v 4.582604 1.582688 0.141495
v 4.505635 1.525848 0.086035
v 4.408477 1.573025 0.062256
v 4.388288 1.677042 0.093937
v 4.465257 1.733882 0.149397
v 4.562415 1.686705 0.173176
vn 1.0000 -0.0000 -0.0000
vn -0.0000 -0.0000 1.0000
vn -1.0000 -0.0000 -0.0000
vn -0.0000 -1.0000 -0.0000
vn -0.0000 1.0000 -0.0000
vn -0.0000 -0.0000 -1.0000
vn -0.5117 -0.0000 -0.8591
vn -0.0000 -0.6045 -0.7966
vn -0.0000 0.6045 -0.7966
vn 0.5117 -0.0000 -0.8591
vn -0.0000 0.9340 -0.3573
vn -0.0000 0.2915 -0.9566
vn -0.0000 -0.5191 -0.8547
vn -0.0000 -0.4592 -0.8883
vn -0.0000 0.7186 -0.6955
vn -0.0000 0.3675 -0.9300
vn -0.0000 -0.7592 -0.6509
vn -0.0000 -0.2346 -0.9721
vn -0.2462 0.3359 -0.9092
vn 0.3746 0.3359 -0.8642
vt 0.476136 0.129089
vt 0.476136 0.221256
vt 0.472246 0.221256
vt 0.472246 0.129089
vt 0.087002 0.692558
vt 0.087002 0.592190
vt 0.118174 0.592190
vt 0.118175 0.692558
vt 0.917914 0.392999
vt 0.817547 0.392999
vt 0.817547 0.292632
vt 0.917914 0.292632
vt 0.331107 0.834036
vt 0.431474 0.834036
vt 0.431474 0.934403
vt 0.331107 0.934403
vt 0.817546 0.886741
vt 0.917914 0.886741
vt 0.917914 0.917914
vt 0.817546 0.917914
vt 0.210184 0.826280
vt 0.310552 0.826280
vt 0.310552 0.857452
vt 0.210184 0.857452
vt 0.210184 0.749256
vt 0.310552 0.749256
vt 0.009978 0.692558
vt 0.009978 0.592190
vt 0.479801 0.221256
vt 0.479801 0.129089
vt 0.483691 0.129089
vt 0.483691 0.221256
vt 0.477969 0.124989
vt 0.477969 0.225356
vt 0.280248 0.008500
vt 0.357272 0.008500
vt 0.353172 0.012599
vt 0.282081 0.012599
vt 0.503184 0.219860
vt 0.503184 0.119492
vt 0.507284 0.123592
vt 0.507284 0.215760
vt 0.008500 0.087944
vt 0.008500 0.010920
vt 0.012599 0.012753
vt 0.012599 0.083844
vt 0.500181 0.364086
vt 0.500181 0.464453
vt 0.496081 0.460354
vt 0.496081 0.368186
vt 0.041224 0.012799
vt 0.041224 0.043972
vt 0.037124 0.042139
vt 0.037124 0.016899
vt 0.046720 0.381064
vt 0.046720 0.412237
vt 0.042620 0.408137
vt 0.042620 0.382897
vt 0.809920 0.078886
vt 0.722881 0.078887
vt 0.722881 0.012924
vt 0.809920 0.012924
vt 0.544152 0.410761
vt 0.544152 0.502929
vt 0.518912 0.502929
vt 0.518912 0.410761
vt 0.038730 0.408137
vt 0.038730 0.382897
vt 0.511174 0.123592
vt 0.511174 0.215760
vt 0.016489 0.012753
vt 0.016489 0.083844
vt 0.033234 0.042139
vt 0.033234 0.016899
vt 0.492191 0.460354
vt 0.492191 0.368186
vt 0.353172 0.016489
vt 0.282081 0.016489
vt 0.812484 0.082447
vt 0.720317 0.082447
vt 0.813481 0.010360
vt 0.813481 0.081451
vt 0.719320 0.081451
vt 0.719320 0.010360
vt 0.720317 0.009364
vt 0.812484 0.009364
vt 0.817546 0.809718
vt 0.917914 0.809718
vt 0.038475 0.348674
vt 0.011456 0.391211
vt 0.008530 0.391441
vt 0.035549 0.348904
vt 0.018844 0.397573
vt 0.021280 0.428496
vt 0.018354 0.428726
vt 0.015918 0.397804
vt 0.011456 0.303802
vt 0.008530 0.304033
vt 0.453274 0.248551
vt 0.424392 0.200045
vt 0.427327 0.200045
vt 0.456209 0.248551
vt 0.420495 0.187075
vt 0.417526 0.162111
vt 0.420461 0.162111
vt 0.423430 0.187075
vt 0.417526 0.283069
vt 0.420461 0.283069
vt 0.425619 0.301981
vt 0.434223 0.308892
vt 0.434223 0.321422
vt 0.425619 0.327041
vt 0.417014 0.320130
vt 0.417014 0.307600
vt 0.339452 0.426154
vt 0.343531 0.435685
vt 0.335689 0.445216
vt 0.323769 0.445216
vt 0.319690 0.435685
vt 0.327532 0.426154
s 1
f 431/505/409 432/506/409 447/507/409 448/508/409
f 429/509/410 430/510/410 424/511/410 423/512/410
f 421/513/409 422/514/409 426/515/409 425/516/409
f 423/517/411 424/518/411 420/519/411 419/520/411
f 427/521/412 429/522/412 423/523/412 419/524/412
f 430/525/413 428/526/413 420/527/413 424/528/413
f 426/529/413 422/530/413 428/526/413 430/525/413
f 425/531/410 426/532/410 430/510/410 429/509/410
f 437/533/411 438/534/411 445/535/411 446/536/411
f 427/537/414 428/538/414 432/506/414 431/505/414
f 428/539/414 422/540/414 433/541/414 432/542/414
f 422/543/414 421/544/414 434/545/414 433/546/414
f 421/547/414 427/548/414 431/549/414 434/550/414
f 419/551/414 420/552/414 436/553/414 435/554/414
f 420/555/414 428/556/414 437/557/414 436/558/414
f 428/538/414 427/537/414 438/534/414 437/533/414
f 427/559/414 419/560/414 435/561/414 438/562/414
f 440/563/414 439/564/414 442/565/414 441/566/414
f 443/567/414 444/568/414 446/569/414 445/570/414
f 438/562/413 435/561/413 443/571/413 445/572/413
f 433/546/411 434/545/411 449/573/411 450/574/411
f 434/550/413 431/549/413 448/575/413 449/576/413
f 436/558/412 437/557/412 446/577/412 444/578/412
f 435/554/409 436/553/409 444/579/409 443/580/409
f 432/542/412 433/541/412 450/581/412 447/582/412
f 439/564/415 440/563/415 448/583/415 447/584/415
f 440/563/416 441/566/416 449/585/416 448/586/416
f 442/565/417 439/564/417 447/587/417 450/588/417
f 441/566/418 442/565/418 450/589/418 449/590/418
f 421/591/412 425/592/412 429/522/412 427/521/412
f 454/593/419 453/594/419 458/595/419 459/596/419
f 452/597/420 451/598/420 456/599/420 457/600/420
f 455/601/421 454/593/421 459/596/421 460/602/421
f 453/594/422 452/597/422 457/600/422 458/595/422
f 464/603/423 463/604/423 468/605/423 469/606/423
f 462/607/424 461/608/424 466/609/424 467/610/424
f 465/611/425 464/603/425 469/606/425 470/612/425
f 463/604/426 462/607/426 467/610/426 468/605/426
f 472/613/427 473/614/427 474/615/427 475/616/427 476/617/427 471/618/427
f 478/619/428 479/620/428 480/621/428 481/622/428 482/623/428 477/624/428
o Shit_bag_full_of_nails
v -3.026027 0.813704 -0.175005
v -3.018803 0.807404 -0.168190
v -3.007133 0.806513 -0.167031
v -2.997852 0.811553 -0.172208
v -2.996398 0.819572 -0.180688
v -3.003622 0.825873 -0.187504
v -3.015293 0.826764 -0.188662
v -3.024573 0.821723 -0.183485
v -3.117935 1.087890 -0.112866
v -3.112689 1.089900 -0.102534
v -3.102242 1.094151 -0.099199
v -3.092715 1.098154 -0.104815
v -3.089688 1.099563 -0.116093
v -3.094935 1.097553 -0.126425
v -3.105382 1.093301 -0.129760
v -3.114909 1.089299 -0.124144
v -3.295017 1.447060 -0.188610
v -3.290907 1.451685 -0.178607
v -3.280972 1.457115 -0.175421
v -3.271033 1.460168 -0.180918
v -3.266911 1.459056 -0.191877
v -3.271021 1.454431 -0.201879
v -3.280956 1.449002 -0.205065
v -3.290896 1.445949 -0.199569
v -3.415765 1.741159 -0.286562
v -3.411448 1.741668 -0.275633
v -3.401112 1.739095 -0.270646
v -3.390811 1.734947 -0.274522
v -3.386580 1.731654 -0.284990
v -3.390897 1.731145 -0.295918
v -3.401233 1.733718 -0.300906
v -3.411533 1.737866 -0.297030
v -3.321425 1.800832 -0.282053
v -3.324044 1.796804 -0.271317
v -3.326015 1.786180 -0.266673
v -3.326185 1.775183 -0.270840
v -3.324453 1.770255 -0.281378
v -3.321835 1.774283 -0.292113
v -3.319863 1.784907 -0.296758
v -3.319694 1.795904 -0.292591
v -3.156964 1.642203 -0.217468
v -3.163383 1.640628 -0.207739
v -3.173580 1.635312 -0.205274
v -3.181583 1.629369 -0.211517
v -3.182703 1.626281 -0.222810
v -3.176284 1.627857 -0.232539
v -3.166086 1.633173 -0.235004
v -3.158084 1.639115 -0.228761
v -3.098607 1.424806 -0.199213
v -3.105316 1.424022 -0.189585
v -3.116719 1.422001 -0.187536
v -3.126138 1.419927 -0.194268
v -3.128054 1.419014 -0.205836
v -3.121346 1.419798 -0.215465
v -3.109942 1.421819 -0.217513
v -3.100523 1.423893 -0.210782
v -3.069003 1.151290 -0.195284
v -3.075722 1.150565 -0.185658
v -3.087169 1.148790 -0.183620
v -3.096638 1.147005 -0.190364
v -3.098583 1.146255 -0.201939
v -3.091864 1.146980 -0.211565
v -3.080417 1.148754 -0.213603
v -3.070948 1.150540 -0.206859
v -2.997364 0.819953 -0.174979
v -3.003994 0.818856 -0.165327
v -3.015069 0.815532 -0.163178
v -3.024103 0.811928 -0.169792
v -3.025802 0.810155 -0.181294
v -3.019172 0.811252 -0.190947
v -3.008097 0.814576 -0.193095
v -2.999063 0.818180 -0.186481
v -3.040748 0.041212 -0.513839
v -3.040748 0.895550 -0.230127
v -2.839904 0.041212 -0.460023
v -2.981760 0.895550 -0.214322
v -2.692875 0.041212 -0.312995
v -2.938577 0.895550 -0.171139
v -2.639060 0.041212 -0.112151
v -2.922771 0.895550 -0.112151
v -2.692875 0.041212 0.088693
v -2.938577 0.895550 -0.053163
v -2.839904 0.041212 0.235721
v -2.981760 0.895550 -0.009980
v -3.040748 0.041212 0.289537
v -3.040748 0.895550 0.005826
v -3.241592 0.041212 0.235721
v -3.099736 0.895550 -0.009980
v -3.388620 0.041212 0.088693
v -3.142918 0.895550 -0.053163
v -3.442436 0.041212 -0.112151
v -3.158724 0.895550 -0.112151
v -3.388620 0.041212 -0.312995
v -3.142918 0.895550 -0.171139
v -3.241592 0.041212 -0.460023
v -3.099736 0.895550 -0.214322
v -2.741580 0.336794 -0.630324
v -2.442413 0.336794 -0.112151
v -2.522575 0.336794 0.187016
v -2.741580 0.336794 0.406022
v -3.040748 0.336794 0.486184
v -3.339915 0.336794 0.406022
v -3.558921 0.336794 0.187017
v -3.639082 0.336794 -0.112151
v -3.339915 0.336794 -0.630324
v -2.776855 0.485682 -0.569226
v -2.512963 0.485682 -0.112151
v -2.583673 0.485682 0.151742
v -2.776855 0.485682 0.344924
v -3.040748 0.485682 0.415634
v -3.304640 0.485682 0.344924
v -3.497823 0.485682 0.151742
v -3.568533 0.485682 -0.112151
v -3.304640 0.485682 -0.569226
v -2.744702 0.181504 -0.624918
v -2.527981 0.181504 -0.408197
v -2.448656 0.181504 -0.112151
v -2.527981 0.181504 0.183895
v -2.744702 0.181504 0.400616
v -3.040748 0.181504 0.479941
v -3.336794 0.181504 0.400616
v -3.553515 0.181504 0.183895
v -3.632840 0.181504 -0.112151
v -3.553515 0.181504 -0.408197
v -3.336794 0.181504 -0.624918
v -3.040748 0.181504 -0.704243
v -2.762336 0.090410 -0.594375
v -2.558524 0.090410 -0.390563
v -2.483923 0.090410 -0.112151
v -2.558524 0.090410 0.166261
v -2.762336 0.090410 0.370073
v -3.040748 0.090410 0.444673
v -3.319160 0.090410 0.370073
v -3.522972 0.090410 0.166261
v -3.597572 0.090410 -0.112151
v -3.522972 0.090410 -0.390563
v -3.319160 0.090410 -0.594375
v -3.040748 0.090410 -0.668975
v -3.040748 0.956834 -0.230127
v -2.981760 0.956834 -0.214322
v -2.938577 0.956834 -0.171139
v -2.922771 0.956834 -0.112151
v -2.938577 0.956834 -0.053163
v -2.981760 0.956834 -0.009980
v -3.040748 0.956834 0.005826
v -3.099736 0.956834 -0.009980
v -3.142918 0.956834 -0.053163
v -3.158724 0.956834 -0.112151
v -3.142918 0.956834 -0.171139
v -3.099736 0.956834 -0.214322
v -2.583673 0.485682 -0.376043
v -2.522575 0.336794 -0.411318
v -3.497823 0.485682 -0.376043
v -3.558921 0.336794 -0.411318
v -3.040748 0.336794 -0.710486
v -3.040748 0.485682 -0.639936
v -3.039064 0.907782 -0.161282
v -3.037647 0.903445 -0.156137
v -3.031934 0.900501 -0.153693
v -3.025270 0.900674 -0.155382
v -3.021559 0.903864 -0.160214
v -3.022976 0.908201 -0.165359
v -3.028690 0.911145 -0.167803
v -3.035354 0.910971 -0.166114
v -3.029889 1.080064 -0.149332
v -3.027978 1.080918 -0.142782
v -3.021958 1.081187 -0.139468
v -3.015356 1.080712 -0.141332
v -3.012039 1.079772 -0.147282
v -3.013950 1.078918 -0.153832
v -3.019970 1.078649 -0.157146
v -3.026572 1.079124 -0.155282
v -3.027696 1.303970 -0.230840
v -3.025717 1.306441 -0.224736
v -3.019667 1.307438 -0.221623
v -3.013089 1.306376 -0.223325
v -3.009838 1.303878 -0.228846
v -3.011817 1.301407 -0.234950
v -3.017867 1.300410 -0.238063
v -3.024444 1.301471 -0.236361
v -3.008794 1.478697 -0.314184
v -3.007796 1.479010 -0.307387
v -3.003652 1.475810 -0.302929
v -2.998789 1.470972 -0.303421
v -2.996057 1.467330 -0.308574
v -2.997056 1.467017 -0.315371
v -3.001199 1.470217 -0.319829
v -3.006062 1.475055 -0.319338
v -2.946205 1.490156 -0.299414
v -2.949861 1.489559 -0.293620
v -2.953975 1.484744 -0.290942
v -2.956139 1.478533 -0.292947
v -2.955084 1.474563 -0.298462
v -2.951429 1.475160 -0.304256
v -2.947314 1.479975 -0.306935
v -2.945150 1.486187 -0.304929
v -2.906211 1.375074 -0.232847
v -2.911138 1.376532 -0.228276
v -2.918005 1.376168 -0.228246
v -2.922790 1.374193 -0.232774
v -2.922689 1.371766 -0.239207
v -2.917762 1.370307 -0.243778
v -2.910895 1.370672 -0.243808
v -2.906111 1.372646 -0.239280
v -2.929480 1.247811 -0.206437
v -2.934359 1.249746 -0.201993
v -2.941023 1.251369 -0.202491
v -2.945569 1.251727 -0.207638
v -2.945334 1.250611 -0.214419
v -2.940456 1.248675 -0.218863
v -2.933792 1.247053 -0.218365
v -2.929245 1.246695 -0.213218
v -2.979163 1.095629 -0.190555
v -2.984032 1.097598 -0.186117
v -2.990659 1.099361 -0.186635
v -2.995162 1.099883 -0.191806
v -2.994902 1.098860 -0.198601
v -2.990033 1.096890 -0.203040
v -2.983406 1.095128 -0.202522
v -2.978904 1.094606 -0.197350
v -3.022686 0.904799 -0.157153
v -3.027600 0.906552 -0.152674
v -3.034414 0.907416 -0.153021
v -3.039135 0.906883 -0.157992
v -3.038999 0.905266 -0.164675
v -3.034085 0.903513 -0.169155
v -3.027271 0.902649 -0.168807
v -3.022550 0.903182 -0.163836
v -2.779641 0.184526 -0.721114
v -2.835171 0.220546 -0.465677
v -2.700669 0.271517 -0.715568
v -2.756199 0.307537 -0.460132
v -2.589625 0.248251 -0.684540
v -2.645156 0.284271 -0.429103
v -2.557553 0.137993 -0.659057
v -2.613084 0.174013 -0.403620
v -2.636525 0.051002 -0.664603
v -2.692055 0.087022 -0.409166
v -2.747569 0.074268 -0.695631
v -2.803099 0.110288 -0.440195
v -3.301855 0.184526 -0.721114
v -3.246324 0.220546 -0.465677
v -3.380826 0.271518 -0.715568
v -3.325296 0.307537 -0.460132
v -3.491870 0.248251 -0.684540
v -3.436340 0.284271 -0.429103
v -3.523942 0.137993 -0.659057
v -3.468412 0.174013 -0.403620
v -3.444970 0.051002 -0.664603
v -3.389440 0.087022 -0.409166
v -3.333927 0.074268 -0.695631
v -3.278397 0.110288 -0.440195
v -2.757685 0.213009 -0.847939
v -2.792934 0.235873 -0.704645
v -2.653831 0.368457 -0.847195
v -2.689081 0.391321 -0.703902
v -2.526394 0.341756 -0.811586
v -2.561644 0.364620 -0.668293
v -2.502810 0.159606 -0.776720
v -2.538060 0.182471 -0.633426
v -2.606664 0.004159 -0.777463
v -2.641913 0.027023 -0.634170
v -2.734101 0.030860 -0.813073
v -2.769351 0.053724 -0.669779
v -3.323630 0.213009 -0.847939
v -3.288381 0.235874 -0.704645
v -3.427484 0.368457 -0.847195
v -3.392235 0.391321 -0.703902
v -3.554921 0.341756 -0.811586
v -3.519672 0.364620 -0.668292
v -3.578505 0.159606 -0.776720
v -3.543256 0.182471 -0.633426
v -3.474651 0.004159 -0.777463
v -3.439402 0.027023 -0.634170
v -3.347214 0.030860 -0.813072
v -3.311965 0.053724 -0.669779
vn -0.9061 -0.3563 0.2281
vn -0.3956 -0.3315 0.8565
vn 0.2304 -0.1496 0.9615
vn 0.7244 0.0792 0.6849
vn 0.9515 0.3010 0.0637
vn 0.6110 0.3631 -0.7034
vn -0.1574 0.1632 -0.9740
vn -0.7946 -0.1361 -0.5916
vn -0.9139 -0.3773 0.1498
vn -0.5376 -0.2364 0.8094
vn 0.1197 0.0300 0.9924
vn 0.7031 0.2742 0.6561
vn 0.9247 0.3776 -0.0476
vn 0.6024 0.2592 -0.7550
vn -0.0979 -0.0284 -0.9948
vn -0.7321 -0.2930 -0.6150
vn -0.9164 -0.3847 0.1105
vn -0.6556 -0.0937 0.7493
vn 0.0054 0.2662 0.9639
vn 0.6521 0.4651 0.5987
vn 0.9124 0.3996 -0.0887
vn 0.6589 0.1010 -0.7454
vn -0.0213 -0.2713 -0.9623
vn -0.6726 -0.4611 -0.5788
vn -0.9468 0.3130 -0.0755
vn -0.7293 0.3611 0.5811
vn -0.1694 0.2290 0.9586
vn 0.5584 -0.0529 0.8279
vn 0.9468 -0.3219 -0.0037
vn 0.5369 -0.3278 -0.7773
vn -0.1200 -0.1229 -0.9851
vn -0.6960 0.1195 -0.7080
vn 0.0931 0.9946 -0.0459
vn -0.0578 0.7979 0.6001
vn -0.1738 0.2060 0.9630
vn -0.2082 -0.5708 0.7942
vn -0.0954 -0.9954 -0.0117
vn 0.1042 -0.6189 -0.7785
vn 0.1921 0.0937 -0.9769
vn 0.1902 0.7139 -0.6739
vn 0.8315 0.5249 0.1817
vn 0.4491 0.4320 0.7821
vn -0.1994 0.0942 0.9754
vn -0.7478 -0.3043 0.5901
vn -0.8435 -0.5128 -0.1598
vn -0.3935 -0.4028 -0.8264
vn 0.3117 -0.0193 -0.9500
vn 0.7875 0.3551 -0.5037
vn 0.9569 0.1896 0.2201
vn 0.5329 0.1402 0.8345
vn -0.2004 0.0102 0.9797
vn -0.8261 -0.1269 0.5491
vn -0.9589 -0.1875 -0.2129
vn -0.5145 -0.1357 -0.8467
vn 0.2385 -0.0022 -0.9711
vn 0.8433 0.1324 -0.5210
vn 0.9630 0.1638 0.2141
vn 0.5189 0.1158 0.8469
vn -0.2328 -0.0011 0.9725
vn -0.8421 -0.1164 0.5266
vn -0.9618 -0.1639 -0.2193
vn -0.5320 -0.1176 -0.8385
vn 0.2063 -0.0034 -0.9785
vn 0.8299 0.1137 -0.5461
vn 0.9530 0.2189 0.2097
vn 0.5057 0.1613 0.8475
vn -0.2452 0.0064 0.9695
vn -0.8415 -0.1503 0.5190
vn -0.9507 -0.2193 -0.2191
vn -0.5294 -0.1657 -0.8320
vn 0.1970 -0.0175 -0.9802
vn 0.8195 0.1432 -0.5548
vn -0.0000 -0.9841 -0.1776
vn -0.0000 0.4069 -0.9135
vn 0.0888 -0.9841 -0.1538
vn 0.4567 0.4069 -0.7911
vn 0.1538 -0.9841 -0.0888
vn 0.7911 0.4069 -0.4567
vn 0.1776 -0.9841 -0.0000
vn 0.9135 0.4069 -0.0000
vn 0.1538 -0.9841 0.0888
vn 0.7911 0.4069 0.4567
vn 0.0888 -0.9841 0.1538
vn 0.4567 0.4069 0.7911
vn -0.0000 -0.9841 0.1776
vn -0.0000 0.4069 0.9135
vn -0.0888 -0.9841 0.1538
vn -0.4567 0.4069 0.7911
vn -0.1538 -0.9841 0.0888
vn -0.7911 0.4069 0.4567
vn -0.1776 -0.9841 -0.0000
vn -0.9135 0.4069 -0.0000
vn -0.1538 -0.9841 -0.0888
vn -0.7911 0.4069 -0.4567
vn -0.0888 -0.9841 -0.1538
vn -0.4567 0.4069 -0.7911
vn 0.4906 0.1925 -0.8498
vn 0.9813 0.1925 -0.0000
vn 0.8498 0.1925 0.4906
vn 0.4906 0.1925 0.8498
vn -0.0000 0.1925 0.9813
vn -0.4906 0.1925 0.8498
vn -0.8498 0.1925 0.4906
vn -0.9813 0.1925 -0.0000
vn -0.4906 0.1925 -0.8498
vn 0.4132 0.5632 -0.7156
vn 0.8263 0.5632 -0.0000
vn 0.7156 0.5632 0.4132
vn 0.4132 0.5632 0.7156
vn -0.0000 0.5632 0.8263
vn -0.4132 0.5632 0.7156
vn -0.7156 0.5632 0.4132
vn -0.8263 0.5632 -0.0000
vn -0.4132 0.5632 -0.7156
vn 0.4901 -0.1982 -0.8488
vn 0.8488 -0.1982 -0.4901
vn 0.9802 -0.1982 -0.0000
vn 0.8488 -0.1982 0.4901
vn 0.4901 -0.1982 0.8488
vn -0.0000 -0.1982 0.9802
vn -0.4901 -0.1982 0.8488
vn -0.8488 -0.1982 0.4901
vn -0.9802 -0.1982 -0.0000
vn -0.8488 -0.1982 -0.4901
vn -0.4901 -0.1982 -0.8488
vn -0.0000 -0.1982 -0.9802
vn 0.3597 -0.6946 -0.6230
vn 0.6230 -0.6946 -0.3597
vn 0.7194 -0.6946 -0.0000
vn 0.6230 -0.6946 0.3597
vn 0.3597 -0.6946 0.6230
vn -0.0000 -0.6946 0.7194
vn -0.3597 -0.6946 0.6230
vn -0.6230 -0.6946 0.3597
vn -0.7194 -0.6946 -0.0000
vn -0.6230 -0.6946 -0.3597
vn -0.3597 -0.6946 -0.6230
vn -0.0000 -0.6946 -0.7194
vn -0.0000 0.6532 -0.7572
vn 0.3786 0.6532 -0.6557
vn 0.6557 0.6532 -0.3786
vn 0.7572 0.6532 -0.0000
vn 0.6557 0.6532 0.3786
vn 0.3786 0.6532 0.6557
vn -0.0000 0.6532 0.7572
vn -0.3786 0.6532 0.6557
vn -0.6557 0.6532 0.3786
vn -0.7572 0.6532 -0.0000
vn -0.6557 0.6532 -0.3786
vn -0.3786 0.6532 -0.6557
vn 0.7156 0.5632 -0.4132
vn 0.8498 0.1925 -0.4906
vn -0.7156 0.5632 -0.4132
vn -0.8498 0.1925 -0.4906
vn -0.0000 0.1925 -0.9813
vn -0.0000 0.5632 -0.8263
vn -0.9986 0.0519 0.0067
vn -0.6689 -0.0204 0.7430
vn -0.0612 -0.0741 0.9954
vn 0.5298 -0.0945 0.8429
vn 0.9543 -0.0742 0.2896
vn 0.8406 -0.0083 -0.5416
vn 0.1343 0.0571 -0.9893
vn -0.6352 0.0835 -0.7678
vn -0.9973 0.0235 -0.0697
vn -0.7468 0.1127 0.6554
vn -0.0937 0.1364 0.9862
vn 0.5958 0.0871 0.7984
vn 0.9852 -0.0114 0.1710
vn 0.8020 -0.1079 -0.5875
vn 0.1143 -0.1436 -0.9830
vn -0.6379 -0.0869 -0.7652
vn -0.9941 0.0116 -0.1078
vn -0.7812 0.2781 0.5589
vn -0.0938 0.3908 0.9157
vn 0.6398 0.2717 0.7189
vn 0.9919 0.0069 0.1269
vn 0.7863 -0.2721 -0.5547
vn 0.0773 -0.3892 -0.9179
vn -0.6607 -0.2572 -0.7053
vn -0.6996 0.6311 -0.3351
vn -0.6272 0.6951 0.3515
vn -0.2632 0.4219 0.8676
vn 0.2982 -0.1303 0.9456
vn 0.7129 -0.6516 0.2593
vn 0.5115 -0.6226 -0.5922
vn 0.0544 -0.2201 -0.9740
vn -0.4193 0.2616 -0.8693
vn 0.4943 0.8658 -0.0774
vn 0.1425 0.8435 0.5179
vn -0.2774 0.4032 0.8720
vn -0.5856 -0.3192 0.7451
vn -0.4844 -0.8746 0.0214
vn 0.0093 -0.7253 -0.6883
vn 0.4176 -0.1387 -0.8980
vn 0.6016 0.4754 -0.6419
vn 0.9127 0.1938 0.3596
vn 0.4066 0.3465 0.8453
vn -0.3479 0.3128 0.8838
vn -0.9142 0.0959 0.3936
vn -0.9232 -0.1748 -0.3423
vn -0.3359 -0.3478 -0.8753
vn 0.4726 -0.2827 -0.8347
vn 0.9516 -0.0511 -0.3030
vn 0.8806 -0.1536 0.4483
vn 0.3521 0.0567 0.9342
vn -0.3837 0.2371 0.8925
vn -0.9034 0.2811 0.3237
vn -0.8831 0.1574 -0.4420
vn -0.3314 -0.0614 -0.9415
vn 0.4190 -0.2429 -0.8749
vn 0.9149 -0.2782 -0.2924
vn 0.8769 -0.1804 0.4456
vn 0.3272 0.0416 0.9441
vn -0.4155 0.2379 0.8779
vn -0.9087 0.2932 0.2973
vn -0.8748 0.1791 -0.4502
vn -0.3413 -0.0370 -0.9392
vn 0.3914 -0.2330 -0.8902
vn 0.9009 -0.2941 -0.3191
vn 0.8912 -0.1270 0.4355
vn 0.3336 0.0882 0.9386
vn -0.4228 0.2490 0.8713
vn -0.9202 0.2608 0.2920
vn -0.8873 0.1243 -0.4440
vn -0.3599 -0.0809 -0.9295
vn 0.3778 -0.2426 -0.8935
vn 0.9055 -0.2646 -0.3318
vn -0.9499 0.2056 -0.2355
vn -0.9515 0.1988 -0.2349
vn -0.2843 0.9389 -0.1942
vn -0.2723 0.9428 -0.1921
vn 0.6656 0.7453 0.0396
vn 0.6796 0.7322 0.0445
vn 0.9515 -0.1988 0.2349
vn 0.9499 -0.2056 0.2355
vn 0.2723 -0.9428 0.1921
vn 0.2843 -0.9389 0.1942
vn -0.6796 -0.7322 -0.0445
vn -0.6656 -0.7453 -0.0396
vn 0.9499 0.2056 -0.2355
vn 0.9515 0.1988 -0.2349
vn 0.2843 0.9389 -0.1942
vn 0.2723 0.9428 -0.1921
vn -0.6656 0.7453 0.0396
vn -0.6796 0.7322 0.0445
vn -0.9515 -0.1988 0.2349
vn -0.9499 -0.2056 0.2355
vn -0.2723 -0.9428 0.1921
vn -0.2843 -0.9389 0.1942
vn 0.6796 -0.7322 -0.0445
vn 0.6656 -0.7453 -0.0396
vn -0.5803 0.0558 -0.8125
vn -0.8797 0.2500 0.4046
vn -0.1337 0.6371 -0.7591
vn -0.4166 0.8206 0.3911
vn 0.7207 0.4581 -0.5204
vn 0.4377 0.6416 0.6298
vn 0.8797 -0.2500 -0.4046
vn 0.5803 -0.0558 0.8125
vn 0.4166 -0.8206 -0.3911
vn 0.1337 -0.6371 0.7591
vn -0.4377 -0.6416 -0.6298
vn -0.7207 -0.4581 0.5204
vn 0.5803 0.0558 -0.8125
vn 0.8797 0.2500 0.4046
vn 0.1337 0.6371 -0.7591
vn 0.4166 0.8206 0.3911
vn -0.7207 0.4581 -0.5204
vn -0.4377 0.6416 0.6298
vn -0.8797 -0.2500 -0.4046
vn -0.5803 -0.0558 0.8125
vn -0.4166 -0.8206 -0.3911
vn -0.1337 -0.6371 0.7591
vn 0.4377 -0.6416 -0.6298
vn 0.7207 -0.4581 0.5204
vt 0.395753 0.216874
vt 0.395676 0.267293
vt 0.393789 0.267279
vt 0.393972 0.217790
vt 0.397396 0.215712
vt 0.397544 0.267317
vt 0.399257 0.214962
vt 0.399398 0.267356
vt 0.401244 0.215080
vt 0.401244 0.267417
vt 0.388513 0.216094
vt 0.388146 0.267276
vt 0.386294 0.267290
vt 0.386739 0.215214
vt 0.390142 0.217219
vt 0.390017 0.267274
vt 0.391989 0.217929
vt 0.391902 0.267278
vt 0.394368 0.327471
vt 0.392891 0.327415
vt 0.395830 0.327625
vt 0.397244 0.327820
vt 0.398630 0.328101
vt 0.388547 0.327684
vt 0.387114 0.327890
vt 0.389985 0.327532
vt 0.391427 0.327450
vt 0.393021 0.357923
vt 0.392370 0.357818
vt 0.393664 0.358101
vt 0.394285 0.358536
vt 0.394905 0.358917
vt 0.390173 0.358452
vt 0.389479 0.358829
vt 0.390883 0.358153
vt 0.391628 0.357919
vt 0.392644 0.362593
vt 0.392229 0.362564
vt 0.393055 0.362636
vt 0.393461 0.362669
vt 0.393872 0.362739
vt 0.390964 0.362710
vt 0.390527 0.362780
vt 0.391392 0.362642
vt 0.391815 0.362578
vt 0.392735 0.369360
vt 0.392397 0.369367
vt 0.393071 0.369357
vt 0.393407 0.369356
vt 0.393746 0.369363
vt 0.391377 0.369425
vt 0.391034 0.369456
vt 0.391719 0.369399
vt 0.392059 0.369378
vt 0.392952 0.375608
vt 0.392622 0.375620
vt 0.393282 0.375594
vt 0.393612 0.375576
vt 0.393942 0.375557
vt 0.391630 0.375648
vt 0.391298 0.375652
vt 0.391961 0.375639
vt 0.392292 0.375631
vt 0.393235 0.383319
vt 0.392904 0.383332
vt 0.393567 0.383305
vt 0.393898 0.383289
vt 0.394229 0.383270
vt 0.391912 0.383362
vt 0.391582 0.383367
vt 0.392242 0.383354
vt 0.392573 0.383344
vt 0.393581 0.392861
vt 0.393252 0.392893
vt 0.393911 0.392857
vt 0.394240 0.392874
vt 0.394569 0.392896
vt 0.392269 0.392999
vt 0.391940 0.392992
vt 0.392599 0.392980
vt 0.392926 0.392939
vt 0.183263 0.503484
vt 0.174774 0.460296
vt 0.186250 0.460154
vt 0.202182 0.496122
vt 0.196863 0.458698
vt 0.218363 0.485711
vt 0.205439 0.453465
vt 0.231538 0.473086
vt 0.210469 0.446770
vt 0.241287 0.457871
vt 0.212012 0.440040
vt 0.248732 0.440801
vt 0.210149 0.433699
vt 0.254179 0.423578
vt 0.040846 0.465137
vt 0.110267 0.431149
vt 0.115574 0.441977
vt 0.064576 0.480454
vt 0.125539 0.449792
vt 0.089660 0.492918
vt 0.137476 0.454994
vt 0.115476 0.501591
vt 0.150089 0.458529
vt 0.139425 0.506780
vt 0.203505 0.440952
vt 0.205281 0.437043
vt 0.162718 0.460151
vt 0.162234 0.506612
vt 0.121848 0.880709
vt 0.132034 0.863066
vt 0.149675 0.852881
vt 0.170046 0.852881
vt 0.187688 0.863067
vt 0.197874 0.880709
vt 0.197874 0.901080
vt 0.187688 0.918721
vt 0.170046 0.928907
vt 0.149675 0.928907
vt 0.132033 0.918721
vt 0.121848 0.901079
vt 0.171200 0.539742
vt 0.166142 0.524446
vt 0.190266 0.518102
vt 0.198084 0.531024
vt 0.141891 0.542173
vt 0.139942 0.525401
vt 0.110834 0.539128
vt 0.112006 0.521291
vt 0.079295 0.530472
vt 0.083911 0.512659
vt 0.045908 0.519204
vt 0.053062 0.500299
vt 0.011510 0.506503
vt 0.022318 0.483991
vt 0.271641 0.449590
vt 0.261001 0.444740
vt 0.268997 0.424952
vt 0.281902 0.429820
vt 0.262584 0.469078
vt 0.252565 0.463644
vt 0.252650 0.488257
vt 0.242127 0.481048
vt 0.237842 0.504429
vt 0.228874 0.495969
vt 0.219375 0.519522
vt 0.210774 0.507933
vt 0.203517 0.541192
vt 0.226201 0.526643
vt 0.245262 0.510665
vt 0.259950 0.492602
vt 0.270257 0.473138
vt 0.279279 0.453796
vt 0.289738 0.434746
vt 0.007886 0.523000
vt 0.042963 0.533732
vt 0.077296 0.544194
vt 0.109888 0.552071
vt 0.143184 0.555419
vt 0.175050 0.550777
vt 0.182135 0.565139
vt 0.212740 0.553054
vt 0.148320 0.571635
vt 0.112573 0.570799
vt 0.076331 0.564094
vt 0.041345 0.555149
vt 0.009173 0.548656
vt 0.289476 0.461284
vt 0.299559 0.445139
vt 0.280864 0.479413
vt 0.270954 0.498512
vt 0.257097 0.517481
vt 0.238072 0.536062
vt 0.445216 0.448036
vt 0.442224 0.453217
vt 0.437043 0.456209
vt 0.431060 0.456209
vt 0.425878 0.453217
vt 0.422887 0.448036
vt 0.422887 0.442053
vt 0.425878 0.436871
vt 0.431060 0.433880
vt 0.437043 0.433880
vt 0.442224 0.436871
vt 0.445216 0.442053
vt 0.200127 0.444209
vt 0.166559 0.444876
vt 0.177384 0.446041
vt 0.187042 0.446613
vt 0.194784 0.446257
vt 0.155122 0.442833
vt 0.143780 0.439715
vt 0.133269 0.435417
vt 0.124211 0.429956
vt 0.116667 0.423578
vt 0.206034 0.432942
vt 0.468281 0.477077
vt 0.468302 0.447431
vt 0.469403 0.447430
vt 0.469334 0.476540
vt 0.467308 0.477757
vt 0.467213 0.447428
vt 0.466208 0.478195
vt 0.466132 0.447417
vt 0.465032 0.478151
vt 0.465055 0.447393
vt 0.463972 0.477634
vt 0.463972 0.447366
vt 0.471602 0.476880
vt 0.471605 0.447423
vt 0.472698 0.447417
vt 0.472569 0.477543
vt 0.470507 0.476460
vt 0.470504 0.447425
vt 0.468725 0.412202
vt 0.469589 0.412180
vt 0.467860 0.412169
vt 0.467022 0.412094
vt 0.466192 0.411998
vt 0.465379 0.411840
vt 0.471289 0.412066
vt 0.472107 0.411937
vt 0.470445 0.412152
vt 0.469016 0.394417
vt 0.469404 0.394480
vt 0.468651 0.394435
vt 0.468268 0.394340
vt 0.467879 0.394193
vt 0.467510 0.393947
vt 0.470176 0.394262
vt 0.470544 0.394017
vt 0.469801 0.394408
vt 0.469114 0.392015
vt 0.469347 0.392019
vt 0.468886 0.391997
vt 0.468655 0.391963
vt 0.468422 0.391909
vt 0.468179 0.391869
vt 0.469812 0.391985
vt 0.470051 0.391950
vt 0.469575 0.392009
vt 0.469322 0.388112
vt 0.469517 0.388120
vt 0.469128 0.388101
vt 0.468935 0.388087
vt 0.468740 0.388070
vt 0.468544 0.388053
vt 0.469908 0.388129
vt 0.470106 0.388130
vt 0.469711 0.388127
vt 0.469499 0.384484
vt 0.469692 0.384495
vt 0.469306 0.384476
vt 0.469113 0.384469
vt 0.468920 0.384462
vt 0.468727 0.384457
vt 0.470078 0.384518
vt 0.470271 0.384532
vt 0.469884 0.384506
vt 0.469716 0.379966
vt 0.469911 0.379977
vt 0.469521 0.379957
vt 0.469326 0.379950
vt 0.469132 0.379943
vt 0.468938 0.379937
vt 0.470300 0.379999
vt 0.470494 0.380012
vt 0.470106 0.379987
vt 0.469987 0.374363
vt 0.470180 0.374361
vt 0.469793 0.374349
vt 0.469602 0.374323
vt 0.469410 0.374293
vt 0.469218 0.374273
vt 0.470567 0.374342
vt 0.470761 0.374347
vt 0.470374 0.374350
vt 0.030866 0.851956
vt 0.030866 0.826104
vt 0.042389 0.826043
vt 0.042389 0.851895
vt 0.053908 0.825701
vt 0.053908 0.851553
vt 0.065428 0.825420
vt 0.065428 0.851272
vt 0.076951 0.825481
vt 0.076951 0.851333
vt 0.007827 0.851333
vt 0.007827 0.825481
vt 0.019346 0.825823
vt 0.019346 0.851675
vt 0.567254 0.524389
vt 0.567259 0.512866
vt 0.593110 0.512740
vt 0.593105 0.524263
vt 0.567545 0.501346
vt 0.593396 0.501220
vt 0.567769 0.489825
vt 0.593621 0.489699
vt 0.567652 0.478302
vt 0.593504 0.478176
vt 0.567254 0.466785
vt 0.593105 0.466659
vt 0.567591 0.535908
vt 0.593442 0.535782
vt 0.786947 0.858696
vt 0.799739 0.854153
vt 0.799739 0.890206
vt 0.789572 0.876120
vt 0.771916 0.890431
vt 0.776609 0.877581
vt 0.751160 0.867622
vt 0.765209 0.865927
vt 0.755034 0.838941
vt 0.763449 0.851364
vt 0.064332 0.349096
vt 0.082647 0.349096
vt 0.096189 0.361428
vt 0.091414 0.373761
vt 0.073099 0.373761
vt 0.059557 0.361428
vt 0.776694 0.834211
vt 0.773934 0.847549
vt 0.884911 0.245959
vt 0.873716 0.232985
vt 0.872883 0.218605
vt 0.895928 0.238546
vt 0.861278 0.233557
vt 0.851222 0.223334
vt 0.862412 0.248591
vt 0.847349 0.252015
vt 0.869843 0.262341
vt 0.868105 0.274825
vt 0.326137 0.045380
vt 0.330912 0.033048
vt 0.349227 0.033048
vt 0.362768 0.045380
vt 0.357994 0.057713
vt 0.339678 0.057713
vt 0.882228 0.262222
vt 0.895928 0.274599
s 1
f 483/625/429 491/626/437 498/627/444 490/628/436
f 484/629/430 492/630/438 491/626/437 483/625/429
f 485/631/431 493/632/439 492/630/438 484/629/430
f 486/633/432 494/634/440 493/632/439 485/631/431
f 487/635/433 495/636/441 494/637/440 486/638/432
f 488/639/434 496/640/442 495/636/441 487/635/433
f 489/641/435 497/642/443 496/640/442 488/639/434
f 490/628/436 498/627/444 497/642/443 489/641/435
f 491/626/437 499/643/445 506/644/452 498/627/444
f 492/630/438 500/645/446 499/643/445 491/626/437
f 493/632/439 501/646/447 500/645/446 492/630/438
f 494/634/440 502/647/448 501/646/447 493/632/439
f 495/636/441 503/648/449 502/649/448 494/637/440
f 496/640/442 504/650/450 503/648/449 495/636/441
f 497/642/443 505/651/451 504/650/450 496/640/442
f 498/627/444 506/644/452 505/651/451 497/642/443
f 499/643/445 507/652/453 514/653/460 506/644/452
f 500/645/446 508/654/454 507/652/453 499/643/445
f 501/646/447 509/655/455 508/654/454 500/645/446
f 502/647/448 510/656/456 509/655/455 501/646/447
f 503/648/449 511/657/457 510/658/456 502/649/448
f 504/650/450 512/659/458 511/657/457 503/648/449
f 505/651/451 513/660/459 512/659/458 504/650/450
f 506/644/452 514/653/460 513/660/459 505/651/451
f 507/652/453 515/661/461 522/662/468 514/653/460
f 508/654/454 516/663/462 515/661/461 507/652/453
f 509/655/455 517/664/463 516/663/462 508/654/454
f 510/656/456 518/665/464 517/664/463 509/655/455
f 511/657/457 519/666/465 518/667/464 510/658/456
f 512/659/458 520/668/466 519/666/465 511/657/457
f 513/660/459 521/669/467 520/668/466 512/659/458
f 514/653/460 522/662/468 521/669/467 513/660/459
f 515/661/461 523/670/469 530/671/476 522/662/468
f 516/663/462 524/672/470 523/670/469 515/661/461
f 517/664/463 525/673/471 524/672/470 516/663/462
f 518/665/464 526/674/472 525/673/471 517/664/463
f 519/666/465 527/675/473 526/676/472 518/667/464
f 520/668/466 528/677/474 527/675/473 519/666/465
f 521/669/467 529/678/475 528/677/474 520/668/466
f 522/662/468 530/671/476 529/678/475 521/669/467
f 523/670/469 531/679/477 538/680/484 530/671/476
f 524/672/470 532/681/478 531/679/477 523/670/469
f 525/673/471 533/682/479 532/681/478 524/672/470
f 526/674/472 534/683/480 533/682/479 525/673/471
f 527/675/473 535/684/481 534/685/480 526/676/472
f 528/677/474 536/686/482 535/684/481 527/675/473
f 529/678/475 537/687/483 536/686/482 528/677/474
f 530/671/476 538/680/484 537/687/483 529/678/475
f 531/679/477 539/688/485 546/689/492 538/680/484
f 532/681/478 540/690/486 539/688/485 531/679/477
f 533/682/479 541/691/487 540/690/486 532/681/478
f 534/683/480 542/692/488 541/691/487 533/682/479
f 535/684/481 543/693/489 542/694/488 534/685/480
f 536/686/482 544/695/490 543/693/489 535/684/481
f 537/687/483 545/696/491 544/695/490 536/686/482
f 538/680/484 546/689/492 545/696/491 537/687/483
f 539/688/485 547/697/493 554/698/500 546/689/492
f 540/690/486 548/699/494 547/697/493 539/688/485
f 541/691/487 549/700/495 548/699/494 540/690/486
f 542/692/488 550/701/496 549/700/495 541/691/487
f 543/693/489 551/702/497 550/703/496 542/694/488
f 544/695/490 552/704/498 551/702/497 543/693/489
f 545/696/491 553/705/499 552/704/498 544/695/490
f 546/689/492 554/698/500 553/705/499 545/696/491
f 638/706/584 556/707/502 558/708/504 588/709/534
f 588/709/534 558/708/504 560/710/506 633/711/579
f 633/711/579 560/710/506 562/712/508 589/713/535
f 589/713/535 562/712/508 564/714/510 590/715/536
f 590/715/536 564/714/510 566/716/512 591/717/537
f 591/717/537 566/716/512 568/718/514 592/719/538
f 592/720/538 568/721/514 570/722/516 593/723/539
f 593/723/539 570/722/516 572/724/518 594/725/540
f 594/725/540 572/724/518 574/726/520 595/727/541
f 595/727/541 574/726/520 576/728/522 635/729/581
f 566/716/512 564/714/510 625/730/571 626/731/572
f 635/729/581 576/728/522 578/732/524 596/733/542
f 596/733/542 578/732/524 556/707/502 638/706/584
f 555/734/501 557/735/503 559/736/505 561/737/507 563/738/509 565/739/511 567/740/513 569/741/515 571/742/517 573/743/519 575/744/521 577/745/523
f 607/746/553 587/747/533 637/748/583 608/749/554
f 606/750/552 636/751/582 587/747/533 607/746/553
f 605/752/551 586/753/532 636/751/582 606/750/552
f 604/754/550 585/755/531 586/753/532 605/752/551
f 603/756/549 584/757/530 585/755/531 604/754/550
f 602/758/548 583/759/529 584/757/530 603/756/549
f 601/760/547 582/761/528 583/762/529 602/763/548
f 600/764/546 581/765/527 582/761/528 601/760/547
f 599/766/545 580/767/526 581/765/527 600/764/546
f 598/768/544 634/769/580 580/767/526 599/766/545
f 597/770/543 579/771/525 634/769/580 598/768/544
f 608/749/554 637/748/583 579/771/525 597/770/543
f 586/753/532 595/727/541 635/729/581 636/751/582
f 585/755/531 594/725/540 595/727/541 586/753/532
f 584/757/530 593/723/539 594/725/540 585/755/531
f 583/759/529 592/720/538 593/723/539 584/757/530
f 582/761/528 591/717/537 592/719/538 583/762/529
f 581/765/527 590/715/536 591/717/537 582/761/528
f 580/767/526 589/713/535 590/715/536 581/765/527
f 634/769/580 633/711/579 589/713/535 580/767/526
f 638/706/584 637/748/583 587/747/533 596/733/542
f 620/772/566 608/749/554 597/770/543 609/773/555
f 609/773/555 597/770/543 598/768/544 610/774/556
f 610/774/556 598/768/544 599/766/545 611/775/557
f 611/775/557 599/766/545 600/764/546 612/776/558
f 612/776/558 600/764/546 601/760/547 613/777/559
f 613/777/559 601/760/547 602/763/548 614/778/560
f 614/779/560 602/758/548 603/756/549 615/780/561
f 615/780/561 603/756/549 604/754/550 616/781/562
f 616/781/562 604/754/550 605/752/551 617/782/563
f 617/782/563 605/752/551 606/750/552 618/783/564
f 618/783/564 606/750/552 607/746/553 619/784/565
f 619/784/565 607/746/553 608/749/554 620/772/566
f 577/785/523 619/784/565 620/772/566 555/786/501
f 575/787/521 618/783/564 619/784/565 577/785/523
f 573/788/519 617/782/563 618/783/564 575/787/521
f 571/789/517 616/781/562 617/782/563 573/788/519
f 569/790/515 615/780/561 616/781/562 571/789/517
f 567/791/513 614/779/560 615/780/561 569/790/515
f 565/792/511 613/777/559 614/778/560 567/793/513
f 563/794/509 612/776/558 613/777/559 565/792/511
f 561/795/507 611/775/557 612/776/558 563/794/509
f 559/796/505 610/774/556 611/775/557 561/795/507
f 557/797/503 609/773/555 610/774/556 559/796/505
f 555/786/501 620/772/566 609/773/555 557/797/503
f 622/798/568 621/799/567 632/800/578 631/801/577 630/802/576 629/803/575 628/804/574 627/805/573 626/806/572 625/807/571 624/808/570 623/809/569
f 564/714/510 562/712/508 624/810/570 625/730/571
f 556/707/502 578/732/524 632/811/578 621/812/567
f 558/708/504 556/707/502 621/812/567 622/813/568
f 562/712/508 560/710/506 623/814/569 624/810/570
f 578/732/524 576/728/522 631/815/577 632/811/578
f 560/710/506 558/708/504 622/813/568 623/814/569
f 576/728/522 574/726/520 630/816/576 631/815/577
f 574/726/520 572/724/518 629/817/575 630/816/576
f 572/724/518 570/722/516 628/818/574 629/817/575
f 570/722/516 568/721/514 627/819/573 628/818/574
f 568/718/514 566/716/512 626/731/572 627/820/573
f 636/751/582 635/729/581 596/733/542 587/747/533
f 633/711/579 634/769/580 579/771/525 588/709/534
f 588/709/534 579/771/525 637/748/583 638/706/584
f 639/821/585 647/822/593 654/823/600 646/824/592
f 640/825/586 648/826/594 647/822/593 639/821/585
f 641/827/587 649/828/595 648/826/594 640/825/586
f 642/829/588 650/830/596 649/828/595 641/827/587
f 643/831/589 651/832/597 650/830/596 642/829/588
f 644/833/590 652/834/598 651/835/597 643/836/589
f 645/837/591 653/838/599 652/834/598 644/833/590
f 646/824/592 654/823/600 653/838/599 645/837/591
f 647/822/593 655/839/601 662/840/608 654/823/600
f 648/826/594 656/841/602 655/839/601 647/822/593
f 649/828/595 657/842/603 656/841/602 648/826/594
f 650/830/596 658/843/604 657/842/603 649/828/595
f 651/832/597 659/844/605 658/843/604 650/830/596
f 652/834/598 660/845/606 659/846/605 651/835/597
f 653/838/599 661/847/607 660/845/606 652/834/598
f 654/823/600 662/840/608 661/847/607 653/838/599
f 655/839/601 663/848/609 670/849/616 662/840/608
f 656/841/602 664/850/610 663/848/609 655/839/601
f 657/842/603 665/851/611 664/850/610 656/841/602
f 658/843/604 666/852/612 665/851/611 657/842/603
f 659/844/605 667/853/613 666/852/612 658/843/604
f 660/845/606 668/854/614 667/855/613 659/846/605
f 661/847/607 669/856/615 668/854/614 660/845/606
f 662/840/608 670/849/616 669/856/615 661/847/607
f 663/848/609 671/857/617 678/858/624 670/849/616
f 664/850/610 672/859/618 671/857/617 663/848/609
f 665/851/611 673/860/619 672/859/618 664/850/610
f 666/852/612 674/861/620 673/860/619 665/851/611
f 667/853/613 675/862/621 674/861/620 666/852/612
f 668/854/614 676/863/622 675/864/621 667/855/613
f 669/856/615 677/865/623 676/863/622 668/854/614
f 670/849/616 678/858/624 677/865/623 669/856/615
f 671/857/617 679/866/625 686/867/632 678/858/624
f 672/859/618 680/868/626 679/866/625 671/857/617
f 673/860/619 681/869/627 680/868/626 672/859/618
f 674/861/620 682/870/628 681/869/627 673/860/619
f 675/862/621 683/871/629 682/870/628 674/861/620
f 676/863/622 684/872/630 683/873/629 675/864/621
f 677/865/623 685/874/631 684/872/630 676/863/622
f 678/858/624 686/867/632 685/874/631 677/865/623
f 679/866/625 687/875/633 694/876/640 686/867/632
f 680/868/626 688/877/634 687/875/633 679/866/625
f 681/869/627 689/878/635 688/877/634 680/868/626
f 682/870/628 690/879/636 689/878/635 681/869/627
f 683/871/629 691/880/637 690/879/636 682/870/628
f 684/872/630 692/881/638 691/882/637 683/873/629
f 685/874/631 693/883/639 692/881/638 684/872/630
f 686/867/632 694/876/640 693/883/639 685/874/631
f 687/875/633 695/884/641 702/885/648 694/876/640
f 688/877/634 696/886/642 695/884/641 687/875/633
f 689/878/635 697/887/643 696/886/642 688/877/634
f 690/879/636 698/888/644 697/887/643 689/878/635
f 691/880/637 699/889/645 698/888/644 690/879/636
f 692/881/638 700/890/646 699/891/645 691/882/637
f 693/883/639 701/892/647 700/890/646 692/881/638
f 694/876/640 702/885/648 701/892/647 693/883/639
f 695/884/641 703/893/649 710/894/656 702/885/648
f 696/886/642 704/895/650 703/893/649 695/884/641
f 697/887/643 705/896/651 704/895/650 696/886/642
f 698/888/644 706/897/652 705/896/651 697/887/643
f 699/889/645 707/898/653 706/897/652 698/888/644
f 700/890/646 708/899/654 707/900/653 699/891/645
f 701/892/647 709/901/655 708/899/654 700/890/646
f 702/885/648 710/894/656 709/901/655 701/892/647
f 711/902/657 712/903/658 714/904/660 713/905/659
f 713/905/659 714/904/660 716/906/662 715/907/661
f 715/907/661 716/906/662 718/908/664 717/909/663
f 717/909/663 718/908/664 720/910/666 719/911/665
f 719/912/665 720/913/666 722/914/668 721/915/667
f 721/915/667 722/914/668 712/903/658 711/902/657
f 723/916/669 725/917/671 726/918/672 724/919/670
f 725/917/671 727/920/673 728/921/674 726/918/672
f 727/920/673 729/922/675 730/923/676 728/921/674
f 729/922/675 731/924/677 732/925/678 730/923/676
f 731/924/677 733/926/679 734/927/680 732/925/678
f 733/928/679 723/916/669 724/919/670 734/929/680
f 735/930/681 736/931/682 738/932/684 737/933/683
f 737/933/683 738/932/684 740/934/686 739/935/685
f 739/935/685 740/934/686 742/936/688 741/937/687
f 741/937/687 742/936/688 744/938/690 743/939/689
f 738/940/684 736/941/682 746/942/692 744/943/690 742/944/688 740/945/686
f 743/939/689 744/938/690 746/946/692 745/947/691
f 745/947/691 746/946/692 736/931/682 735/930/681
f 735/930/681 737/933/683 739/935/685 741/937/687 743/939/689 745/947/691
f 747/948/693 749/949/695 750/950/696 748/951/694
f 749/949/695 751/952/697 752/953/698 750/950/696
f 751/952/697 753/954/699 754/955/700 752/953/698
f 753/954/699 755/956/701 756/957/702 754/955/700
f 750/958/696 752/959/698 754/960/700 756/961/702 758/962/704 748/963/694
f 755/956/701 757/964/703 758/965/704 756/957/702
f 757/964/703 747/948/693 748/951/694 758/965/704
f 747/948/693 757/964/703 755/956/701 753/954/699 751/952/697 749/949/695
o Janking_Cream_Lid
v 1.854915 0.971717 -0.735446
v 2.031415 1.022023 -0.710469
v 2.158078 1.124444 -0.622304
v 2.200965 1.251536 -0.494575
v 2.148585 1.369246 -0.361506
v 2.014973 1.446033 -0.258753
v 1.835929 1.461323 -0.213849
v 1.659429 1.411017 -0.238826
v 1.532766 1.308596 -0.326991
v 1.489879 1.181504 -0.454720
v 1.542259 1.063794 -0.587789
v 1.675871 0.987007 -0.690542
v 1.854848 0.044274 -0.710032
v 1.854848 0.979362 -0.736963
v 2.020292 0.044274 -0.665701
v 2.033757 0.979362 -0.689025
v 2.141405 0.044274 -0.544588
v 2.164728 0.979362 -0.558054
v 2.185735 0.044274 -0.379144
v 2.212667 0.979362 -0.379144
v 2.141405 0.044274 -0.213701
v 2.164728 0.979362 -0.200235
v 2.020292 0.044274 -0.092588
v 2.033757 0.979362 -0.069264
v 1.854848 0.044274 -0.048258
v 1.854848 0.979362 -0.021326
v 1.689404 0.044274 -0.092588
v 1.675939 0.979362 -0.069264
v 1.568291 0.044274 -0.213701
v 1.544968 0.979362 -0.200235
v 1.523961 0.044274 -0.379145
v 1.497029 0.979362 -0.379144
v 1.568291 0.044274 -0.544588
v 1.544968 0.979362 -0.558054
v 1.689404 0.044274 -0.665701
v 1.675939 0.979362 -0.689025
v 1.854848 0.078287 -0.710032
v 1.854848 0.942581 -0.736963
v 2.033757 0.942581 -0.689025
v 2.020292 0.078287 -0.665701
v 2.164728 0.942581 -0.558054
v 2.141405 0.078287 -0.544588
v 2.212667 0.942581 -0.379144
v 2.185735 0.078287 -0.379145
v 2.164728 0.942581 -0.200235
v 2.141405 0.078287 -0.213701
v 2.033757 0.942581 -0.069264
v 2.020292 0.078287 -0.092588
v 1.854848 0.942581 -0.021326
v 1.854848 0.078287 -0.048258
v 1.675939 0.942581 -0.069264
v 1.689404 0.078287 -0.092588
v 1.544968 0.942581 -0.200235
v 1.568291 0.078287 -0.213701
v 1.497029 0.942581 -0.379144
v 1.523961 0.078287 -0.379145
v 1.544968 0.942581 -0.558054
v 1.568291 0.078287 -0.544588
v 1.675939 0.942581 -0.689025
v 1.689404 0.078287 -0.665701
v 1.854848 0.044274 -0.717253
v 2.023902 0.044274 -0.671955
v 2.037662 0.979362 -0.695787
v 1.854848 0.979362 -0.744772
v 1.854848 0.942581 -0.744772
v 2.023902 0.078287 -0.671955
v 2.147658 0.044274 -0.548199
v 2.171491 0.979362 -0.561958
v 2.147658 0.078287 -0.548199
v 2.192956 0.044274 -0.379145
v 2.220476 0.979362 -0.379144
v 2.192956 0.078287 -0.379144
v 2.147658 0.044274 -0.210091
v 2.171491 0.979362 -0.196331
v 2.147658 0.078287 -0.210091
v 2.023902 0.044274 -0.086334
v 2.037662 0.979362 -0.062502
v 2.023902 0.078287 -0.086334
v 1.854848 0.044274 -0.041036
v 1.854848 0.979362 -0.013517
v 1.854848 0.078287 -0.041036
v 1.685794 0.044274 -0.086334
v 1.672034 0.979362 -0.062502
v 1.685794 0.078287 -0.086334
v 1.562038 0.044274 -0.210090
v 1.538205 0.979362 -0.196331
v 1.562038 0.078287 -0.210091
v 1.516740 0.044274 -0.379145
v 1.489220 0.979362 -0.379145
v 1.516740 0.078287 -0.379145
v 1.562038 0.044274 -0.548199
v 1.538205 0.979362 -0.561958
v 1.562038 0.078287 -0.548199
v 1.685794 0.044274 -0.671955
v 1.672034 0.979362 -0.695787
v 1.685794 0.078287 -0.671955
v 1.854848 0.078287 -0.717253
v 2.037662 0.942581 -0.695787
v 2.171491 0.942581 -0.561958
v 2.220476 0.942581 -0.379144
v 2.171491 0.942581 -0.196331
v 2.037662 0.942581 -0.062502
v 1.854848 0.942581 -0.013517
v 1.672034 0.942581 -0.062502
v 1.538205 0.942581 -0.196331
v 1.489220 0.942581 -0.379145
v 1.538205 0.942581 -0.561958
v 1.672034 0.942581 -0.695787
vn -0.1094 0.7227 -0.6824
vn -0.0000 -1.0000 -0.0000
vn -0.0000 1.0000 -0.0000
vn -0.4916 -0.0311 -0.8703
vn -0.5170 -0.0311 -0.8554
vn 0.0089 -0.0311 -0.9995
vn -0.0041 -0.0311 -0.9995
vn -0.8530 -0.0311 -0.5210
vn -0.8856 -0.0311 -0.4634
vn -0.9987 -0.0311 -0.0403
vn -0.9985 -0.0311 0.0454
vn -0.8877 -0.0311 0.4594
vn -0.8487 -0.0311 0.5279
vn -0.5286 -0.0311 0.8483
vn -0.4853 -0.0311 0.8738
vn -0.0086 -0.0311 0.9995
vn 0.0036 -0.0311 0.9995
vn 0.5163 -0.0311 0.8558
vn 0.4925 -0.0311 0.8698
vn 0.8852 -0.0311 0.4642
vn 0.8540 -0.0311 0.5193
vn 0.9985 -0.0311 -0.0458
vn 0.9988 -0.0311 0.0390
vn 0.8478 -0.0311 -0.5294
vn 0.8878 -0.0311 -0.4591
vn 0.4837 -0.0311 -0.8747
vn 0.5295 -0.0311 -0.8477
vn -0.0038 -0.0000 -1.0000
vn 0.0088 -0.0000 -1.0000
vn 0.5293 -0.0000 -0.8484
vn 0.4847 -0.0000 -0.8747
vn 0.8882 -0.0000 -0.4594
vn 0.8487 -0.0000 -0.5289
vn 0.9992 -0.0000 0.0397
vn 0.9990 -0.0000 -0.0457
vn 0.8539 -0.0000 0.5204
vn 0.8858 -0.0000 0.4640
vn 0.4923 -0.0000 0.8704
vn 0.5169 -0.0000 0.8560
vn 0.0038 -0.0000 1.0000
vn -0.0088 -0.0000 1.0000
vn -0.4847 -0.0000 0.8747
vn -0.5293 -0.0000 0.8484
vn -0.8487 -0.0000 0.5289
vn -0.8882 -0.0000 0.4594
vn -0.9990 -0.0000 0.0457
vn -0.9992 -0.0000 -0.0397
vn -0.8858 -0.0000 -0.4640
vn -0.8539 -0.0000 -0.5204
vn -0.5169 -0.0000 -0.8560
vn -0.4923 -0.0000 -0.8704
vt 0.558136 0.010234
vt 0.580633 0.023223
vt 0.593621 0.045719
vt 0.593621 0.071696
vt 0.580633 0.094193
vt 0.558136 0.107182
vt 0.532159 0.107182
vt 0.509662 0.094193
vt 0.496674 0.071696
vt 0.496674 0.045719
vt 0.509662 0.023223
vt 0.532159 0.010234
vt 0.640560 0.803378
vt 0.617342 0.798537
vt 0.618148 0.794416
vt 0.641576 0.799874
vt 0.461006 0.922993
vt 0.481653 0.912647
vt 0.482805 0.915328
vt 0.461007 0.923899
vt 0.680423 0.920919
vt 0.659363 0.914477
vt 0.660404 0.911310
vt 0.681223 0.918134
vt 0.449247 0.810710
vt 0.474233 0.805788
vt 0.474955 0.808536
vt 0.449238 0.811690
vt 0.619749 0.884546
vt 0.642664 0.891720
vt 0.641590 0.895581
vt 0.619217 0.888586
vt 0.542633 0.784883
vt 0.567683 0.780709
vt 0.567935 0.783518
vt 0.543058 0.787270
vt 0.501650 0.815224
vt 0.476451 0.819371
vt 0.476155 0.815927
vt 0.500444 0.810634
vt 0.484984 0.924308
vt 0.461773 0.928907
vt 0.461419 0.928067
vt 0.484412 0.921904
vt 0.662595 0.810410
vt 0.663771 0.806810
vt 0.570329 0.901251
vt 0.547739 0.905114
vt 0.546940 0.901929
vt 0.569996 0.897935
vt 0.502041 0.902468
vt 0.503639 0.906461
vt 0.643727 0.787765
vt 0.666173 0.794743
vt 0.665131 0.798047
vt 0.642840 0.791137
vt 0.837579 0.042826
vt 0.848342 0.021801
vt 0.866984 0.009380
vt 0.888509 0.008892
vt 0.907151 0.020468
vt 0.917914 0.041006
vt 0.917914 0.065003
vt 0.907151 0.086028
vt 0.888509 0.098449
vt 0.866984 0.098937
vt 0.848342 0.087361
vt 0.837579 0.066823
vt 0.663357 0.899701
vt 0.661942 0.903454
vt 0.705793 0.914134
vt 0.712302 0.821475
vt 0.738506 0.816644
vt 0.727838 0.922916
vt 0.524138 0.807403
vt 0.522551 0.803384
vt 0.684849 0.906304
vt 0.685908 0.819438
vt 0.638902 0.908002
vt 0.639911 0.904481
vt 0.686692 0.815333
vt 0.519561 0.791414
vt 0.520660 0.794677
vt 0.523556 0.895076
vt 0.524540 0.899486
vt 0.594406 0.883566
vt 0.593099 0.795228
vt 0.683309 0.910559
vt 0.569393 0.885204
vt 0.568714 0.794100
vt 0.526855 0.911138
vt 0.525790 0.907730
vt 0.545188 0.889449
vt 0.544733 0.798758
vt 0.543280 0.794981
vt 0.619771 0.782359
vt 0.619276 0.785591
vt 0.712273 0.818215
vt 0.545753 0.892954
vt 0.450046 0.817102
vt 0.449672 0.816192
vt 0.498507 0.802009
vt 0.568331 0.791118
vt 0.593854 0.782693
vt 0.593540 0.791247
vt 0.687954 0.805479
vt 0.712848 0.810229
vt 0.739278 0.811206
vt 0.738869 0.815727
vt 0.703609 0.923678
vt 0.704581 0.916986
vt 0.727995 0.923836
vt 0.727619 0.928058
vt 0.617969 0.898786
vt 0.594262 0.897251
vt 0.594345 0.887653
vt 0.569847 0.888996
vt 0.505523 0.914768
vt 0.688921 0.801741
vt 0.594044 0.900462
vt 0.593955 0.779776
vt 0.506531 0.917996
vt 0.703236 0.926031
vt 0.497405 0.798899
vt 0.713349 0.807263
vt 0.617285 0.902923
vt 0.727272 0.928907
vt 0.739126 0.810235
vt 0.023767 0.727253
vt 0.046504 0.715614
vt 0.072454 0.715614
vt 0.094663 0.727253
vt 0.107182 0.747412
vt 0.106654 0.770690
vt 0.093222 0.790849
vt 0.070486 0.802488
vt 0.044536 0.802488
vt 0.022326 0.790849
vt 0.009808 0.770690
vt 0.010336 0.747412
s 1
f 760/966/705 759/967/705 770/968/705 769/969/705 768/970/705 767/971/705 766/972/705 765/973/705 764/974/705 763/975/705 762/976/705 761/977/705
f 811/978/706 809/979/706 862/980/706 863/981/706
f 795/982/707 798/983/707 824/984/707 855/985/707
f 791/986/706 789/987/706 846/988/706 849/989/706
f 772/990/707 774/991/707 821/992/707 822/993/707
f 810/994/707 812/995/707 845/996/707 842/997/707
f 780/998/707 782/999/707 835/1000/707 832/1001/707
f 799/1002/706 797/1003/706 856/1004/706 857/1005/706
f 773/1006/706 771/1007/706 819/1008/706 820/1009/706
f 813/1010/706 811/978/706 863/981/706 864/1011/706
f 781/1012/706 779/1013/706 831/1014/706 834/1015/706
f 798/983/707 800/1016/707 827/1017/707 824/984/707
f 788/1018/707 790/1019/707 847/1020/707 844/1021/707
f 771/1022/706 773/1023/706 775/1024/706 777/1025/706 779/1026/706 781/1027/706 783/1028/706 785/1029/706 787/1030/706 789/1031/706 791/1032/706 793/1033/706
f 812/995/707 814/1034/707 848/1035/707 845/996/707
f 818/1036/708 817/1037/709 796/1038/710 795/1039/711
f 801/1040/706 799/1002/706 857/1005/706 858/1041/706
f 816/1042/712 815/1043/713 817/1037/709 818/1036/708
f 789/987/706 787/1044/706 843/1045/706 846/988/706
f 814/1034/714 813/1010/715 815/1043/713 816/1042/712
f 815/1043/706 813/1010/706 864/1011/706 865/1046/706
f 812/995/716 811/978/717 813/1010/715 814/1034/714
f 778/1047/707 780/998/707 832/1001/707 829/1048/707
f 810/994/718 809/979/719 811/978/717 812/995/716
f 800/1016/707 802/1049/707 830/1050/707 827/1017/707
f 808/1051/720 807/1052/721 809/979/719 810/994/718
f 814/1034/707 816/1042/707 851/1053/707 848/1035/707
f 806/1054/722 805/1055/723 807/1052/721 808/1051/720
f 779/1013/706 777/1056/706 828/1057/706 831/1014/706
f 804/1058/724 803/1059/725 805/1055/723 806/1054/722
f 803/1059/706 801/1040/706 858/1041/706 859/1060/706
f 802/1049/726 801/1040/727 803/1059/725 804/1058/724
f 786/1061/707 788/1018/707 844/1021/707 841/1062/707
f 800/1016/728 799/1002/729 801/1040/727 802/1049/726
f 817/1037/706 815/1043/706 865/1046/706 866/1063/706
f 798/983/730 797/1003/731 799/1002/729 800/1016/728
f 802/1049/707 804/1058/707 833/1064/707 830/1050/707
f 795/982/711 796/1065/710 797/1003/731 798/983/730
f 823/1066/732 822/993/733 821/992/734 856/1004/735
f 856/1004/735 821/992/734 826/1067/736 857/1005/737
f 857/1005/737 826/1067/736 829/1048/738 858/1041/739
f 858/1041/739 829/1048/738 832/1001/740 859/1060/741
f 859/1060/741 832/1001/740 835/1000/742 860/1068/743
f 860/1068/743 835/1000/742 838/1069/744 861/1070/745
f 861/1070/745 838/1069/744 841/1062/746 862/980/747
f 862/980/747 841/1062/746 844/1021/748 863/981/749
f 863/981/749 844/1021/748 847/1020/750 864/1011/751
f 864/1011/751 847/1020/750 850/1071/752 865/1046/753
f 865/1046/753 850/1071/752 853/1072/754 866/1063/755
f 866/1063/755 853/1072/754 822/1073/733 823/1074/732
f 852/1075/755 854/1076/754 855/1077/733 819/1078/732
f 849/989/753 851/1053/752 854/1076/754 852/1075/755
f 846/988/751 848/1035/750 851/1053/752 849/989/753
f 843/1045/749 845/996/748 848/1035/750 846/988/751
f 840/1079/747 842/997/746 845/996/748 843/1045/749
f 837/1080/745 839/1081/744 842/997/746 840/1079/747
f 834/1015/743 836/1082/742 839/1081/744 837/1080/745
f 831/1014/741 833/1064/740 836/1082/742 834/1015/743
f 828/1057/739 830/1050/738 833/1064/740 831/1014/741
f 825/1083/737 827/1017/736 830/1050/738 828/1057/739
f 820/1009/735 824/984/734 827/1017/736 825/1083/737
f 819/1008/732 855/985/733 824/984/734 820/1009/735
f 790/1019/707 792/1084/707 850/1071/707 847/1020/707
f 797/1003/706 796/1065/706 823/1066/706 856/1004/706
f 783/1085/706 781/1012/706 834/1015/706 837/1080/706
f 808/1051/707 810/994/707 842/997/707 839/1081/707
f 782/999/707 784/1086/707 838/1069/707 835/1000/707
f 809/979/706 807/1052/706 861/1070/706 862/980/706
f 775/1087/706 773/1006/706 820/1009/706 825/1083/706
f 793/1088/706 791/986/706 849/989/706 852/1075/706
f 806/1054/707 808/1051/707 839/1081/707 836/1082/707
f 774/991/707 776/1089/707 826/1067/707 821/992/707
f 792/1084/707 794/1090/707 853/1072/707 850/1071/707
f 785/1091/706 783/1085/706 837/1080/706 840/1079/706
f 807/1052/706 805/1055/706 860/1068/706 861/1070/706
f 818/1036/707 795/1039/707 855/1077/707 854/1076/707
f 784/1086/707 786/1061/707 841/1062/707 838/1069/707
f 804/1058/707 806/1054/707 836/1082/707 833/1064/707
f 777/1056/706 775/1087/706 825/1083/706 828/1057/706
f 771/1092/706 793/1088/706 852/1075/706 819/1078/706
f 796/1038/706 817/1037/706 866/1063/706 823/1074/706
f 805/1055/706 803/1059/706 859/1060/706 860/1068/706
f 776/1089/707 778/1047/707 829/1048/707 826/1067/707
f 794/1090/707 772/1093/707 822/1073/707 853/1072/707
f 816/1042/707 818/1036/707 854/1076/707 851/1053/707
f 787/1044/706 785/1091/706 840/1079/706 843/1045/706
f 774/1094/707 772/1095/707 794/1096/707 792/1097/707 790/1098/707 788/1099/707 786/1100/707 784/1101/707 782/1102/707 780/1103/707 778/1104/707 776/1105/707
